07:58:06,0,-31.981047,115.819534,250000,5,916040000,7,13,-83,-130,10.25,0.000000,0.000000
07:58:08,1,-31.981047,115.819542,250000,5,916040000,7,13,-83,-130,10.00,0.000000,0.000000
07:58:09,2,-31.981043,115.819542,250000,5,916040000,7,13,-86,-130,9.25,0.000000,0.000000
07:58:11,3,-31.981071,115.819527,250000,5,916040000,7,13,-90,-110,10.00,0.000000,0.000000
07:58:12,4,-31.981077,115.819519,250000,5,916040000,7,13,-82,-110,10.25,0.000000,0.000000
07:58:14,5,-31.981058,115.819504,250000,5,916040000,7,13,-103,-130,6.50,0.000000,0.000000
07:58:14,6,-31.981056,115.819473,250000,5,916040000,7,13,-91,-110,9.75,0.000000,0.000000
07:58:17,7,-31.981066,115.819466,250000,5,916040000,7,13,-87,-130,10.25,0.000000,0.000000
07:58:18,8,-31.981058,115.819466,250000,5,916040000,7,13,-98,-132,8.75,0.000000,0.000000
07:58:20,9,-31.981058,115.819466,250000,5,916040000,7,13,-82,-110,10.25,0.000000,0.000000
07:58:21,10,-31.981035,115.819473,250000,5,916040000,7,13,-87,-114,9.50,0.000000,0.000000
07:58:23,11,-31.981035,115.819473,250000,5,916040000,7,13,-92,-130,9.00,0.000000,0.000000
07:58:24,12,-31.981033,115.819458,250000,5,916040000,7,13,-84,-130,10.75,0.000000,0.000000
07:58:26,13,-31.981033,115.819458,250000,5,916040000,7,13,-103,-113,7.75,0.000000,0.000000
07:58:27,14,-31.981026,115.819443,250000,5,916040000,7,13,-93,-114,9.00,0.000000,0.000000
07:58:29,15,-31.981026,115.819443,250000,5,916040000,7,13,-92,-111,9.25,0.000000,0.000000
07:58:30,16,-31.981028,115.819412,250000,5,916040000,7,13,-97,-130,8.00,0.000000,0.000000
07:58:32,17,-31.981030,115.819397,250000,5,916040000,7,13,-98,-110,8.75,0.000000,0.000000
07:58:34,18,-31.981020,115.819366,250000,5,916040000,7,13,-108,-130,4.75,0.000000,0.000000
07:58:35,19,-31.981010,115.819344,250000,5,916040000,7,13,-102,-130,8.50,0.000000,0.000000
07:58:37,20,-31.981003,115.819313,250000,5,916040000,7,13,-109,-130,3.75,0.000000,0.000000
07:58:37,21,-31.980991,115.819290,250000,5,916040000,7,13,-96,-130,9.00,0.000000,0.000000
07:58:40,22,-31.980978,115.819260,250000,5,916040000,7,13,-109,-130,4.75,0.000000,0.000000
07:58:40,23,-31.980970,115.819244,250000,5,916040000,7,13,-99,-131,8.25,0.000000,0.000000
07:58:43,24,-31.980968,115.819221,250000,5,916040000,7,13,-98,-110,8.50,0.000000,0.000000
07:58:43,25,-31.980968,115.819206,250000,5,916040000,7,13,-102,-111,8.00,0.000000,0.000000
07:58:46,26,-31.980968,115.819206,250000,5,916040000,7,13,-104,-130,8.00,0.000000,0.000000
07:58:47,27,-31.980968,115.819176,250000,5,916040000,7,13,-104,-113,7.75,0.000000,0.000000
07:58:49,28,-31.980968,115.819176,250000,5,916040000,7,13,-102,-109,7.50,0.000000,0.000000
07:58:50,29,-31.980976,115.819153,250000,5,916040000,7,13,-102,-129,8.00,0.000000,0.000000
07:58:52,30,-31.980976,115.819153,250000,5,916040000,7,13,-104,-130,7.50,0.000000,0.000000
07:58:53,31,-31.980972,115.819138,250000,5,916040000,7,13,-110,-111,3.75,0.000000,0.000000
07:58:55,32,-31.980972,115.819138,250000,5,916040000,7,13,-103,-116,7.25,0.000000,0.000000
07:58:56,33,-31.980965,115.819099,250000,5,916040000,7,13,-110,-114,2.75,0.000000,0.000000
07:58:58,34,-31.980965,115.819099,250000,5,916040000,7,13,-110,-130,3.75,0.000000,0.000000
07:58:59,35,-31.980995,1â¸®5.819054,250000,5,916040000,7,13,-106,-131,3.25,0.000000,0.000000
07:59:01,36,-31.980989,115.819038,250000,5,916040000,7,13,-107,-130,5.25,0.000000,0.000000
07:59:03,37,-31.980980,115.819008,250000,5,916040000,7,13,-105,-110,6.75,0.000000,0.000000
07:59:04,38,-31.980982,115.818993,250000,5,916040000,7,13,-113,-130,0.25,0.000000,0.000000
07:59:05,39,-31.980972,115.818924,250000,5,916040000,7,13,-106,-113,6.50,0.000000,0.000000
07:59:06,40,-31.980972,1â¸®5.81889;,250000,5,916040000,7,13,-109,-130,2.25,0.000000,0.000000
07:59:09,41,-31.980972,115.818878,250000,5,916040000,7,13,-107,-130,5.25,0.000000,0.000000
07:59:10,42,-31.980978,115.818855,250000,5,916040000,7,13,-111,-118,2.25,0.000000,0.000000
07:59:12,43,-31.980995,115.818855,250000,5,916040000,7,13,-113,-115,0.25,0.000000,0.000000
07:59:12,44,-31.981001,115.818832,250000,5,916040000,7,13,-111,-128,3.25,0.000000,0.000000
07:59:15,45,-31.981001,115.818832,250000,5,916040000,7,13,-103,-129,7.75,0.000000,0.000000
07:59:16,46,-31.980978,115.818817,250000,5,916040000,7,13,-106,-112,6.75,0.000000,0.000000
07:59:18,47,-31.980978,115.818817,250000,5,916040000,7,13,-105,-124,6.50,0.000000,0.000000
07:59:18,48,-31.980955,115.818810,250000,5,916040000,7,13,-112,-129,0.50,0.000000,0.000000
07:59:21,49,-31.980955,115.818810,250000,5,916040000,7,13,-107,-110,6.00,0.000000,0.000000
07:59:22,50,-31.980925,115.818794,250000,5,916040000,7,13,-107,-128,5.75,0.000000,0.000000
07:59:24,51,-31.980925,115.818794,250000,5,916040000,7,13,-107,-116,6.00,0.000000,0.000000
07:59:25,52,-31.980900,115.818787,250000,5,916040000,7,13,-105,-112,7.00,0.000000,0.000000
07:59:27,53,-31.980900,115.818787,250000,5,916040000,7,13,-113,-112,1.00,0.000000,0.000000
07:59:29,54,-31.980862,115.818787,250000,5,916040000,7,13,-109,-128,4.50,0.000000,0.000000
07:59:30,55,-31.980844,115.818787,250000,5,916040000,7,13,-108,-112,5.50,0.000000,0.000000
07:59:32,56,-31.980822,115.818779,250000,5,916040000,7,13,-106,-108,6.75,0.000000,0.000000
07:59:32,57,-31.980810,115.818779,250000,5,916040000,7,13,-108,-108,5.00,0.000000,0.000000
07:59:35,58,-31.980789,115.818779,250000,5,916040000,7,13,-108,-112,5.25,0.000000,0.000000
07:59:36,59,-31.980785,115.818779,250000,5,916040000,7,13,-109,-110,4.00,0.000000,0.000000
07:59:38,60,-31.980762,115.818779,250000,5,916040000,7,13,-105,-110,7.25,0.000000,0.000000
07:59:38,61,-31.980740,115.818779,250000,5,916040000,7,13,-109,-109,4.00,0.000000,0.000000
07:59:41,62,-31.980728,115.818779,250000,5,916040000,7,13,-104,-116,7.50,0.000000,0.000000
07:59:42,63,-31.980709,115.818779,250000,5,916040000,7,13,-103,-108,7.25,0.000000,0.000000
07:59:44,64,-31.980709,115.818779,250000,5,916040000,7,13,-96,-130,9.25,0.000000,0.000000
07:59:45,65,-31.980690,115.818787,250000,5,916040000,7,13,-110,-113,3.25,0.000000,0.000000
07:59:47,66,-31.980690,115.818787,250000,5,916040000,7,13,-98,-130,9.00,0.000000,0.000000
07:59:48,67,-31.980696,115.818825,250000,5,916040000,7,13,-103,-116,7.25,0.000000,0.000000
07:59:50,68,-31.980696,115.818825,250000,5,916040000,7,13,-105,-130,6.75,0.000000,0.000000
07:59:51,69,-31.980700,115.818863,250000,5,916040000,7,13,-107,-130,6.00,0.000000,0.000000
07:59:53,70,-31.980700,115.818863,250000,5,916040000,7,13,-107,-116,6.25,0.000000,0.000000
07:59:55,71,-31.980686,115.818886,250000,5,916040000,7,13,-104,-114,7.25,0.000000,0.000000
07:59:56,72,-31.980677,115.818901,250000,5,916040000,7,13,-97,-124,9.00,0.000000,0.000000
07:59:58,73,-31.980669,115.818924,250000,5,916040000,7,13,-101,-109,8.25,0.000000,0.000000
07:59:58,74,-31.980667,115.818932,250000,5,916040000,7,13,-98,-111,8.00,0.000000,0.000000
08:00:01,75,-31.980658,115.818954,250000,5,916040000,7,13,-97,-114,8.50,0.000000,0.000000
08:00:01,76,-31.980654,115.818962,250000,5,916040000,7,13,-102,-130,7.75,0.000000,0.000000
08:00:04,77,-31.980650,115.818993,250000,5,916040000,7,13,-99,-130,8.75,0.000000,0.000000
08:00:04,78,-31.980642,115.819031,250000,5,916040000,7,13,-104,-130,7.75,0.000000,0.000000
08:00:07,79,-31.980640,115.819046,250000,5,916040000,7,13,-91,-131,9.50,0.000000,0.000000
08:00:07,80,-31.980639,115.819077,250000,5,916040000,7,13,-102,-111,8.00,0.000000,0.000000
08:00:10,81,-31.980637,11=.819084,250000,5,916040000,7,13,-109,-112,3.25,0.000000,0.000000
08:00:11,82,-31.980627,115.819115,250000,5,916040000,7,13,-93,-131,9.25,0.000000,0.000000
08:00:13,83,-31.980627,115.819115,250000,5,916040000,7,13,-93,-130,9.25,0.000000,0.000000
08:00:14,84,-31.980629,115.819153,250000,5,916040000,7,13,-93,-130,9.50,0.000000,0.000000
08:00:16,85,-31.980629,115.819153,250000,5,916040000,7,13,-90,-130,10.25,0.000000,0.000000
08:00:17,86,-31.980621,115.819191,250000,5,916040000,7,13,-83,-112,10.50,0.000000,0.000000
08:00:19,87,-31.980621,115.819191,250000,5,916040000,7,13,-84,-130,10.25,0.000000,0.000000
08:00:20,88,-31.980619,115.819229,250000,5,916040000,7,13,-79,-132,10.00,0.000000,0.000000
08:00:22,89,-31.980618,115.819244,250000,5,916040000,7,13,-80,-108,10.00,0.000000,0.000000
08:00:23,90,-31.980606,115.819260,250000,5,916040000,7,13,-83,-112,10.00,0.000000,0.000000
08:00:25,91,-31.980606,115.819275,250000,5,916040000,7,13,-79,-108,10.00,0.000000,0.000000
08:00:27,92,-31.980597,115.819321,250000,5,916040000,7,13,-92,-130,9.50,0.000000,0.000000
08:00:27,93,-31.980589,115.819336,250000,5,916040000,7,13,-80,-130,9.75,0.000000,0.000000
08:00:29,94,-31.980577,115.819359,250000,5,916040000,7,13,-81,-110,10.25,0.000000,0.000000
08:00:30,95,-31.980572,115.819374,250000,5,916040000,7,13,-86,-130,9.50,0.000000,0.000000
08:00:33,96,-31.980560,115.819405,250000,5,916040000,7,13,-88,-128,9.75,0.000000,0.000000
08:00:33,97,-31.980545,115.819435,250000,5,916040000,7,13,-106,-130,6.00,0.000000,0.000000
08:00:36,98,-31.980539,115.819450,250000,5,916040000,7,13,-85,-130,10.25,0.000000,0.000000
08:00:36,99,-31.980518,115.819481,250000,5,916040000,7,13,-87,-130,9.75,0.000000,0.000000
08:00:39,100,-31.980509,115.819496,250000,5,916040000,7,13,-88,-110,10.00,0.000000,0.000000
08:00:40,101,-31.980497,115.819527,250000,5,916040000,7,13,-87,-131,10.00,0.000000,0.000000
08:00:42,102,-31.980497,115.819527,250000,5,916040000,7,13,-93,-129,9.75,0.000000,0.000000
08:00:42,103,-31.980474,115.819557,250000,5,916040000,7,13,-86,-130,9.50,0.000000,0.000000
08:00:45,104,-31.980474,115.819557,250000,5,916040000,7,13,-87,-110,10.00,0.000000,0.000000
08:00:46,105,-31.980448,115.819580,250000,5,916040000,7,13,-89,-112,10.00,0.000000,0.000000
08:00:48,106,-31.980448,115.819580,250000,5,916040000,7,13,-87,-130,10.00,0.000000,0.000000
08:00:50,107,-31.980415,115.819603,250000,5,916040000,7,13,-92,-130,9.50,0.000000,0.000000
08:00:51,108,-31.980406,115.819603,250000,5,916040000,7,13,-96,-109,9.00,0.000000,0.000000
08:00:53,109,-31.980381,115.819633,250000,5,916040000,7,13,-91,-131,10.00,0.000000,0.000000
08:00:54,110,-31.980370,115.819641,250000,5,916040000,7,13,-103,-123,8.00,0.000000,0.000000
08:00:56,111,-31.980347,115.819664,250000,5,916040000,7,13,-90,-130,10.00,0.000000,0.000000
08:00:56,112,-31.980335,115.819672,250000,5,916040000,7,13,-107,-130,4.75,0.000000,0.000000
08:00:59,113,-31.980314,115.819695,250000,5,916040000,7,13,-97,-116,8.75,0.000000,0.000000
08:00:59,114,-31.980286,115.819717,250000,5,916040000,7,13,-88,-131,9.75,0.000000,0.000000
08:01:02,115,-31.980272,115.819733,250000,5,916040000,7,13,-103,-112,7.25,0.000000,0.000000
08:01:03,116,-31.980249,115.819763,250000,5,916040000,7,13,-93,-130,9.50,0.000000,0.000000
08:01:05,117,-31.980242,115.819778,250000,5,916040000,7,13,-93,-132,9.50,0.000000,0.000000
08:01:06,118,-31.980217,115.819809,250000,5,916040000,7,13,-92,-112,9.50,0.000000,0.000000
08:01:08,119,-31.980217,115.819809,250000,5,916040000,7,13,-98,-130,8.25,0.000000,0.000000
08:01:09,120,-31.980173,115.819847,250000,5,916040000,7,13,-100,-130,8.25,0.000000,0.000000
08:01:11,121,-31.980173,115.819847,250000,5,916040000,7,13,-95,-130,9.25,0.000000,0.000000
08:01:12,122,-31.980143,115.819885,250000,5,916040000,7,13,-104,-131,7.75,0.000000,0.000000
08:01:14,123,-31.980131,115.819893,250000,5,916040000,7,13,-95,-131,9.00,0.000000,0.000000
08:01:16,124,-31.980110,115.819916,250000,5,916040000,7,13,-100,-109,8.25,0.000000,0.000000
08:01:16,125,-31.980101,115.819931,250000,5,916040000,7,13,-95,-131,9.00,0.000000,0.000000
08:01:19,126,-31.980074,115.819946,250000,5,916040000,7,13,-88,-130,10.00,0.000000,0.000000
08:01:19,127,-31.980059,115.819954,250000,5,916040000,7,13,-95,-130,9.25,0.000000,0.000000
08:01:22,128,-31.980030,115.819962,250000,5,916040000,7,13,-89,-112,10.00,0.000000,0.000000
08:01:23,129,-31.980007,115.819962,250000,5,916040000,7,13,-96,-130,8.50,0.000000,0.000000
08:01:25,130,-31.980000,115.819954,250000,5,916040000,7,13,-102,-131,8.25,0.000000,0.000000
08:01:26,131,-31.979977,115.819954,250000,5,916040000,7,13,-93,-131,9.50,0.000000,0.000000
08:01:28,132,-31.979969,115.819954,250000,5,916040000,7,13,-100,-112,8.25,0.000000,0.000000
08:01:29,133,-31.979950,115.819954,250000,5,916040000,7,13,-100,-128,8.75,0.000000,0.000000
08:01:31,134,-31.979950,115.819954,250000,5,916040000,7,13,-98,-128,8.50,0.000000,0.000000
08:01:32,135,-31.979918,115.819962,250000,5,916040000,7,13,-91,-128,10.00,0.000000,0.000000
08:01:34,136,-31.979918,115.819962,250000,5,916040000,7,13,-94,-129,8.75,0.000000,0.000000
08:01:35,137,-31.979877,115.819969,250000,5,916040000,7,13,-97,-129,9.00,0.000000,0.000000
08:01:37,138,-31.979877,115.819969,250000,5,916040000,7,13,-99,-109,8.75,0.000000,0.000000
08:01:39,139,-31.979830,115.819954,250000,5,916040000,7,13,-100,-129,8.75,0.000000,0.000000
08:01:40,140,-31.979811,115.819954,250000,5,916040000,7,13,-104,-128,6.75,0.000000,0.000000
08:01:41,141,-31.979784,115.819946,250000,5,916040000,7,13,-98,-128,8.25,0.000000,0.000000
08:01:42,142,-31.979771,115.819946,250000,5,916040000,7,13,-109,-128,4.25,0.000000,0.000000
08:01:45,143,-31.979748,115.819939,250000,5,916040000,7,13,-102,-129,7.25,0.000000,0.000000
08:01:45,144,-31.979736,115.819939,250000,5,916040000,7,13,-105,-110,6.75,0.000000,0.000000
08:01:48,145,-31.979708,115.819939,250000,5,916040000,7,13,-109,-128,4.50,0.000000,0.000000
08:01:48,146,-31.979681,115.819946,250000,5,916040000,7,13,-101,-116,8.25,0.000000,0.000000
08:01:51,147,-31.979681,115.819946,250000,5,916040000,7,13,-107,-128,6.00,0.000000,0.000000
08:01:52,148,-31.979639,115.819946,250000,5,916040000,7,13,-100,-123,8.50,0.000000,0.000000
08:01:54,149,-31.979626,115.819946,250000,5,916040000,7,13,-106,-129,7.00,0.000000,0.000000
08:01:54,150,-31.979597,115.819946,250000,5,916040000,7,13,-103,-116,7.75,0.000000,0.000000
08:01:57,151,-31.979597,115.819946,250000,5,916040000,7,13,-102,-130,7.50,0.000000,0.000000
08:01:58,152,-31.979555,115.819946,250000,5,916040000,7,13,-102,-130,7.50,0.000000,0.000000
08:02:00,153,-31.979555,115.819946,250000,5,916040000,7,13,-113,-130,0.00,0.000000,0.000000
08:02:01,154,-31.979517,115.819954,250000,5,916040000,7,13,-106,-131,6.75,0.000000,0.000000
08:02:03,155,-31.979504,115.819962,250000,5,916040000,7,13,-113,-130,-0.25,0.000000,0.000000
08:02:05,156,-31.979481,115.819969,250000,5,916040000,7,13,-109,-130,4.75,0.000000,0.000000
08:02:06,157,-31.979465,115.819962,250000,5,916040000,7,13,-103,-107,7.75,0.000000,0.000000
08:02:08,158,-31.979443,115.819962,250000,5,916040000,7,13,-108,-130,4.75,0.000000,0.000000
08:02:08,159,-31.979435,115.819969,250000,5,916040000,7,13,-106,-116,6.75,0.000000,0.000000
08:02:11,160,-31.979410,115.819977,250000,5,916040000,7,13,-108,-130,4.25,0.000000,0.000000
08:02:12,161,-31.979387,115.819969,250000,5,916040000,7,13,-107,-130,5.75,0.000000,0.000000
08:02:14,162,-31.979380,115.819962,250000,5,916040000,7,13,-100,-130,8.50,0.000000,0.000000
08:02:15,163,-31.979359,115.819946,250000,5,916040000,7,13,-109,-111,4.75,0.000000,0.000000
08:02:17,164,.979362,115.819939,250000,5,916040000,7,13,-115,-130,-4.75,0.000000,0.000000
08:02:18,165,-31.979362,115.819916,250000,5,916040000,7,13,-113,-117,-1.00,0.000000,0.000000
08:02:20,166,-31.979362,115.819916,250000,5,916040000,7,13,-115,-112,-4.00,0.000000,0.000000
08:02:21,167,-31.979353,115.819901,250000,5,916040000,7,13,-111,-123,3.25,0.000000,0.000000
08:02:23,168,-31.979353,115.819901,250000,5,916040000,7,13,-110,-132,3.75,0.000000,0.000000
08:02:24,169,-31.979340,115.819885,250000,5,916040000,7,13,-110,-116,4.00,0.000000,0.000000
08:02:26,170,-31.979340,115.819885,250000,5,916040000,7,13,-110,-124,3.75,0.000000,0.000000
08:02:28,171,-31.979330,115.819839,250000,5,916040000,7,13,-113,-130,-0.75,0.000000,0.000000
08:02:29,172,-31.979326,115.819832,250000,5,916040000,7,13,-113,-131,0.75,0.000000,0.000000
08:02:31,173,-31.979324,115.819801,250000,5,916040000,7,13,-113,-116,0.50,0.000000,0.000000
08:02:31,174,-31.979324,115.819794,250000,5,916040000,7,13,-112,-130,0.25,0.000000,0.000000
08:02:34,175,-31.979313,115.819771,250000,5,916040000,7,13,-110,-124,2.50,0.000000,0.000000
08:02:34,176,-31.979307,115.819763,250000,5,916040000,7,13,-101,-131,8.75,0.000000,0.000000
08:02:37,177,-31.979305,115.819748,250000,5,916040000,7,13,-110,-130,4.25,0.000000,0.000000
08:02:37,178,-31.979328,115.819740,250000,5,916040000,7,13,-103,-130,7.75,0.000000,0.000000
08:02:40,179,-31.979342,115.819733,250000,5,916040000,7,13,-104,-130,8.00,0.000000,0.000000
08:02:41,180,-31.979364,115.819733,250000,5,916040000,7,13,-108,-131,5.00,0.000000,0.000000
08:02:43,181,-31.979364,115.819733,250000,5,916040000,7,13,-103,-130,7.75,0.000000,0.000000
08:02:44,182,-31.979397,115.819725,250000,5,916040000,7,13,-112,-130,0.50,0.000000,0.000000
08:02:46,183,-31.979397,115.819725,250000,5,916040000,7,13,-106,-112,6.50,0.000000,0.000000
08:02:47,184,-31.979416,115.819717,250000,5,916040000,7,13,-110,-112,3.25,0.000000,0.000000
08:02:49,185,-31.979416,115.819717,250000,5,916040000,7,13,-100,-131,8.75,0.000000,0.000000
08:02:50,186,-31.979446,115.819710,250000,5,916040000,7,13,-103,-130,7.75,0.000000,0.000000
08:02:52,187,-31.979456,115.819710,250000,5,916040000,7,13,-99,-111,9.00,0.000000,0.000000
08:02:53,188,-31.979475,115.819702,250000,5,916040000,7,13,-98,-112,9.25,0.000000,0.000000
08:02:54,189,-31.979483,115.819702,250000,5,916040000,7,13,-102,-131,7.25,0.000000,0.000000
08:02:57,190,-31.979485,115.819695,250000,5,916040000,7,13,-99,-110,8.75,0.000000,0.000000
08:02:57,191,-31.979483,115.819695,250000,5,916040000,7,13,-101,-130,8.50,0.000000,0.000000
08:03:00,192,-31.979465,115.819687,250000,5,916040000,7,13,-104,-111,7.75,0.000000,0.000000
08:03:00,193,-31.979458,115.819672,250000,5,916040000,7,13,-107,-130,5.50,0.000000,0.000000
08:03:03,194,-31.979458,115.819672,250000,5,916040000,7,13,-114,-130,-2.50,0.000000,0.000000
08:03:04,195,-31.979416,115.819672,250000,5,916040000,7,13,-116,-130,-4.25,0.000000,0.000000
08:03:06,196,-31.979416,115.819672,250000,5,916040000,7,13,-115,-130,-3.25,0.000000,0.000000
08:03:06,201,-31.979256,115.819679,250000,5,916040000,7,13,-116,-130,-8.75,0.000000,0.000000
08:03:17,203,-31.979256,115.819679,250000,5,916040000,7,13,-113,-110,-0.75,0.000000,0.000000
08:03:18,204,-31.979256,115.819679,250000,5,916040000,7,13,-114,-130,-1.75,0.000000,0.000000
08:03:20,205,-31.979256,115.819679,250000,5,916040000,7,13,-116,-130,-6.00,0.000000,0.000000
08:03:20,206,-31.979256,115.819679,250000,5,916040000,7,13,-112,-111,0.75,0.000000,0.000000
08:03:23,207,-31.979492,115.819389,250000,5,916040000,7,13,-109,-130,4.75,0.000000,0.000000
08:03:24,208,-31.979517,115.819366,250000,5,916040000,7,13,-107,-130,5.00,0.000000,0.000000
08:03:26,209,-31.979647,115.819283,250000,5,916040000,7,13,-102,-130,8.50,0.000000,0.000000
08:03:26,210,-31.979671,115.819275,250000,5,916040000,7,13,-96,-130,8.75,0.000000,0.000000
08:03:29,211,-31.979671,115.819275,250000,5,916040000,7,13,-96,-116,9.25,0.000000,0.000000
08:03:30,212,-31.979694,115.819267,250000,5,916040000,7,13,-93,-114,9.50,0.000000,0.000000
08:03:32,213,-31.979694,115.819267,250000,5,916040000,7,13,-97,-130,8.50,0.000000,0.000000
08:03:33,214,-31.979704,115.819260,250000,5,916040000,7,13,-103,-130,7.50,0.000000,0.000000
08:03:35,215,-31.979704,115.819260,250000,5,916040000,7,13,-92,-124,9.50,0.000000,0.000000
08:03:36,216,-31.979704,115.819260,250000,5,916040000,7,13,-92,-114,9.25,0.000000,0.000000
08:03:38,217,-31.979704,115.819260,250000,5,916040000,7,13,-91,-130,9.50,0.000000,0.000000
08:03:39,218,-31.979713,115.819260,250000,5,916040000,7,13,-92,-130,9.50,0.000000,0.000000
08:03:41,219,-31.979723,115.819252,250000,5,916040000,7,13,-99,-130,8.25,0.000000,0.000000
08:03:43,220,-31.979729,115.819237,250000,5,916040000,7,13,-110,-114,2.75,0.000000,0.000000
08:03:44,221,-31.979742,115.819237,250000,5,916040000,7,13,-93,-114,9.25,0.000000,0.000000
08:03:46,222,-31.979763,115.819237,250000,5,916040000,7,13,-88,-108,9.75,0.000000,0.000000
08:03:46,223,-31.979769,115.819237,250000,5,916040000,7,13,-101,-130,8.50,0.000000,0.000000
08:03:49,224,-31.979778,115.819252,250000,5,916040000,7,13,-100,-130,8.25,0.000000,0.000000
08:03:49,225,-31.979763,115.819221,250000,5,916040000,7,13,-90,-112,10.25,0.000000,0.000000
08:03:52,226,-31.979748,115.819221,250000,5,916040000,7,13,-99,-130,8.50,0.000000,0.000000
08:03:52,227,-31.979679,115.819244,250000,5,916040000,7,13,-101,-131,8.50,0.000000,0.000000
08:03:55,228,-31.979679,115.819244,250000,5,916040000,7,13,-106,-130,6.25,0.000000,0.000000
08:03:56,229,-31.979650,115.819252,250000,5,916040000,7,13,-105,-130,6.75,0.000000,0.000000
08:03:58,230,-31.979650,115.819252,250000,5,916040000,7,13,-104,-116,7.50,0.000000,0.000000
08:03:59,231,-31.979731,115.819229,250000,5,916040000,7,13,-110,-131,3.50,0.000000,0.000000
08:04:01,232,-31.979731,115.819229,250000,5,916040000,7,13,-100,-111,8.75,0.000000,0.000000
08:04:04,234,-31.979773,115.819214,250000,5,916040000,7,13,-108,-130,5.00,0.000000,0.000000
08:04:05,235,-31.979849,115.819176,250000,5,916040000,7,13,-110,-130,2.75,0.000000,0.000000
08:04:07,236,-31.979855,115.819160,250000,5,916040000,7,13,-114,-130,-1.00,0.000000,0.000000
08:04:09,237,-31.979870,115.819107,250000,5,916040000,7,13,-112,-115,0.75,0.000000,0.000000
08:04:09,238,-31.979883,115.819099,250000,5,916040000,7,13,-101,-130,8.50,0.000000,0.000000
08:04:11,239,-31.979906,115.819092,250000,5,916040000,7,13,-111,-130,1.75,0.000000,0.000000
08:04:12,240,-31.979904,115.819084,250000,5,916040000,7,13,-107,-111,5.50,0.000000,0.000000
08:04:15,241,-31.979893,115.819084,250000,5,916040000,7,13,-103,-130,8.00,0.000000,0.000000
08:04:15,242,-31.979874,115.819084,250000,5,916040000,7,13,-111,-130,3.00,0.000000,0.000000
08:04:18,243,-31.979864,115.819069,250000,5,916040000,7,13,-108,-130,4.00,0.000000,0.000000
08:04:18,244,-31.979847,115.819054,250000,5,916040000,7,13,-113,-131,0.00,0.000000,0.000000
08:04:21,245,-31.979847,115.819054,250000,5,916040000,7,13,-114,-130,-1.25,0.000000,0.000000
08:04:22,246,-31.979845,115.819038,250000,5,916040000,7,13,-111,-117,2.00,0.000000,0.000000
08:04:24,247,-31.9798â¸®5%â¸®â¸®â¸®â¸®â¸®â¸®2X,250000,5,916040000,7,13,-116,-112,-10.50,0.000000,0.000000
08:04:25,248,-31.979837,115.819023,250000,5,916040000,7,13,-114,-131,-3.25,0.000000,0.000000
08:04:27,249,-31.979837,115.819023,250000,5,916040000,7,13,-108,-130,5.25,0.000000,0.000000
08:04:28,250,-31.979815,115.818993,250000,5,916040000,7,13,-114,-112,-3.75,0.000000,0.000000
08:04:30,251,-31.979815,115.818993,250000,5,916040000,7,13,-106,-116,7.25,0.000000,0.000000
08:04:32,252,-31.979797,115.818954,250000,5,916040000,7,13,-114,-132,-0.25,0.000000,0.000000
08:04:33,253,-31.979792,115.818939,250000,5,916040000,7,13,-111,-129,3.25,0.000000,0.000000
08:04:35,254,-31.979782,115.818924,250000,5,916040000,7,13,-114,-130,-0.25,0.000000,0.000000
08:04:36,255,-31.979773,115.818909,250000,5,916040000,7,13,-110,-124,4.75,0.000000,0.000000
08:04:38,256,-31.979750,115.818901,250000,5,916040000,7,13,-109,-130,4.75,0.000000,0.000000
08:04:38,257,-31.979733,115.818886,250000,5,916040000,7,13,-108,-131,5.25,0.000000,0.000000
08:04:41,258,-31.979725,115.818886,250000,5,916040000,7,13,-108,-109,5.25,0.000000,0.000000
08:04:41,259,-31.979704,115.818886,250000,5,916040000,7,13,-107,-123,7.00,0.000000,0.000000
08:04:44,260,-31.979692,115.818878,250000,5,916040000,7,13,-115,-115,-2.50,0.000000,0.000000
08:04:45,261,-31.979664,115.818878,250000,5,916040000,7,13,-107,-130,6.75,0.000000,0.000000
08:04:47,262,-31.979664,115.818878,250000,5,916040000,7,13,-114,-112,-3.50,0.000000,0.000000
08:04:48,263,-31.979626,115.818871,250000,5,916040000,7,13,-109,-130,4.00,0.000000,0.000000
08:04:50,264,-31.979626,115.818871,250000,5,916040000,7,13,-105,-114,7.25,0.000000,0.000000
08:04:51,265,-31.979591,115.818871,250000,5,916040000,7,13,-103,-122,7.75,0.000000,0.000000
08:04:53,266,-31.979591,115.818871,250000,5,916040000,7,13,-108,-130,5.50,0.000000,0.000000
08:04:54,267,-31.979559,115.818871,250000,5,916040000,7,13,-111,-130,2.00,0.000000,0.000000
08:04:56,268,-31.979548,115.818871,250000,5,916040000,7,13,-106,-130,7.00,0.000000,0.000000
08:04:58,269,-31.979525,115.818871,250000,5,916040000,7,13,-103,-116,7.50,0.000000,0.000000
08:04:58,270,-31.979511,115.818871,250000,5,916040000,7,13,-105,-130,7.25,0.000000,0.000000
08:05:01,271,-31.979481,115.818871,250000,5,916040000,7,13,-108,-130,5.75,0.000000,0.000000
08:05:01,272,-31.979467,115.818871,250000,5,916040000,7,13,-101,-130,8.25,0.000000,0.000000
08:05:04,273,-31.979452,115.818886,250000,5,916040000,7,13,-109,-116,4.50,0.000000,0.000000
08:05:05,274,-31.979443,115.818893,250000,5,916040000,7,13,-102,-130,7.50,0.000000,0.000000
08:05:07,275,-31.979435,115.818909,250000,5,916040000,7,13,-111,-130,2.75,0.000000,0.000000
08:05:08,276,-31.979418,115.818924,250000,5,916040000,7,13,-110,-123,4.25,0.000000,0.000000
08:05:10,277,-31.979406,115.818932,250000,5,916040000,7,13,-111,-129,2.25,0.000000,0.000000
08:05:11,278,-31.979383,115.818962,250000,5,916040000,7,13,-113,-130,0.00,0.000000,0.000000
08:05:13,279,-31.979383,115.818962,250000,5,916040000,7,13,-109,-116,5.00,0.000000,0.000000
08:05:14,280,-31.979347,115.819000,250000,5,916040000,7,13,-110,-130,3.25,0.000000,0.000000
08:05:16,281,-31.979347,115.819000,250000,5,916040000,7,13,-109,-130,3.75,0.000000,0.000000
08:05:17,282,-31.979321,115.8190>3,250000,5,916040000,7,13,-116,-130,-7.25,0.000000,0.000000
08:05:19,283,-31.979321,115.819023,250000,5,916040000,7,13,-107,-129,5.75,0.000000,0.000000
08:05:21,284,-31.979288,115.819046,250000,5,916040000,7,13,-112,-130,1.50,0.000000,0.000000
08:05:22,285,-31.979277,115.819061,250000,5,916040000,7,13,-113,-130,-0.50,0.000000,0.000000
08:05:23,286,-31.979256,115.819077,250000,5,916040000,7,13,-114,-130,-0.50,0.000000,0.000000
08:05:24,287,-31.979242,115.819092,250000,5,916040000,7,13,-111,-117,2.75,0.000000,0.000000
08:05:27,288,-31.979216,115.819115,250000,5,916040000,7,13,-107,-108,5.75,0.000000,0.000000
08:05:27,289,-31.979200,115.819122,250000,5,916040000,7,13,-111,-130,3.00,0.000000,0.000000
08:05:30,290,-31.979164,115.819130,250000,5,916040000,7,13,-109,-130,5.00,0.000000,0.000000
08:05:30,291,-31.979137,115.819138,250000,5,916040000,7,13,-111,-124,1.75,0.000000,0.000000
08:05:32,293,-31.979101,115.819145,250000,5,916040000,7,13,-106,-130,7.00,0.000000,0.000000
08:05:36,294,-31.979094,115.819153,250000,5,916040000,7,13,-116,-129,-6.25,0.000000,0.000000
08:05:36,295,-31.979082,115.819168,250000,5,916040000,7,13,-105,-109,6.25,0.000000,0.000000
08:05:39,296,-31.979082,115.819168,250000,5,916040000,7,13,-112,-131,0.25,0.000000,0.000000
08:05:40,297,-31.979067,115.819199,250000,5,916040000,7,13,-108,-130,4.25,0.000000,0.000000
08:05:42,298,-31.979067,115.819199,250000,5,916040000,7,13,-110,-130,3.50,0.000000,0.000000
08:05:43,299,-31.979052,115.819244,250000,5,916040000,7,13,-110,-117,3.50,0.000000,0.000000
08:05:45,300,-31.979052,115.819244,250000,5,916040000,7,13,-108,-130,5.75,0.000000,0.000000
08:05:47,301,-31.979021,115.819290,250000,5,916040000,7,13,-110,-130,3.00,0.000000,0.000000
08:05:48,302,-31.979006,115.819298,250000,5,916040000,7,13,-111,-130,2.00,0.000000,0.000000
08:05:50,303,-31.978977,115.819313,250000,5,916040000,7,13,-106,-131,6.50,0.000000,0.000000
08:05:50,304,-31.978962,115.819321,250000,5,916040000,7,13,-108,-123,5.00,0.000000,0.000000
08:05:53,305,-31.978939,115.819328,250000,5,916040000,7,13,-109,-112,4.00,0.000000,0.000000
08:05:54,65câ¸®â¸®;1.978{68,11â¸®B>â¸®Sâ¸®5â¸®,250000,5,916040000,7,13,-116,-130,-10.75,0.000000,0.000000
08:05:56,307,-31.978924,115.819374,250000,5,916040000,7,13,-109,-130,4.25,0.000000,0.000000
08:05:56,308,-31.978918,115.819397,250000,5,916040000,7,13,-110,-130,3.50,0.000000,0.000000
08:05:59,309,-31.978914,115.819412,250000,5,916040000,7,13,-109,-112,4.50,0.000000,0.000000
08:06:00,310,-31.978912,115.819443,250000,5,916040000,7,13,-111,-130,2.25,0.000000,0.000000
08:06:02,311,-31.978912,115.819443,250000,5,916040000,7,13,-111,-129,1.50,0.000000,0.000000
08:06:03,312,-31.978910,115.819489,250000,5,916040000,7,13,-115,-129,-3.50,0.000000,0.000000
08:06:05,313,-31.978910,115.819489,250000,5,916040000,7,13,-108,-114,5.25,0.000000,0.000000
08:06:06,314,-31.978899,115.819534,250000,5,916040000,7,13,-113,-130,0.00,0.000000,0.000000
08:06:08,315,-31.978899,115.819534,250000,5,916040000,7,13,-105,-128,7.00,0.000000,0.000000
08:06:10,316,-31gi3>â¸®â¸®â¸®â¸®â¸®mwâ¸®(5(0,250000,5,916040000,7,13,-117,-129,-10.75,0.000000,0.000000
08:06:11,317,-31.978893,115.819588,250000,5,916040000,7,13,-113,-128,1.25,0.000000,0.000000
08:06:13,318,-31â¸®1?0889,115.819618,250000,5,916040000,7,13,-115,-114,-8.75,0.000000,0.000000
08:06:13,319,-31.978886,115.819641,250000,5,916040000,7,13,-109,-128,4.00,0.000000,0.000000
08:06:16,320,-31.978882,115.819664,250000,5,916040000,7,13,-111,-129,2.75,0.000000,0.000000
08:06:16,321,-31.978882,115.819679,250000,5,916040000,7,13,-113,-130,0.25,0.000000,0.000000
08:06:19,322,-31.978880,115.819702,250000,5,916040000,7,13,-110,-130,3.00,0.000000,0.000000
08:06:19,323,-31.978876,115.819725,250000,5,916040000,7,13,-111,-114,3.00,0.000000,0.000000
08:06:22,324,-31.978878,115.819733,250000,5,916040000,7,13,-113,-131,0.75,0.000000,0.000000
08:06:23,325,-31.978874,115.819771,250000,5,916040000,7,13,-103,-124,7.75,0.000000,0.000000
08:06:25,326,-31.978872,115.819786,250000,5,916040000,7,13,-111,-130,2.25,0.000000,0.000000
08:06:26,327,-31.978870,115.819817,250000,5,916040000,7,13,-108,-116,5.50,0.000000,0.000000
08:06:28,328,-31.978870,115.819817,250000,5,916040000,7,13,-103,-116,7.75,0.000000,0.000000
08:06:29,329,-31.978867,115.819855,250000,5,916040000,7,13,-110,-130,3.75,0.000000,0.000000
08:06:31,330,-31.978867,115.819855,250000,5,916040000,7,13,-116,-111,-4.75,0.000000,0.000000
08:06:32,331,-31.978848,115.819908,250000,5,916040000,7,13,-109,-130,5.00,0.000000,0.000000
08:06:34,332,-31.978848,115.819908,250000,5,916040000,7,13,-107,-130,6.00,0.000000,0.000000
08:06:35,333,-31.978823,115.819954,250000,5,916040000,7,13,-104,-130,7.00,0.000000,0.000000
08:06:37,334,-31.978815,115.819962,250000,5,916040000,7,13,-106,-113,6.75,0.000000,0.000000
08:06:39,335,-31.978800,115.819969,250000,5,916040000,7,13,-105,-117,7.75,0.000000,0.000000
08:06:39,336,-31.978786,115.819977,250000,5,916040000,7,13,-110,-116,3.25,0.000000,0.000000
08:06:41,337,-31.978764,115.819984,250000,5,916040000,7,13,-108,-116,4.25,0.000000,0.000000
08:06:42,338,-31.978741,115.819992,250000,5,916040000,7,13,-108,-130,5.25,0.000000,0.000000
08:06:45,339,-31.978729,115.819992,250000,5,916040000,7,13,-112,-130,1.50,0.000000,0.000000
08:06:45,340,-31.978704,115.820000,250000,5,916040000,7,13,-111,-130,2.00,0.000000,0.000000
08:06:48,341,-31.978704,115.820000,250000,5,916040000,7,13,-109,-116,5.00,0.000000,0.000000
08:06:48,342,-31.978659,115.820000,250000,5,916040000,7,13,-111,-132,2.50,0.000000,0.000000
08:06:51,343,-31.978659,115.820000,250000,5,916040000,7,13,-110,-131,4.00,0.000000,0.000000
08:06:52,344,-31.978634,115.820007,250000,5,916040000,7,13,-105,-130,7.50,0.000000,0.000000
08:06:54,345,-31.978634,115.820007,250000,5,916040000,7,13,-113,-114,0.75,0.000000,0.000000
08:06:55,346,-31.978601,115.820023,250000,5,916040000,7,13,-110,-113,4.25,0.000000,0.000000
08:06:57,347,-31.978601,115.820023,250000,5,916040000,7,13,-107,-110,6.00,0.000000,0.000000
08:06:59,348,-31â¸®?75â¸®5â¸®!L2200:â¸®,250000,5,916040000,7,13,-113,-132,1.00,0.000000,0.000000
08:07:00,349,-31.978558,115.820023,250000,5,916040000,7,13,-104,-130,7.50,0.000000,0.000000
08:07:02,350,-31.978535,115.820015,250000,5,916040000,7,13,-105,-130,7.25,0.000000,0.000000
08:07:02,351,-31.978521,115.820007,250000,5,916040000,7,13,-114,-130,-0.50,0.000000,0.000000
08:07:05,352,-31.978493,115.820007,250000,5,916040000,7,13,-106,-130,6.00,0.000000,0.000000
08:07:06,353,-31.978476,115.820007,250000,5,916040000,7,13,-106,-130,6.50,0.000000,0.000000
08:07:08,354,-31.978451,115.820000,250000,5,916040000,7,13,-109,-130,4.50,0.000000,0.000000
08:07:08,355,-31.978437,115.820015,250000,5,916040000,7,13,-104,-130,7.50,0.000000,0.000000
08:07:11,356,-31.978437,115.820015,250000,5,916040000,7,13,-109,-130,4.50,0.000000,0.000000
08:07:12,357,-31.978432,115.820015,250000,5,916040000,7,13,-112,-130,1.25,0.000000,0.000000
08:07:14,358,-31.978432,115.820015,250000,5,916040000,7,13,-115,-130,-2.25,0.000000,0.000000
08:07:15,359,-31.978420,115.820015,250000,5,916040000,7,13,-110,-116,1.75,0.000000,0.000000
08:07:17,360,-31.978420,115.820015,250000,5,916040000,7,13,-113,-116,0.00,0.000000,0.000000
08:07:18,361,-31.978413,115.820023,250000,5,916040000,7,13,-114,-129,-2.50,0.000000,0.000000
08:07:20,362,-31.978413,115.820023,250000,5,916040000,7,13,-115,-129,-4.50,0.000000,0.000000
08:07:21,363,-31.978409,115.820023,250000,5,916040000,7,13,-111,-115,2.25,0.000000,0.000000
08:07:23,364,-31.978409,115.820023,250000,5,916040000,7,13,-113,-130,-2.00,0.000000,0.000000
08:07:25,365,-31.978405,115.820038,250000,5,916040000,7,13,-107,-130,5.25,0.000000,0.000000
08:07:26,366,-31.978405,115.820038,250000,5,916040000,7,13,-112,-129,0.50,0.000000,0.000000
08:07:28,367,-31.978399,115.820045,250000,5,916040000,7,13,-109,-130,4.25,0.000000,0.000000
08:07:28,368,-31.978392,115.820045,250000,5,916040000,7,13,-111,-124,2.00,0.000000,0.000000
08:07:31,369,-31.978373,115.820045,250000,5,916040000,7,13,-102,-130,7.25,0.000000,0.000000
08:07:31,370,-31.978363,115.820045,250000,5,916040000,7,13,-110,-129,3.50,0.000000,0.000000
08:07:34,371,-31.978340,115.820045,250000,5,916040000,7,13,-106,-124,6.50,0.000000,0.000000
08:07:35,372,-31.978310,115.820038,250000,5,916040000,7,13,-105,-123,7.00,0.000000,0.000000
08:07:37,373,-31.978296,115.820038,250000,5,916040000,7,13,-104,-114,7.00,0.000000,0.000000
08:07:38,374,-31.978270,115.820038,250000,5,916040000,7,13,-109,-106,3.50,0.000000,0.000000
08:07:40,375,-31.978256,115.820030,250000,5,916040000,7,13,-112,-112,0.50,0.000000,0.000000
08:07:41,376,-31.978237,115.820015,250000,5,916040000,7,13,-106,-131,6.50,0.000000,0.000000
08:07:43,37;,.1.?782â¸®7,115.820085,250000,5,916040000,7,13,-108,-112,1.50,0.000000,0.000000
08:07:44,378,-31.978220,115.819984,250000,5,916040000,7,13,-109,-116,4.75,0.000000,0.000000
08:07:46,379,-31.978220,115.819984,250000,5,916040000,7,13,-110,-130,3.75,0.000000,0.000000
08:07:47,380,-31.978220,115.819954,250000,5,916040000,7,13,-112,-130,0.25,0.000000,0.000000
08:07:49,381,-31.978212,115.819939,250000,5,916040000,7,13,-110,-131,2.75,0.000000,0.000000
08:07:51,382,-31.978205,115.819901,250000,5,916040000,7,13,-109,-130,4.00,0.000000,0.000000
08:07:51,383,-31.978197,115.819885,250000,5,916040000,7,13,-112,-112,-1.25,0.000000,0.000000
08:07:53,384,-31.978191,115.819855,250000,5,916040000,7,13,-107,-130,6.00,0.000000,0.000000
08:07:54,385,-31.978189,115.819839,250000,5,916040000,7,13,-114,-130,-2.00,0.000000,0.000000
08:07:57,386,-31.978191,115.819801,250000,5,916040000,7,13,-111,-130,2.00,0.000000,0.000000
08:07:57,387,-31.978184,115.819771,250000,5,916040000,7,13,-111,-110,2.25,0.000000,0.000000
08:08:00,388,-31.978184,115.819756,250000,5,916040000,7,13,-115,-130,-8.50,0.000000,0.000000
08:08:00,389,-31.978184,115.819756,250000,5,916040000,7,13,-115,-131,-8.25,0.000000,0.000000
08:08:03,390,-31.978184,115.819756,250000,5,916040000,7,13,-109,-130,3.50,0.000000,0.000000
08:08:04,391,-31.978189,115.819756,250000,5,916040000,7,13,-114,-115,-3.00,0.000000,0.000000
08:08:06,392,-31.978189,115.819756,250000,5,916040000,7,13,-109,-130,5.25,0.000000,0.000000
08:08:07,393,-31.978193,115.819725,250000,5,916040000,7,13,-109,-108,3.00,0.000000,0.000000
08:08:09,394,-31.978193,115.819725,250000,5,916040000,7,13,-113,-130,1.00,0.000000,0.000000
08:08:10,395,-31.978205,115.819702,250000,5,916040000,7,13,-114,-130,-1.50,0.000000,0.000000
08:08:12,396,-31.978205,115.819702,250000,5,916040000,7,13,-114,-112,-2.50,0.000000,0.000000
08:08:14,397,-31.978214,115.819679,250000,5,916040000,7,13,-112,-114,1.00,0.000000,0.000000
08:08:15,398,-31.978226,115.819672,250000,5,916040000,7,13,-111,-116,2.00,0.000000,0.000000
08:08:17,399,-31.97XRÔ¸â¸®â¸®ÉŠG53W0,250000,5,916040000,7,13,-116,-130,-10.75,0.000000,0.000000
08:08:18,400,-31.978218,115.819603,250000,5,916040000,7,13,-111,-130,1.25,0.000000,0.000000
08:08:20,401,-31.978218,115.819565,250000,5,916040000,7,13,-115,-130,-4.75,0.000000,0.000000
08:08:20,Nâ¸®â¸®/$,zâ¸®|pâ¸®â¸®+5219â¸®`,250000,5,916040000,7,13,-116,-130,-10.00,0.000000,0.000000
08:08:23,403,-31.978210,115.819511,250000,5,916040000,7,13,-114,-130,-3.25,0.000000,0.000000
08:08:24,404,-31.978203,115.819481,250000,5,916040000,7,13,-113,-124,-2.25,0.000000,0.000000
08:08:26,405,-31.978199,115.819466,250000,5,916040000,7,13,-112,-131,0.50,0.000000,0.000000
08:08:27,406,-31.978197,115.819427,250000,5,916040000,7,13,-115,-129,-0.75,0.000000,0.000000
08:08:29,407,-31.978195,115.819405,250000,5,916040000,7,13,-113,-130,-1.25,0.000000,0.000000
08:08:30,408,-31.978193,115.819374,250000,5,916040000,7,13,-113,-130,0.75,0.000000,0.000000
08:08:32,409,-31.978193,115.819374,250000,5,916040000,7,13,-110,-116,2.75,0.000000,0.000000
08:08:33,410,-31.978210,115.819321,250000,5,916040000,7,13,-108,-115,4.75,0.000000,0.000000
08:08:35,411,-31.978210,115.819321,250000,5,916040000,7,13,-114,-130,-1.00,0.000000,0.000000
08:08:36,412,-31.978212,115.819275,250000,5,916040000,7,13,-112,-130,1.25,0.000000,0.000000
08:08:38,413,-31.978212,115.819275,250000,5,916040000,7,13,-108,-113,4.00,0.000000,0.000000
08:08:40,414,-31.978209,115.819237,250000,5,916040000,7,13,-112,-110,1.00,0.000000,0.000000
08:08:41,415,-31.978205,115.819229,250000,5,916040000,7,13,-113,-108,-1.00,0.000000,0.000000
08:08:43,416,-31.978189,115.819206,250000,5,916040000,7,13,-114,-130,-2.50,0.000000,0.000000
08:08:43,417,-31.978184,115.819199,250000,5,916040000,7,13,-113,-115,-1.75,0.000000,0.000000
08:08:46,418,-31.978167,â¸®5,8â¸®câ¸®:9,250000,5,916040000,7,13,-117,-130,-9.25,0.000000,0.000000
08:08:46,419,-31.978144,115.819176,250000,5,916040000,7,13,-115,-130,-4.00,0.000000,0.000000
08:08:49,420,-31.978130,115.819160,250000,5,916040000,7,13,-115,-131,-3.75,0.000000,0.000000
08:08:50,421,-31.978107,115.819145,250000,5,916040000,7,13,-114,-111,-3.50,0.000000,0.000000
08:08:52,422,-31.978107,115.819145,250000,5,916040000,7,13,-111,-110,1.50,0.000000,0.000000
08:08:53,423,-31.978079,115.819122,250000,5,916040000,7,13,-113,-130,-2.00,0.000000,0.000000
08:08:55,424,-31.978079,115.819122,250000,5,916040000,7,13,-110,-116,3.50,0.000000,0.000000
08:08:56,425,-31.978043,115.819107,250000,5,916040000,7,13,-112,-131,1.00,0.000000,0.000000
08:08:58,426,-31.978043,115.819107,250000,5,916040000,7,13,-114,-130,-1.25,0.000000,0.000000
08:08:59,427,-31.978006,115.819099,250000,5,916040000,7,13,-110,-130,2.75,0.000000,0.000000
08:09:01,428,-31.978006,115.819099,250000,5,916040000,7,13,-112,-112,1.00,0.000000,0.000000
08:09:03,429,-31.977962,115.819122,250000,5,916040000,7,13,-112,-130,0.75,0.000000,0.000000
08:09:04,430,-31.977949,115.819130,250000,5,916040000,7,13,-110,-130,3.25,0.000000,0.000000
08:09:05,431,.'â¸®>>932,115.819122,250000,5,916040000,7,13,-115,-130,-5.50,0.000000,0.000000
08:09:06,432,-31.977926,115.819115,250000,5,916040000,7,13,-113,-114,-0.25,0.000000,0.000000
08:09:09,433,-31.977919,115.819084,250000,5,916040000,7,13,-110,-130,-0.25,0.000000,0.000000
08:09:09,434,-31.977919,115.819069,250000,5,916040000,7,13,-112,-130,0.25,0.000000,0.000000
08:09:12,435,-31.977911,115.819038,250000,5,916040000,7,13,-112,-130,-2.50,0.000000,0.000000
08:09:12,436,-31.977919,115.819023,250000,5,916040000,7,13,-115,-109,-4.75,0.000000,0.000000
08:09:15,437,-31.977921,115.819008,250000,5,916040000,7,13,-110,-130,2.00,0.000000,0.000000
08:09:15,438,-31.977913,115.818985,250000,5,916040000,7,13,-109,-130,2.25,0.000000,0.000000
08:09:18,439,-31.977913,115.818985,250000,5,916040000,7,13,-112,-115,0.25,0.000000,0.000000
08:09:18,440,-31.977901,115.818954,250000,5,916040000,7,13,-112,-130,0.25,0.000000,0.000000
08:09:21,441,-31.977901,115.818954,250000,5,916040000,7,13,-110,-130,4.00,0.000000,0.000000
08:09:24,443,-31.977892,115.818924,250000,5,916040000,7,13,-105,-111,2.50,0.000000,0.000000
08:09:25,444,-31.977877,115.818893,250000,5,916040000,7,13,-113,-129,0.00,0.000000,0.000000
08:09:27,445,-31.977877,115.818893,250000,5,916040000,7,13,-110,-130,3.00,0.000000,0.000000
08:09:29,446,-31.977884,115.818863,250000,5,916040000,7,13,-109,-130,4.25,0.000000,0.000000
08:09:30,447,-31.977882,115.818848,250000,5,916040000,7,13,-111,-111,0.75,0.000000,0.000000
08:09:31,449,x b.977877y41â¸®hâ¸®47,250000,5,916040000,7,13,-103,-131,-10.75,0.000000,0.000000
08:09:38,452,-31.977863,5.81X34â¸®,250000,5,916040000,7,13,-111,-110,-11.00,0.000000,0.000000
08:09:39,453,-31.977859,115.818748,250000,5,916040000,7,13,-111,-106,-5.25,0.000000,0.000000
08:09:41,454/33.9777=&dâ¸®.18g48,250000,5,916040000,7,13,-111,-130,-10.00,0.000000,0.000000
08:09:42,457,-31.977852,115.818710,250000,5,916040000,7,13,-116,-130,-8.75,0.000000,0.000000
08:09:46,459,-31.977856,115.818703,250000,5,916040000,7,13,-115,-110,-5.00,0.000000,0.000000
08:09:50,460,K57â¸®S77830.37n81â¸®z,250000,5,916040000,7,13,-115,-130,-11.75,0.000000,0.000000
08:09:55,463,-31â¸®â¸®â¸®â¸®"â¸®Bâ¸®â¸®wâ¸®,â¸®,250000,5,916040000,7,13,-116,-116,-11.75,0.000000,0.000000
08:09:55,Tâ¸®4â¸®?7â¸®%â¸®`;7.818672,250000,5,916040000,7,13,-115,-130,-9.25,0.000000,0.000000
08:09:58,465,-31.977921,115.818657,250000,5,916040000,7,13,-116,-130,-5.50,0.000000,0.000000
08:09:58,466,-31.977932,115.818649,250000,5,916040000,7,13,-116,-114,-8.75,0.000000,0.000000
08:10:00,468,-31.978039,115.818611,250000,5,916040000,7,13,-115,-130,-6.25,0.000000,0.000000
08:10:04,469,-31.978039,115.818611,250000,5,916040000,7,13,-116,-130,-3.75,0.000000,0.000000
08:10:05,470,-31.978052,1â¸®5.818565,250000,5,916040000,7,13,-116,-115,-6.50,0.000000,0.000000
08:10:07,471,-31.978054,115.818542,250000,5,916040000,7,13,-112,-130,0.00,0.000000,0.000000
08:10:08,472,-31.978064,115.818512,250000,5,916040000,7,13,-114,-131,-4.00,0.000000,0.000000
08:10:10,473,-31.978064,115.818512,250000,5,916040000,7,13,-110,-130,3.00,0.000000,0.000000
08:10:11,474,-31.978113,115.818481,250000,5,916040000,7,13,-113,-130,0.25,0.000000,0.000000
08:10:13,475,-31.978113,115+818481,250000,5,916040000,7,13,-113,-130,-3.50,0.000000,0.000000
08:10:14,476,-31.978163,115"â¸®16;,250000,5,916040000,7,13,-115,-112,-10.00,0.000000,0.000000
08:10:16,477,,"1.9;163,115.818459,250000,5,916040000,7,13,-115,-115,-9.00,0.000000,0.000000
08:10:17,478,-31.978209,115.818459,250000,5,916040000,7,13,-113,-131,-1.25,0.000000,0.000000
08:10:19,479,-31.978220,115.818451,250000,5,916040000,7,13,-112,-130,1.00,0.000000,0.000000
08:10:21,480,-31.978247,115.818451,250000,5,916040000,7,13,-109,-130,4.25,0.000000,0.000000
08:10:21,481,-31.978260,115.818451,250000,5,916040000,7,13,-114,-130,-3.25,0.000000,0.000000
08:10:23,482,-31.978275,115.818459,250000,5,916040000,7,13,-115,-115,-6.75,0.000000,0.000000
08:10:27,484,-31.978:â¸®â¸®,115.8â¸®846â¸®,250000,5,916040000,7,13,-116,-124,-10.50,0.000000,0.000000
08:10:27,â¸®â¸®â¸®â¸®hâ¸®â¸®02$3/â¸®U5o"`hâ¸®,250000,5,916040000,7,13,-115,-114,-10.75,0.000000,0.000000
08:10:29,487,-31.978296,115.818481,250000,5,916040000,7,13,-114,-129,-7.25,0.000000,0.000000
08:10:33,488,-31.978296,115.818481,250000,5,916040000,7,13,-115,-128,-9.00,0.000000,0.000000
08:10:34,489,-31.978283,115.818481,250000,5,916040000,7,13,-114,-128,-2.00,0.000000,0.000000
08:10:36,490,-31.978283,15.81â¸®â¸®41,250000,5,916040000,7,13,-115,-113,-9.50,0.000000,0.000000
08:10:37,491,-31.978287,115.81852â¸®,250000,5,916040000,7,13,-116,-130,-10.25,0.000000,0.000000
08:10:39,492,-31.978287,115.818520,250000,5,916040000,7,13,-110,-129,3.50,0.000000,0.000000
08:10:40,493,-31.978312,115.818542,250000,5,916040000,7,13,-110,-129,2.75,0.000000,0.000000
08:10:42,494,-31.978319,115.818550,250000,5,916040000,7,13,-110,-112,3.25,0.000000,0.000000
08:10:44,495,-31.978350,115.818581,250000,5,916040000,7,13,-115,-116,-3.50,0.000000,0.000000
08:10:44,496,-31.978â¸®;12â¸®gâ¸®â¸®vâ¸®`	,250000,5,916040000,7,13,-116,-129,-10.75,0.000000,0.000000
08:10:47,497,-31.978395,115.818596,250000,5,916040000,7,13,-115,-112,-5.75,0.000000,0.000000
08:10:48,498,-31.978407,115.818604,250000,5,916040000,7,13,-113,-114,-1.75,0.000000,0.000000
08:10:50,499,-31.978428,115.818611,250000,5,916040000,7,13,-114,-114,-4.50,0.000000,0.000000
08:10:50,502,-31.978474,115.818657,250000,5,916040000,7,13,-111,-131,1.00,0.000000,0.000000
08:10:56,503,-31.978483,115.818672,250000,5,916040000,7,13,-112,-130,0.50,0.000000,0.000000
08:10:57,504,-31.978498,115.818695,250000,5,916040000,7,13,-115,-130,-4.00,0.000000,0.000000
08:10:58,506,-31.978514,115.818726,250000,5,916040000,7,13,-112,-130,0.75,0.000000,0.000000
08:11:02,507,-31.978514,115.818726,250000,5,916040000,7,13,-114,-112,-5.25,0.000000,0.000000
08:11:03,508,-31.978531,115.818764,250000,5,916040000,7,13,-112,-130,0.00,0.000000,0.000000
08:11:05,509,-31.978531,115.818764,250000,5,916040000,7,13,-115,-124,-4.25,0.000000,0.000000
08:11:08,511,-31.978548,115.818825,250000,5,916040000,7,13,-111,-131,2.00,0.000000,0.000000
08:11:10,512,-31.978556,115.818855,250000,5,916040000,7,13,-115,-112,-3.00,0.000000,0.000000
08:11:10,513,-31.978561,115.818863,250000,5,916040000,7,13,-114,-114,-4.00,0.000000,0.000000
08:11:13,514,-31.978569,115.818886,250000,5,916040000,7,13,-112,-110,0.75,0.000000,0.000000
08:11:13,515,-31.978569,115.818901,250000,5,916040000,7,13,-111,-130,1.75,0.000000,0.000000
08:11:16,516,-31.978569,115.81892,250000,5,916040000,7,13,-115,-130,-9.50,0.000000,0.000000
08:11:17,517,-31.978559,115.818947,250000,5,916040000,7,13,-112,-116,0.25,0.000000,0.000000
08:11:19,518,-31.978559,115.818947,250000,5,916040000,7,13,-110,-130,3.50,0.000000,0.000000
08:11:20,519,-31.978556,115.818985,250000,5,916040000,7,13,-109,-130,3.25,0.000000,0.000000
08:11:22,520,-31.978556,115.818985,250000,5,916040000,7,13,-116,-130,-6.75,0.000000,0.000000
08:11:23,521,-31.978559,115.819023,250000,5,916040000,7,13,-113,-118,-1.00,0.000000,0.000000
08:11:25,=2â¸®â¸®â¸®R{â¸®â¸®m45h%10<~819023,250000,5,916040000,7,13,-115,-114,-9.00,0.000000,0.000000
08:11:26,523,-31.978584,115.819061,250000,5,916040000,7,13,-112,-130,0.00,0.000000,0.000000
08:11:28,524,-31.978584,115.819061,250000,5,916040000,7,13,-111,-130,2.00,0.000000,0.000000
08:11:29,525,-31.978617,115.819077,250000,5,916040000,7,13,-116,-113,-8.25,0.000000,0.000000
08:11:31,526,-31.978628,115.819084,250000,5,916040000,7,13,-115,-129,-5.50,0.000000,0.000000
08:11:33,527,-31.978642,115.819092,250000,5,916040000,7,13,-112,-130,-0.50,0.000000,0.000000
08:11:33,528,-31.978649,115.819092,250000,5,916040000,7,13,-111,-122,2.25,0.000000,0.000000
08:11:35,529,-31.978672,115.819092,250000,5,916040000,7,13,-107,-108,5.75,0.000000,0.000000
08:11:36,530,-31.978678,115.819099,250000,5,916040000,7,13,-109,-130,4.25,0.000000,0.000000
08:11:39,531,-31.978695,115.819107,250000,5,916040000,7,13,-113,-107,-1.50,0.000000,0.000000
08:11:40,532,-31.978704,115.819099,250000,5,916040000,7,13,-111,-130,2.00,0.000000,0.000000
08:11:42,533,-31.978704,115.819099,250000,5,916040000,7,13,-114,-130,-1.75,0.000000,0.000000
08:11:42,534,-31.978724,115.819092,250000,5,916040000,7,13,-112,-109,1.00,0.000000,0.000000
08:11:45,535,-31.978724,115.819092,250000,5,916040000,7,13,-111,-130,2.00,0.000000,0.000000
08:11:46,536,-31.978735,115.819077,250000,5,916040000,7,13,-111,-108,2.25,0.000000,0.000000
08:11:48,537,-31.978735,115.819077,250000,5,916040000,7,13,-108,-130,5.25,0.000000,0.000000
08:11:49,538,-31.978733,115.819054,250000,5,916040000,7,13,-109,-124,4.00,0.000000,0.000000
08:11:51,539,-31.978733,115.819054,250000,5,916040000,7,13,-112,-117,1.25,0.000000,0.000000
08:11:52,540,-31.978754,115.819023,250000,5,916040000,7,13,-103,-130,7.25,0.000000,0.000000
08:11:54,541,-31.978754,115.819023,250000,5,916040000,7,13,-113,-130,-0.25,0.000000,0.000000
08:11:56,542,-31.978771,115.819016,250000,5,916040000,7,13,-112,-130,0.75,0.000000,0.000000
08:11:57,543,-31.978777,115.819016,250000,5,916040000,7,13,-114,-110,-3.50,0.000000,0.000000
08:11:59,544,-31.978800,115.818977,250000,5,916040000,7,13,-103,-109,7.75,0.000000,0.000000
08:12:00,545,-31.978817,115.818970,250000,5,916040000,7,13,-106,-130,6.25,0.000000,0.000000
08:12:02,546,-31.978848,115.818947,250000,5,916040000,7,13,-108,-111,4.50,0.000000,0.000000
08:12:05,548,-31.978893,115.818932,250000,5,916040000,7,13,-98,-114,8.75,0.000000,0.000000
08:12:06,549,-31.978914,115.818932,250000,5,916040000,7,13,-104,-130,7.00,0.000000,0.000000
08:12:08,550,-31.978926,115.818932,250000,5,916040000,7,13,-108,-130,4.50,0.000000,0.000000
08:12:09,551,-31.978947,115.818932,250000,5,916040000,7,13,-111,-130,1.50,0.000000,0.000000
08:12:11,552,-31.978964,115.818932,250000,5,916040000,7,13,-105,-116,7.00,0.000000,0.000000
08:12:12,553,-31.978992,115.818916,250000,5,916040000,7,13,-104,-108,7.25,0.000000,0.000000
08:12:14,554,-31.978992,115.818916,250000,5,916040000,7,13,-112,-129,-0.50,0.000000,0.000000
08:12:15,555,-31.979033,115.818893,250000,5,916040000,7,13,-105,-131,7.00,0.000000,0.000000
08:12:17,556,-31.979033,115.818893,250000,5,916040000,7,13,-105,-111,6.75,0.000000,0.000000
08:12:18,557,-31.979082,115.818878,250000,5,916040000,7,13,-104,-130,7.50,0.000000,0.000000
08:12:20,558,-31.979082,115.818878,250000,5,916040000,7,13,-109,-130,4.00,0.000000,0.000000
08:12:22,559,-31.979126,115.818848,250000,5,916040000,7,13,-108,-129,4.50,0.000000,0.000000
08:12:23,560,-31.979137,115.818840,250000,5,916040000,7,13,-111,-131,1.00,0.000000,0.000000
08:12:25,561,-31.979158,115.818817,250000,5,916040000,7,13,-108,-114,3.50,0.000000,0.000000
08:12:25,562,-31.979164,115.818802,250000,5,916040000,7,13,-113,-131,-0.25,0.000000,0.000000
08:12:28,563,-31.979176,115.818779,250000,5,916040000,7,13,-108,-130,3.50,0.000000,0.000000
08:12:29,564,-31.979191,115.818748,250000,5,916040000,7,13,-115,-129,-3.25,0.000000,0.000000
08:12:31,565,-31.979200,115.818741,250000,5,916040000,7,13,-111,-130,1.50,0.000000,0.000000
08:12:32,566,-31.979219,115.818733,250000,5,916040000,7,13,-109,-130,3.75,0.000000,0.000000
08:12:34,567,-31.979225,115.818733,250000,5,916040000,7,13,-108,-111,4.25,0.000000,0.000000
08:12:35,568,-31.979239,115.818733,250000,5,916040000,7,13,-114,-131,-5.00,0.000000,0.000000
08:12:37,569,-31.979239,115.818733,250000,5,916040000,7,13,-107,-131,5.50,0.000000,0.000000
08:12:38,570,-31.979250,115.818733,250000,5,916040000,7,13,-107,-115,5.50,0.000000,0.000000
08:12:40,571,-31.979250,115.818733,250000,5,916040000,7,13,-107,-114,6.50,0.000000,0.000000
08:12:41,572,-31.979263,115.818733,250000,5,916040000,7,13,-108,-132,3.75,0.000000,0.000000
08:12:43,573,-31.979263,115.818733,250000,5,916040000,7,13,-107,-130,4.75,0.000000,0.000000
08:12:45,574,-31.979280,115.818748,250000,5,916040000,7,13,-107,-130,6.00,0.000000,0.000000
08:12:46,575,-31.979284,115.818756,250000,5,916040000,7,13,-112,-114,1.50,0.000000,0.000000
08:12:47,576,-31.979292,115.818764,250000,5,916040000,7,13,-112,-116,1.50,0.000000,0.000000
08:12:48,577,-31.979292,115.818764,250000,5,916040000,7,13,-101,-129,8.25,0.000000,0.000000
08:12:51,578,-31.979300,115.818779,250000,5,916040000,7,13,-116,-129,-3.75,0.000000,0.000000
08:12:51,579,-31.979301,115.818794,250000,5,916040000,7,13,-107,-110,5.25,0.000000,0.000000
08:12:54,580,-31.979305LWWâ¸®')tâ¸®y8,250000,5,916040000,7,13,-116,-112,-11.25,0.000000,0.000000
08:12:54,581,}31â¸®979309,115'818825,250000,5,916040000,7,13,-115,-124,-8.00,0.000000,0.000000
08:12:57,582,-31.979309,115.818825,250000,5,916040000,7,13,-107,-130,5.50,0.000000,0.000000
08:12:58,583,-31.979328,115.818832,250000,5,916040000,7,13,-103,-130,7.50,0.000000,0.000000
08:13:00,584,-31.979328,115.818832,250000,5,916040000,7,13,-113,-114,-2.50,0.000000,0.000000
08:13:00,585,-31.979361,115.818840,250000,5,916040000,7,13,-105,-130,7.00,0.000000,0.000000
08:13:03,586,-31.979361,115.818840,250000,5,916040000,7,13,-112,-109,1.75,0.000000,0.000000
08:13:04,587,-31.979389,115.818840,250000,5,916040000,7,13,-106,-130,6.50,0.000000,0.000000
08:13:06,588,-31.979389,115.818840,250000,5,916040000,7,13,-109,-108,3.75,0.000000,0.000000
08:13:07,589,-31.979406,115.818840,250000,5,916040000,7,13,-115,-130,-5.75,0.000000,0.000000
08:13:09,590,-31.979406,115.818840,250000,5,916040000,7,13,-110,-114,3.00,0.000000,0.000000
08:13:11,591,-31.979437,115.818848,250000,5,916040000,7,13,-110,-130,3.25,0.000000,0.000000
08:13:12,592,-31.979448,115.818848,250000,5,916040000,7,13,-103,-130,7.25,0.000000,0.000000
08:13:14,593,-31.979471,115.818848,250000,5,916040000,7,13,-104,-111,7.00,0.000000,0.000000
08:13:14,594,-31.979488,115.818855,250000,5,916040000,7,13,-112,-108,1.00,0.000000,0.000000
08:13:17,595,-31.979521,115.818863,250000,5,916040000,7,13,-114,-114,-2.25,0.000000,0.000000
08:13:18,596,-31.979551,115.818871,250000,5,916040000,7,13,-115,-131,-3.50,0.000000,0.000000
08:13:20,597,-31.979563,115.818878,250000,5,916040000,7,13,-107,-130,5.50,0.000000,0.000000
08:13:21,598,-31.979586,115.818871,250000,5,916040000,7,13,-103,-110,7.50,0.000000,0.000000
08:13:23,599,-31.979605,115.818871,250000,5,916040000,7,13,-107,-114,5.50,0.000000,0.000000
08:13:24,600,-31.979633,115.818871,250000,5,916040000,7,13,-115,-111,-5.75,0.000000,0.000000
08:13:26,601,-31.979649,115.818871,250000,5,916040000,7,13,-114,-130,-3.00,0.000000,0.000000
08:13:27,602,-31.979687,115.818871,250000,5,916040000,7,13,-105,-130,6.75,0.000000,0.000000
08:13:29,603,-31.979687,115.818871,250000,5,916040000,7,13,-115,-130,-6.75,0.000000,0.000000
08:13:30,604,-31.979742,115.818871,250000,5,916040000,7,13,-101,-111,8.00,0.000000,0.000000
08:13:32,605,-31.979742,115.818871,250000,5,916040000,7,13,-105,-111,7.00,0.000000,0.000000
08:13:33,606,-31.979799,115.818863,250000,5,916040000,7,13,-115,-130,-3.50,0.000000,0.000000
08:13:35,607,-31.979799,115.818863,250000,5,916040000,7,13,-115,-111,-6.25,0.000000,0.000000
08:13:37,608,-31.979855,115.818863,250000,5,916040000,7,13,-106,-112,6.00,0.000000,0.000000
08:13:37,609,-31.979876,115.818855,250000,5,916040000,7,13,-103,-130,7.00,0.000000,0.000000
08:13:40,610,-31.979918,115.818855,250000,5,916040000,7,13,-105,-130,7.00,0.000000,0.000000
08:13:40,611,-31.979935,115.818848,250000,5,916040000,7,13,-113,-130,-0.50,0.000000,0.000000
08:13:43,612,-31.979967,115.818848,250000,5,916040000,7,13,-107,-129,5.25,0.000000,0.000000
08:13:43,613,-31.979996,115.818848,250000,5,916040000,7,13,-108,-116,4.50,0.000000,0.000000
08:13:46,614,-31.980019,115.818840,250000,5,916040000,7,13,-102,-112,7.50,0.000000,0.000000
08:13:47,615,-31.980053,115.818832,250000,5,916040000,7,13,-109,-130,4.50,0.000000,0.000000
08:13:49,616,-31.980068,115.818832,250000,5,916040000,7,13,-107,-130,5.50,0.000000,0.000000
08:13:50,617,-31.980106,115.818825,250000,5,916040000,7,13,-104,-131,7.75,0.000000,0.000000
08:13:52,618,-31.980106,115.818825,250000,5,916040000,7,13,-104,-130,7.00,0.000000,0.000000
08:13:53,619,-31.980158,115.818817,250000,5,916040000,7,13,-109,-117,4.00,0.000000,0.000000
08:13:55,620,-31.980158,115.818817,250000,5,916040000,7,13,-104,-130,7.50,0.000000,0.000000
08:13:56,621,-31.980204,115.818802,250000,5,916040000,7,13,-112,-130,0.00,0.000000,0.000000
08:13:58,622,-31.980204,115.818802,250000,5,916040000,7,13,-108,-130,4.75,0.000000,0.000000
08:13:59,623,-31.980249,115.818794,250000,5,916040000,7,13,-113,-115,-1.25,0.000000,0.000000
08:14:01,624,-31.980263,115.818794,250000,5,916040000,7,13,-110,-112,2.75,0.000000,0.000000
08:14:03,625,-31.980291,115.818787,250000,5,916040000,7,13,-113,-130,-0.50,0.000000,0.000000
08:14:03,626,-31.980305,115.818787,250000,5,916040000,7,13,-110,-130,3.50,0.000000,0.000000
08:14:05,627,-31.980335,115.818787,250000,5,916040000,7,13,-107,-131,6.25,0.000000,0.000000
08:14:06,628,-31.980352,115.818779,250000,5,916040000,7,13,-110,-129,2.75,0.000000,0.000000
08:14:09,629,-31.980379,115.818787,250000,5,916040000,7,13,-114,-124,-3.25,0.000000,0.000000
08:14:09,630,-31.980400,115.818787,250000,5,916040000,7,13,-108,-110,5.00,0.000000,0.000000
08:14:12,631,-31.980412,115.818787,250000,5,916040000,7,13,-109,-129,4.00,0.000000,0.000000
08:14:12,632,-31.980442,115.818779,250000,5,916040000,7,13,-109,-131,4.50,0.000000,0.000000
08:14:15,633,-31.980453,115.818771,250000,5,916040000,7,13,-107,-124,5.75,0.000000,0.000000
08:14:16,634,-31.980476,115.818764,250000,5,916040000,7,13,-103,-124,7.75,0.000000,0.000000
08:14:18,635,-31.980476,115.818764,250000,5,916040000,7,13,-101,-130,7.75,0.000000,0.000000
08:14:18,636,-31.980507,115.818748,250000,5,916040000,7,13,-103,-112,7.25,0.000000,0.000000
08:14:21,637,-31.980507,115.818748,250000,5,916040000,7,13,-100,-112,8.50,0.000000,0.000000
08:14:22,638,-31.980539,115.818718,250000,5,916040000,7,13,-99,-116,8.50,0.000000,0.000000
08:14:24,639,-31.980539,115.818718,250000,5,916040000,7,13,-103,-130,7.75,0.000000,0.000000
08:14:26,640,-31.980577,115.818695,250000,5,916040000,7,13,-99,-130,8.75,0.000000,0.000000
08:14:26,641,-31.980591,115.818672,250000,5,916040000,7,13,-105,-130,6.25,0.000000,0.000000
08:14:29,642,-31.980616,115.818657,250000,5,916040000,7,13,-106,-116,7.00,0.000000,0.000000
08:14:30,643,-31.980627,115.818642,250000,5,916040000,7,13,-108,-131,4.50,0.000000,0.000000
08:14:32,644,-31.980646,115.818619,250000,5,916040000,7,13,-102,-131,7.50,0.000000,0.000000
08:14:32,645,-31.980669,115.818596,250000,5,916040000,7,13,-102,-130,7.50,0.000000,0.000000
08:14:35,646,-31.980680,115.818588,250000,5,916040000,7,13,-110,-113,3.25,0.000000,0.000000
08:14:36,647,-31.980703,115.818565,250000,5,916040000,7,13,-105,-129,6.00,0.000000,0.000000
08:14:38,648,-31.980711,115.818558,250000,5,916040000,7,13,-103,-130,7.25,0.000000,0.000000
08:14:39,649,-31.980724,115.818535,250000,5,916040000,7,13,-103,-130,7.50,0.000000,0.000000
08:14:41,650,-31.980724,115.818535,250000,5,916040000,7,13,-102,-130,7.50,0.000000,0.000000
08:14:42,651,-31.980761,115.818504,250000,5,916040000,7,13,-104,-130,7.25,0.000000,0.000000
08:14:44,652,-31.980761,115.818504,250000,5,916040000,7,13,-102,-130,7.50,0.000000,0.000000
08:14:45,653,-31.980782,115.818474,250000,5,916040000,7,13,-105,-130,6.75,0.000000,0.000000
08:14:47,654,-31.980782,115.818474,250000,5,916040000,7,13,-112,-130,0.50,0.000000,0.000000
08:14:49,655,-31.980801,115.818436,250000,5,916040000,7,13,-104,-129,7.50,0.000000,0.000000
08:14:50,656,-31.980808,115.818420,250000,5,916040000,7,13,-108,-129,4.50,0.000000,0.000000
08:14:52,657,-31.980827,115.818398,250000,5,916040000,7,13,-108,-130,4.75,0.000000,0.000000
08:14:52,658,-31.980839,115.818390,250000,5,916040000,7,13,-107,-129,5.50,0.000000,0.000000
08:14:55,659,-31.980858,115.818367,250000,5,916040000,7,13,-109,-129,4.25,0.000000,0.000000
08:14:55,660,-31.980865,115.818359,250000,5,916040000,7,13,-105,-128,6.75,0.000000,0.000000
08:14:58,661,-31.980881,115.818336,250000,5,916040000,7,13,-99,-112,8.75,0.000000,0.000000
08:14:58,662,-31.980902,115.818321,250000,5,916040000,7,13,-108,-128,5.00,0.000000,0.000000
08:15:01,663,-31.980913,115.818306,250000,5,916040000,7,13,-108,-110,4.75,0.000000,0.000000
08:15:02,664,-31.980938,115.818283,250000,5,916040000,7,13,-114,-128,-3.50,0.000000,0.000000
08:15:04,665,-31.980951,115.818268,250000,5,916040000,7,13,-108,-128,4.50,0.000000,0.000000
08:15:05,666,-31.980976,115.818253,250000,5,916040000,7,13,-106,-128,7.00,0.000000,0.000000
08:15:07,667,-31.980976,115.818253,250000,5,916040000,7,13,-103,-128,7.50,0.000000,0.000000
08:15:08,668,-31.981010,115.818222,250000,5,916040000,7,13,-109,-129,3.75,0.000000,0.000000
08:15:10,669,-31.981010,115.818222,250000,5,916040000,7,13,-101,-128,8.00,0.000000,0.000000
08:15:11,670,-31.981047,115.818192,250000,5,916040000,7,13,-102,-111,8.00,0.000000,0.000000
08:15:13,671,-31.981047,115.818192,250000,5,916040000,7,13,-101,-108,8.00,0.000000,0.000000
08:15:15,672,-31.981075,115.818161,250000,5,916040000,7,13,-101,-110,8.25,0.000000,0.000000
08:15:16,673,-31.981085,115.818153,250000,5,916040000,7,13,-106,-115,7.00,0.000000,0.000000
08:15:17,674,-31.981106,115.818130,250000,5,916040000,7,13,-101,-129,8.50,0.000000,0.000000
08:15:18,675,-31.981115,115.818123,250000,5,916040000,7,13,-105,-131,7.00,0.000000,0.000000
08:15:21,676,-31.981142,115.818108,250000,5,916040000,7,13,-103,-130,7.50,0.000000,0.000000
08:15:21,677,-31.981171,115.818092,250000,5,916040000,7,13,-103,-130,6.75,0.000000,0.000000
08:15:24,678,-31.981184,115.818085,250000,5,916040000,7,13,-104,-130,7.00,0.000000,0.000000
08:15:24,679,-31.981207,115.818069,250000,5,916040000,7,13,-104,-130,7.00,0.000000,0.000000
08:15:27,680,-31.981216,115.818062,250000,5,916040000,7,13,-101,-130,8.75,0.000000,0.000000
08:15:28,681,-31.981234,115.818047,250000,5,916040000,7,13,-101,-115,8.75,0.000000,0.000000
08:15:30,682,-31.981234,115.818047,250000,5,916040000,7,13,-107,-130,5.25,0.000000,0.000000
08:15:30,683,-31.981274,115.818031,250000,5,916040000,7,13,-113,-130,-1.75,0.000000,0.000000
08:15:33,684,-31.981274,115.818031,250000,5,916040000,7,13,-109,-116,4.50,0.000000,0.000000
08:15:34,685,-31.981314,115.818031,250000,5,916040000,7,13,-109,-110,3.25,0.000000,0.000000
08:15:36,686,-31.981314,115.818031,250000,5,916040000,7,13,-116,-130,-7.00,0.000000,0.000000
08:15:37,687,-31.981342,115.818039,250000,5,916040000,7,13,-114,-130,-3.25,0.000000,0.000000
08:15:39,688,-31.981346,115.818039,250000,5,916040000,7,13,-115,-129,-6.00,0.000000,0.000000
08:15:42,690,-31.i84379&Q[â¸®â¸®h1â¸®â¸®â¸®S,250000,5,916040000,7,13,-116,-130,-11.25,0.000000,0.000000
08:15:44,691,-31.981394,115.818024,250000,5,916040000,7,13,-115,-130,-7.25,0.000000,0.000000
08:15:44,692,-31.981403,115.818024,250000,5,916040000,7,13,-115,-130,-4.25,0.000000,0.000000
08:15:47,693,-31.981434,115.818031,250000,5,916040000,7,13,-114,-110,-4.75,0.000000,0.000000
08:15:48,694,-31.981438,115.818024,250000,5,916040000,7,13,-112,-130,-1.00,0.000000,0.000000
08:15:49,696,-31.981464,115.818024,250000,5,916040000,7,13,-114,-130,-3.75,0.000000,0.000000
08:15:53,697,-31.981482,115.818024,250000,5,916040000,7,13,-112,-130,0.75,0.000000,0.000000
08:15:54,698,-31.981508,115.818031,250000,5,916040000,7,13,-111,-130,2.50,0.000000,0.000000
08:15:56,699,-31.981508,115.818031,250000,5,916040000,7,13,-112,-130,0.75,0.000000,0.000000
08:15:59,701,-31.981556,115.818039,250000,5,916040000,7,13,-111,-110,1.00,0.000000,0.000000
08:16:00,>â¸®â¸®â¸®-â¸®â¸®.3016y4â¸®115X1=53<,250000,5,916040000,7,13,-115,-130,-11.25,0.000000,0.000000
08:16:02,703,-31.981594,115.818039,250000,5,916040000,7,13,-114,-129,-5.00,0.000000,0.000000
08:16:04,704,-31.981640,115.818039,250000,5,916040000,7,13,-114,-108,-3.00,0.000000,0.000000
08:16:05,705,-31.981661,115.818039,250000,5,916040000,7,13,-114,-131,-3.75,0.000000,0.000000
08:16:07,706,-31.981703,115.818031,250000,5,916040000,7,13,-113,-130,-1.25,0.000000,0.000000
08:16:10,708,-31.981747,115.818031,250000,5,916040000,7,13,-115,-116,-7.75,0.000000,0.000000
08:16:10,709,-31.981760,115.818024,250000,5,916040000,7,13,-115,-129,-6.50,0.000000,0.000000
08:16:13,710,-31.981789,115.818024,250000,5,916040000,7,13,-114,-130,-2.50,0.000000,0.000000
08:16:14,711,-31.981821,115.818008,250000,5,916040000,7,13,-114,-130,-6.75,0.000000,0.000000
08:16:16,712,-31â¸®9â¸®9833
s3.11  1,250000,5,916040000,7,13,-115,-112,-10.75,0.000000,0.000000
08:16:19,714,-31.981865,115.817978,250000,5,916040000,7,13,-114,-129,-2.25,0.000000,0.000000
08:16:20,715,-31.981886,115.817970,250000,5,916040000,7,13,-114,-130,-4.00,0.000000,0.000000
08:16:21,717â¸®â¸®:â¸®-2;â¸®â¸®b++â¸®â¸®â¸®(,250000,5,916040000,7,13,-115,-114,-12.25,0.000000,0.000000
08:16:25,718,-31.981911,115.817963,250000,5,916040000,7,13,-115,-112,-4.75,0.000000,0.000000
08:16:26,719,-31.981970,115.817963,250000,5,916040000,7,13,-116,-130,-8.00,0.000000,0.000000
08:16:28,720,-31.981995,115.817978,250000,5,916040000,7,13,-115,-129,-5.75,0.000000,0.000000
08:16:29,7â¸®!<-S9-â¸®:"â¸®(Þ¼Q9â¸®$x17??r,250000,5,916040000,7,13,-115,-112,-11.25,0.000000,0.000000
08:16:30,722,-31.982042,115.817955,250000,5,916040000,7,13,-115,-112,-4.50,0.000000,0.000000
08:16:33,723,-31.982048,115.817947,250000,5,916040000,7,13,-114,-132,-5.25,0.000000,0.000000
08:16:33,724,-31.982050,115.817940,250000,5,916040000,7,13,-114,-108,-3.25,0.000000,0.000000
08:16:36,725,-31.982052,115.817924,250000,5,916040000,7,13,-113,-130,-3.50,0.000000,0.000000
08:16:36,726,-31.982052,115.817917,250000,5,916040000,7,13,-115,-130,-7.25,0.000000,0.000000
08:16:39,727,-31.982052,115.817917,250000,5,916040000,7,13,-114,-130,-4.50,0.000000,0.000000
08:16:40,728,-31.982052,115.817902,250000,5,916040000,7,13,-115,-129,-4.00,0.000000,0.000000
08:16:42,729,-31.982052,115.817902,250000,5,916040000,7,13,-115,-112,-6.00,0.000000,0.000000
08:16:42,730,-31.982052,115.817894,250000,5,916040000,7,13,-115,-112,-8.25,0.000000,0.000000
08:16:45,731,-31.982052,115.817894,250000,5,916040000,7,13,-114,-130,-7.00,0.000000,0.000000
08:16:46,732,-31.982052,115.817886,250000,5,916040000,7,13,-115,-111,-7.00,0.000000,0.000000
08:16:48,733,-31.982052,115.817886,250000,5,916040000,7,13,-114,-112,-5.50,0.000000,0.000000
08:16:49,734,-31.982050,115.817879,250000,5,916040000,7,13,-115,-115,-7.75,0.000000,0.000000
08:16:51,735,-31.982050,115.817879,250000,5,916040000,7,13,-115,-130,-7.00,0.000000,0.000000
08:16:53,736,-31.982048,115.817863,250000,5,916040000,7,13,-115,-130,-6.00,0.000000,0.000000
08:16:54,737,-31.982046,115.817856,250000,5,916040000,7,13,-116,-130,-7.00,0.000000,0.000000
08:16:56,738,-31.982042,115.817833,250000,5,916040000,7,13,-115,-112,-4.75,0.000000,0.000000
08:16:56,739,-31.982040,115.817833,250000,5,916040000,7,13,-114,-130,-4.50,0.000000,0.000000
08:16:59,740,-31.982037,115.817818,250000,5,916040000,7,13,-115,-117,-5.25,0.000000,0.000000
08:17:00,741,-31.982037,115.817810,250000,5,916040000,7,13,-115,-130,-7.25,0.000000,0.000000
08:17:02,742,-31.982031,115.817802,250000,5,916040000,7,13,-115,-130,-5.75,0.000000,0.000000
08:17:03,743,-31.982046,115.817795,250000,5,916040000,7,13,-114,-110,-1.50,0.000000,0.000000
08:17:05,744,-31.982056,115.817795,250000,5,916040000,7,13,-115,-130,-4.75,0.000000,0.000000
08:17:06,745,-31.982079,115.817795,250000,5,916040000,7,13,-111,-114,2.75,0.000000,0.000000
08:17:08,746,-31.982092,115.817585,250000,5,916040000,7,13,-116,-112,-9.25,0.000000,0.000000
08:17:09,747,-31.982122,115.817818,250000,5,916040000,7,13,-113,-131,-1.50,0.000000,0.000000
08:17:10,749,-31.982155,115.817841,250000,5,916040000,7,13,-114,-130,-1.50,0.000000,0.000000
08:17:14,750,-31.982155,115.817841,250000,5,916040000,7,13,-114,-130,-6.00,0.000000,0.000000
08:17:15,751,-31.982178,115.817871,250000,5,916040000,7,13,-115,-130,-9.00,0.000000,0.000000
08:17:17,752,-31.982201,115.817879,250000,5,916040000,7,13,-115,-130,-5.25,0.000000,0.000000
08:17:22,?â¸®5&-31.982258,115.817909,250000,5,916040000,7,13,-116,-111,-7.50,0.000000,0.000000
08:17:22,756,-31.982273,115.817917,250000,5,916040000,7,13,-114,-130,-5.75,0.000000,0.000000
08:18:00,780,-31.982336,115.818321,250000,5,916040000,7,13,-115,-130,-7.00,0.000000,0.000000
08:18:00,781,-â¸®â¸®.982323,115.818352,250000,5,916040000,7,13,-115,-116,-9.25,0.000000,0.000000
08:18:03,782,-31.982323,115.818352,250000,5,916040000,7,13,-116,-110,-8.00,0.000000,0.000000
08:18:06,784,-31.982328,115.818405,250000,5,916040000,7,13,-115,-129,-8.00,0.000000,0.000000
08:18:09,786,-31.982332,115.818436,250000,5,916040000,7,13,-115,-131,-6.50,0.000000,0.000000
08:18:11,787,-31.982327,115.818451,250000,5,916040000,7,13,-114,-116,-3.00,0.000000,0.000000
08:18:14,789,-31.982330,115.818481,250000,5,916040000,7,13,-115,-111,-3.25,0.000000,0.000000
08:18:14,790,-31.982347,115.818512,250000,5,916040000,7,13,-115,-130,-4.00,0.000000,0.000000
08:18:17,791,-31.982351,115.818527,250000,5,916040000,7,13,-114,-131,-5.00,0.000000,0.000000
08:18:18,792,-31.982365,115.818558,250000,5,916040000,7,13,-114,-130,-2.25,0.000000,0.000000
08:18:20,793,-31.982368,115.818573,250000,5,916040000,7,13,-114,-130,-3.25,0.000000,0.000000
08:18:21,794,-31.982374,115.818611,250000,5,916040000,7,13,-112,-116,0.50,0.000000,0.000000
08:18:22,796,-31.982384,115.818649,250000,5,916040000,7,13,-113,-109,0.25,0.000000,0.000000
08:18:26,797,-31.982384,115.818649,250000,5,916040000,7,13,-113,-123,0.00,0.000000,0.000000
08:18:27,798,-31.982410,115.818710,250000,5,916040000,7,13,-114,-130,-4.00,0.000000,0.000000
08:18:29,799,-31.982410,115.818710,250000,5,916040000,7,13,-114,-112,-3.75,0.000000,0.000000
08:18:31,800,-31.982433,115.818764,250000,5,916040000,7,13,-111,-130,1.75,0.000000,0.000000
08:18:32,801,-31.982441,115.818779,250000,5,916040000,7,13,-110,-131,3.00,0.000000,0.000000
08:18:34,802,-31.982452,115.818810,250000,5,916040000,7,13,-114,-109,-3.00,0.000000,0.000000
08:18:34,803,-31.982464,115.818825,250000,5,916040000,7,13,-114,-113,-5.50,0.000000,0.000000
08:18:37,804,-31.982470,115.8188d9,250000,5,916040000,7,13,-115,-132,-10.00,0.000000,0.000000
08:18:37,805,-31.982481,115.818863,250000,5,916040000,7,13,-113,-130,-1.50,0.000000,0.000000
08:18:40,806,-31.982492,115.818893,250000,5,916040000,7,13,-113,-116,-1.75,0.000000,0.000000
08:18:40,807,-31.982508,115.818909,250000,5,916040000,7,13,-114,-114,-2.25,0.000000,0.000000
08:18:43,808,-31.982517,115.818916,250000,5,916040000,7,13,-113,-130,-1.75,0.000000,0.000000
08:18:44,809,-31.982531,115.818939,250000,5,916040000,7,13,-114,-130,-6.25,0.000000,0.000000
08:18:46,810,-31.982534,115.818954,250000,5,916040000,7,13,-112,-130,1.25,0.000000,0.000000
08:18:47,811,-31.982538,115.818970,250000,5,916040000,7,13,-113,-117,-0.25,0.000000,0.000000
08:18:49,812,-31.982538,115.818970,250000,5,916040000,7,13,-115,-130,-4.50,0.000000,0.000000
08:18:52,814,-31.982548,115.819008,250000,5,916040000,7,13,-114,-116,-2.25,0.000000,0.000000
08:18:53,815,-31.982565,115.819046,250000,5,916040000,7,13,-115,-130,-5.75,0.000000,0.000000
08:18:55,^1V*-31.982564,1159046,250000,5,916040000,7,13,-115,-124,-9.75,0.000000,0.000000
08:18:57,817,-31.982576,115.819077,250000,5,916040000,7,13,-110,-130,3.25,0.000000,0.000000
08:18:58,818,-31.982580,115.819092,250000,5,916040000,7,13,-109,-109,2.75,0.000000,0.000000
08:18:59,819,-31.982588,115.819122,250000,5,916040000,7,13,-110,-108,2.25,0.000000,0.000000
08:19:00,820,-31.982592,115.819138,250000,5,916040000,7,13,-114,-130,-2.50,0.000000,0.000000
08:19:03,821,-31.982605,115.819168,250000,5,916040000,7,13,-110,-130,3.00,0.000000,0.000000
08:19:03,822,-31.982618,115.819183,250000,5,916040000,7,13,-108,-129,4.75,0.000000,0.000000
08:19:06,823,-31.982622,115.819199,250000,5,916040000,7,13,-113,-114,-2.25,0.000000,0.000000
08:19:06,824,-31.982624,115.819221,250000,5,916040000,7,13,-112,-131,0.00,0.000000,0.000000
08:19:08,826,-31.982635,115.819267,250000,5,916040000,7,13,-113,-111,-1.75,0.000000,0.000000
08:19:12,827,-31.982635,115.819267,250000,5,916040000,7,13,-111,-130,1.25,0.000000,0.000000
08:19:13,828,-31.982632,115.819298,250000,5,916040000,7,13,-112,-108,-0.25,0.000000,0.000000
08:19:15,829,-31.982632,115.819298,250000,5,916040000,7,13,-113,-130,-3.25,0.000000,0.000000
08:19:16,830,-31.982607,115.819328,250000,5,916040000,7,13,-116,-130,-10.00,0.000000,0.000000
08:19:18,831,-31.982607,115.819328,250000,5,916040000,7,13,-114,-130,-4.75,0.000000,0.000000
08:19:20,832,-31.982580,115.819374,250000,5,916040000,7,13,-115,-131,-10.25,0.000000,0.000000
08:19:21,833,-31.982571,115.819389,250000,5,916040000,7,13,-115,-130,-3.00,0.000000,0.000000
08:19:24,835,-31.982550,115.819427,250000,5,916040000,7,13,-115,-110,-4.75,0.000000,0.000000
08:19:26,836,-31.982536,115.819443,250000,5,916040000,7,13,-113,-128,-2.25,0.000000,0.000000
08:19:26,837,-31.982531,115.819450,250000,5,916040000,7,13,-114,-115,-8.50,0.000000,0.000000
08:19:29,838,-31.982513,115.819473,250000,5,916040000,7,13,-115,-129,-6.00,0.000000,0.000000
08:19:30,841,-31.982479,115.819519,250000,5,916040000,7,13,-115,-111,-9.25,0.000000,0.000000
08:19:34,843,-31.982460,115.819519,250000,5,916040000,7,13,-115,-112,-6.25,0.000000,0.000000
08:19:37,1â¸®â¸®T)EFâ¸®98â¸®6â¸®â¸®,115â¸®1Z2,250000,5,916040000,7,13,-115,-129,-10.75,0.000000,0.000000
08:19:41,>â¸®.â¸®ns+9p2491â¸®1â¸®â¸®â¸®0;â¸®â¸®00,250000,5,916040000,7,13,-115,-131,-11.25,0.000000,0.000000
08:19:44,848,-31.982393,115.819504,250000,5,916040000,7,13,-114,-112,-6.25,0.000000,0.000000
08:19:47,850,-31.982357,115.819496,250000,5,916040000,7,13,-114,-131,-3.50,0.000000,0.000000
08:19:48,852,'â¸®â¸®.982332,115+=1948Y,250000,5,916040000,7,13,-115,-115,-10.75,0.000000,0.000000
08:19:52,853â¸®i7Q,;:05Q1,5q5&011â¸®h,250000,5,916040000,7,13,-115,-130,-10.75,0.000000,0.000000
08:19:55,855,-31.982275,115.819481,250000,5,916040000,7,13,-115,-130,-7.00,0.000000,0.000000
08:19:55,856,-31.982252,115.819466,250000,5,916040000,7,13,-115,-130,-5.25,0.000000,0.000000
08:19:58,857,-31.982252,115.819466,250000,5,916040000,7,13,-115,-130,-8.25,0.000000,0.000000
08:19:59,858,-31.982233,115.819473,250000,5,916040000,7,13,-113,-130,0.00,0.000000,0.000000
08:20:01,859,-31.982233,115.819473,250000,5,916040000,7,13,-114,-124,-1.00,0.000000,0.000000
08:20:02,860,-31.982212,115.819458,250000,5,916040000,7,13,-112,-109,0.75,0.000000,0.000000
08:20:04,861L-31.982212(1â¸®5.819458,250000,5,916040000,7,13,-116,-130,-9.75,0.000000,0.000000
08:20:05,862,-31.982220,115.819450,250000,5,916040000,7,13,-108,-114,4.00,0.000000,0.000000
08:20:07,â¸®â¸®â¸®â¸®Veâ¸®8â¸®â¸®â¸®â¸®4â¸®8=$:,250000,5,916040000,7,13,-115,-131,-10.75,0.000000,0.000000
08:20:08,864,-31.982208,115.819443,250000,5,916040000,7,13,-113,-108,-0.25,0.000000,0.000000
08:20:10,865,-31.982201,115.819435,250000,5,916040000,7,13,-105,-130,6.50,0.000000,0.000000
08:20:11,866,-31.982197,115.819389,250000,5,916040000,7,13,-110,-130,2.75,0.000000,0.000000
08:20:12,867,-31.982193,115.819374,250000,5,916040000,7,13,-107,-130,5.75,0.000000,0.000000
08:20:15,868,-31.982191,115.819366,250000,5,916040000,7,13,-113,-116,-0.75,0.000000,0.000000
08:20:15,869,-31.982183,115.819366,250000,5,916040000,7,13,-106,-109,6.50,0.000000,0.000000
08:20:18,870,-31.982164,115.819344,250000,5,916040000,7,13,-109,-131,4.00,0.000000,0.000000
08:20:18,871,-31.982155,115.819321,250000,5,916040000,7,13,-112,-130,1.00,0.000000,0.000000
08:20:21,872,-31.982155,115.819321,250000,5,916040000,7,13,-113,-108,-1.50,0.000000,0.000000
08:20:22,873,-31.982140,115.819275,250000,5,916040000,7,13,-107,-130,5.75,0.000000,0.000000
08:20:24,874,-31.982140,115.819275,250000,5,916040000,7,13,-109,-129,3.50,0.000000,0.000000
08:20:24,875,-31.982122,115.819229,250000,5,916040000,7,13,-108,-109,4.25,0.000000,0.000000
08:20:26,877,-31.982113,115.819176,250000,5,916040000,7,13,-104,-108,7.75,0.000000,0.000000
08:20:30,878,-31+9hâ¸®Yâ¸®â¸®mË‹pâ¸®39176,250000,5,916040000,7,13,-115,-130,-9.25,0.000000,0.000000
08:20:31,879,-31.982063,115.819130,250000,5,916040000,7,13,-102,-130,7.50,0.000000,0.000000
08:20:33,880,-31.982065,115.819107,250000,5,916040000,7,13,-105,-107,6.75,0.000000,0.000000
08:20:35,881,-31.982056,115.819084,250000,5,916040000,7,13,-113,-109,-1.75,0.000000,0.000000
08:20:36,882,-31.982040,115.819061,250000,5,916040000,7,13,-108,-123,5.00,0.000000,0.000000
08:20:38,883,-31.982018,115.819031,250000,5,916040000,7,13,-110,-122,2.25,0.000000,0.000000
08:20:38,884,-31.982019,115.819008,250000,5,916040000,7,13,-113,-130,-0.75,0.000000,0.000000
08:20:41,885,-31.982021,115.818985,250000,5,916040000,7,13,-111,-130,2.00,0.000000,0.000000
08:20:42,886,-31.982023,115.818977,250000,5,916040000,7,13,-109,-131,3.25,0.000000,0.000000
08:20:44,887,-31.982002,115.818954,250000,5,916040000,7,13,-112,-131,0.00,0.000000,0.000000
08:20:45,888,-31.981987,115.818939,250000,5,916040000,7,13,-108,-116,5.00,0.000000,0.000000
08:20:47,889,-31.981987,115.818939,250000,5,916040000,7,13,-111,-130,1.50,0.000000,0.000000
08:20:48,890,-31.981966,115.818932,250000,5,916040000,7,13,-108,-131,4.00,0.000000,0.000000
08:20:50,891,-31.981958,115.818932,250000,5,916040000,7,13,-109,-130,3.50,0.000000,0.000000
08:20:51,892,-31.981939,115.818924,250000,5,916040000,7,13,-114,-131,-2.75,0.000000,0.000000
08:20:53,893,-31.981939,115.818924,250000,5,916040000,7,13,-109,-122,4.00,0.000000,0.000000
08:20:54,894,-31.981916,115.818909,250000,5,916040000,7,13,-113,-130,-0.50,0.000000,0.000000
08:20:56,895,-31.981916,115.818909,250000,5,916040000,7,13,-112,-131,1.25,0.000000,0.000000
08:20:57,896,-31.981888,115.818901,250000,5,916040000,7,13,-109,-130,4.00,0.000000,0.000000
08:20:59,897,-31.981878,115.818901,250000,5,916040000,7,13,-107,-116,5.00,0.000000,0.000000
08:21:01,898,-31.981857,115.818901,250000,5,916040000,7,13,-109,-130,4.25,0.000000,0.000000
08:21:01,899,-31.981842,115.818901,250000,5,916040000,7,13,-109,-130,4.00,0.000000,0.000000
08:21:04,900,-31.981817,115.818901,250000,5,916040000,7,13,-114,-131,-4.25,0.000000,0.000000
08:21:04,901,-31.981810,115.818909,250000,5,916040000,7,13,-111,-130,2.00,0.000000,0.000000
08:21:07,902,-31.981783,115.818909,250000,5,916040000,7,13,-104,-131,7.25,0.000000,0.000000
08:21:07,903,-31.981771,115.818916,250000,5,916040000,7,13,-100,-130,8.50,0.000000,0.000000
08:21:10,904,-31.981771,115.818916,250000,5,916040000,7,13,-105,-130,7.00,0.000000,0.000000
08:21:11,905,-31.981756,115.818924,250000,5,916040000,7,13,-111,-114,2.25,0.000000,0.000000
08:21:13,906,-31.981756,115.818924,250000,5,916040000,7,13,-110,-130,2.25,0.000000,0.000000
08:21:14,907,-31.981756,115.818939,250000,5,916040000,7,13,-110,-130,3.00,0.000000,0.000000
08:21:16,908,-31.981756,115.818939,250000,5,916040000,7,13,-110,-112,3.25,0.000000,0.000000
08:21:17,909,-31.981752,115.818962,250000,5,916040000,7,13,-113,-108,-1.25,0.000000,0.000000
08:21:19,910,-31.981752,115.818962,250000,5,916040000,7,13,-102,-110,8.25,0.000000,0.000000
08:21:20,911,-31.981760,115.819000,250000,5,916040000,7,13,-109,-130,4.00,0.000000,0.000000
08:21:22,912,-31.981758,115.819016,250000,5,916040000,7,13,-112,-130,1.00,0.000000,0.000000
08:21:23,913,-31.981752,115.819054,250000,5,916040000,7,13,-109,-110,1.75,0.000000,0.000000
08:21:25,914,-31.981752,115.819069,250000,5,916040000,7,13,-112,-130,0.50,0.000000,0.000000
08:21:27,915,-31.981749,115.819107,250000,5,916040000,7,13,-111,-130,1.50,0.000000,0.000000
08:21:27,916,-31.981745,115.819122,250000,5,916040000,7,13,-103,-130,7.25,0.000000,0.000000
08:21:29,917,-31.981735,115.819153,250000,5,916040000,7,13,-92,-130,9.50,0.000000,0.000000
08:21:30,918,-31.981735,115.819160,250000,5,916040000,7,13,-98,-130,8.75,0.000000,0.000000
08:21:33,919,-31.981733,115.819176,250000,5,916040000,7,13,-100,-131,8.75,0.000000,0.000000
08:21:33,920,-31.981731,115.819183,250000,5,916040000,7,13,-99,-130,8.75,0.000000,0.000000
08:21:36,921,-31.981731,115.819183,250000,5,916040000,7,13,-105,-109,7.25,0.000000,0.000000
08:21:36,922,-31.981703,115.819199,250000,5,916040000,7,13,-101,-130,8.50,0.000000,0.000000
08:21:39,923,-31.981703,115.819199,250000,5,916040000,7,13,-94,-130,9.50,0.000000,0.000000
08:21:40,924,-31.981680,115.819206,250000,5,916040000,7,13,-104,-114,7.00,0.000000,0.000000
08:21:42,925,-31.981680,115.819206,250000,5,916040000,7,13,-98,-130,9.00,0.000000,0.000000
08:21:42,926,-31.981657,115.819229,250000,5,916040000,7,13,-97,-111,8.75,0.000000,0.000000
08:21:45,927,-31.981657,115.819229,250000,5,916040000,7,13,-96,-130,9.00,0.000000,0.000000
08:21:46,928,-31.981642,115.819244,250000,5,916040000,7,13,-103,-109,6.75,0.000000,0.000000
08:21:48,929,-31.981634,115.819252,250000,5,916040000,7,13,-99,-130,8.75,0.000000,0.000000
08:21:50,930,-31.981619,115.819267,250000,5,916040000,7,13,-98,-130,8.50,0.000000,0.000000
08:21:51,931,-31.981623,115.819275,250000,5,916040000,7,13,-104,-109,7.25,0.000000,0.000000
08:21:53,932,-31.981619,115.819283,250000,5,916040000,7,13,-104,-131,6.75,0.000000,0.000000
08:21:54,933,-31.981617,115.819298,250000,5,916040000,7,13,-91,-130,9.00,0.000000,0.000000
08:21:56,934,-31.981598,115.819321,250000,5,916040000,7,13,-95,-110,9.25,0.000000,0.000000
08:21:56,935,-31.981585,115.819328,250000,5,916040000,7,13,-96,-111,9.00,0.000000,0.000000
08:21:59,936,-31.981575,115.819336,250000,5,916040000,7,13,-92,-130,9.75,0.000000,0.000000
08:22:00,937,-31.981560,115.819344,250000,5,916040000,7,13,-92,-107,9.50,0.000000,0.000000
08:22:02,938,-31.981560,115.819344,250000,5,916040000,7,13,-88,-131,10.00,0.000000,0.000000
08:22:03,939,-31.981529,115.819366,250000,5,916040000,7,13,-80,-130,10.50,0.000000,0.000000
08:22:05,940,-31.981529,115.819366,250000,5,916040000,7,13,-81,-108,10.25,0.000000,0.000000
08:22:06,941,-31.981504,115.819405,250000,5,916040000,7,13,-87,-130,10.00,0.000000,0.000000
08:22:08,942,-31.981504,115.819405,250000,5,916040000,7,13,-84,-131,10.00,0.000000,0.000000
08:22:09,943,-31.981489,115.819435,250000,5,916040000,7,13,-91,-124,9.75,0.000000,0.000000
08:22:11,944,-31.981489,115.819435,250000,5,916040000,7,13,-76,-104,10.00,0.000000,0.000000
08:22:13,945,-31.981476,115.819458,250000,5,916040000,7,13,-80,-130,9.75,0.000000,0.000000
08:22:14,946,-31.981472,115.819473,250000,5,916040000,7,13,-83,-124,10.00,0.000000,0.000000
08:22:16,947,-31.981466,115.819504,250000,5,916040000,7,13,-89,-130,10.25,0.000000,0.000000
08:22:16,948,-31.981459,115.819511,250000,5,916040000,7,13,-93,-130,9.50,0.000000,0.000000
08:22:19,949,-31.981455,115.819534,250000,5,916040000,7,13,-86,-130,10.25,0.000000,0.000000
08:22:19,950,-31.981457,115.819550,250000,5,916040000,7,13,-87,-124,10.25,0.000000,0.000000
08:22:22,951,-31.981455,115.819580,250000,5,916040000,7,13,-96,-130,8.75,0.000000,0.000000
08:22:22,952,-31.981457,115.819603,250000,5,916040000,7,13,-96,-109,9.00,0.000000,0.000000
08:22:25,953,-31.981461,115.819611,250000,5,916040000,7,13,-100,-110,8.25,0.000000,0.000000
08:22:26,954,-31.981457,115.819649,250000,5,916040000,7,13,-86,-130,9.75,0.000000,0.000000
08:22:28,955,-31.981449,115.819656,250000,5,916040000,7,13,-88,-108,10.25,0.000000,0.000000
08:22:29,956,-31.981430,115.819672,250000,5,916040000,7,13,-99,-109,8.25,0.000000,0.000000
08:22:31,957,-31.981430,115.819672,250000,5,916040000,7,13,-96,-124,9.00,0.000000,0.000000
08:22:32,958,-31.981421,115.819710,250000,5,916040000,7,13,-97,-131,8.50,0.000000,0.000000
08:22:34,959,-31.981421,115.819710,250000,5,916040000,7,13,-103,-131,7.00,0.000000,0.000000
08:22:35,960,-31.981409,115.819740,250000,5,916040000,7,13,-96,-112,8.75,0.000000,0.000000
08:22:37,961,-31.981421,115.819756,250000,5,916040000,7,13,-97,-131,8.25,0.000000,0.000000
08:22:39,962,-31.981405,11â¸®.â¸®1:â¸®3,250000,5,916040000,7,13,-114,-130,-7.25,0.000000,0.000000
08:22:40,963,-31.981401,115.819771,250000,5,916040000,7,13,-96,-124,9.00,0.000000,0.000000
08:22:41,964,-31.981390,115.819794,250000,5,916040000,7,13,-102,-108,7.25,0.000000,0.000000
08:22:42,965,-31.981390,115.819801,250000,5,916040000,7,13,-107,-112,5.50,0.000000,0.000000
08:22:45,966,-31.981384,115.819824,250000,5,916040000,7,13,-110,-129,3.25,0.000000,0.000000
08:22:45,967,-31.981380,115.819832,250000,5,916040000,7,13,-103,-130,7.50,0.000000,0.000000
08:22:48,968,-31.981377,115.819862,250000,5,916040000,7,13,-97,-130,8.25,0.000000,0.000000
08:22:48,969,-31.981382,115.819885,250000,5,916040000,7,13,-101,-116,8.50,0.000000,0.000000
08:22:51,970,-31.981390,115.819893,250000,5,916040000,7,13,-98,-130,8.00,0.000000,0.000000
08:22:52,971,-31.981407,115.819901,250000,5,916040000,7,13,-101,-110,8.00,0.000000,0.000000
08:22:54,972,-31.981419,115.819901,250000,5,916040000,7,13,-101,-130,8.25,0.000000,0.000000
08:22:54,973,-31.981436,115.819908,250000,5,916040000,7,13,-113,-113,0.00,0.000000,0.000000
08:22:57,974,-31.981436,115.819908,250000,5,916040000,7,13,-109,-114,4.00,0.000000,0.000000
08:22:58,975,-31.981466,115.819931,250000,5,916040000,7,13,-113,-131,0.50,0.000000,0.000000
08:23:00,976,-31.981466,115.819931,250000,5,916040000,7,13,-103,-123,7.50,0.000000,0.000000
08:23:01,977,-31.981508,115.819946,250000,5,916040000,7,13,-113,-111,-3.00,0.000000,0.000000
08:23:03,978,-31.981522,115.819946,250000,5,916040000,7,13,-105,-130,-0.75,0.000000,0.000000
08:23:05,979,-31.981550,115.819946,250000,5,916040000,7,13,-107,-109,5.50,0.000000,0.000000
08:23:06,980,-31.981567,115.819954,250000,5,916040000,7,13,-105,-130,7.50,0.000000,0.000000
08:23:08,981,-31.981594,115.819969,250000,5,916040000,7,13,-112,-130,-0.25,0.000000,0.000000
08:23:08,982,-31.981607,115.819977,250000,5,916040000,7,13,-103,-130,7.50,0.000000,0.000000
08:23:11,983,-31.981628,115.820000,250000,5,916040000,7,13,-104,-116,7.00,0.000000,0.000000
08:23:12,984,-31.981642,115.820023,250000,5,916040000,7,13,-106,-130,6.25,0.000000,0.000000
08:23:14,985,-31.981651,115.820023,250000,5,916040000,7,13,-104,-111,7.25,0.000000,0.000000
08:23:15,986,-31.981676,115.820045,250000,5,916040000,7,13,-108,-111,5.50,0.000000,0.000000
08:23:17,987,-31.981680,115.820053,250000,5,916040000,7,13,-107,-128,4.75,0.000000,0.000000
08:23:18,988,-31.981672,115.820068,250000,5,916040000,7,13,-107,-110,5.50,0.000000,0.000000
08:23:20,989,-31.981672,115.820068,250000,5,916040000,7,13,-107,-129,5.00,0.000000,0.000000
08:23:21,990,-31.981640,115.820091,250000,5,916040000,7,13,-106,-129,6.75,0.000000,0.000000
08:23:23,991,-31.981640,115.820091,250000,5,916040000,7,13,-103,-128,6.75,0.000000,0.000000
08:23:24,992,-31.981606,115.820107,250000,5,916040000,7,13,-98,-114,8.00,0.000000,0.000000
08:23:26,993,-31.981596,115.820114,250000,5,916040000,7,13,-102,-107,8.25,0.000000,0.000000
08:23:28,994,-31.981575,115.820114,250000,5,916040000,7,13,-104,-129,7.25,0.000000,0.000000
08:23:29,995,-31.981567,115.820114,250000,5,916040000,7,13,-106,-128,7.00,0.000000,0.000000
08:23:31,996,-31.981552,115.820107,250000,5,916040000,7,13,-108,-107,4.50,0.000000,0.000000
08:23:31,997,-31.981544,115.820107,250000,5,916040000,7,13,-107,-129,6.25,0.000000,0.000000
08:23:34,998,-31.981529,115.820107,250000,5,916040000,7,13,-104,-130,7.25,0.000000,0.000000
08:23:34,999,-31.981520,115.820107,250000,5,916040000,7,13,-110,-130,2.75,0.000000,0.000000
08:23:37,1000,-31.981501,115.820107,250000,5,916040000,7,13,-103,-114,7.00,0.000000,0.000000
08:23:38,1001,-31.981478,115.820099,250000,5,916040000,7,13,-104,-109,7.00,0.000000,0.000000
08:23:40,1002,-31.981461,115.820084,250000,5,916040000,7,13,-100,-122,8.50,0.000000,0.000000
08:23:41,1003,-31.981440,115.820061,250000,5,916040000,7,13,-100,-130,9.25,0.000000,0.000000
08:23:43,1004,-31.981440,115.820061,250000,5,916040000,7,13,-98,-110,9.75,0.000000,0.000000
08:23:44,1005,-31.981421,115.820053,250000,5,916040000,7,13,-109,-112,4.00,0.000000,0.000000
08:23:46,1006,-31.981421,115.820053,250000,5,916040000,7,13,-99,-130,8.75,0.000000,0.000000
08:23:47,1007,-31.981400,115.820053,250000,5,916040000,7,13,-98,-130,10.25,0.000000,0.000000
08:23:49,1008,-31.981400,115.820053,250000,5,916040000,7,13,-93,-130,9.75,0.000000,0.000000
08:23:50,1009,-31.981371,115.820061,250000,5,916040000,7,13,-92,-109,10.25,0.000000,0.000000
08:23:52,1010,-31.981365,115.820068,250000,5,916040000,7,13,-89,-130,10.75,0.000000,0.000000
08:23:53,1011,-31.981337,115.820061,250000,5,916040000,7,13,-89,-110,10.50,0.000000,0.000000
08:23:55,1012,-31.981323,115.820053,250000,5,916040000,7,13,-84,-130,10.50,0.000000,0.000000
08:23:57,1013,-31.981298,115.820053,250000,5,916040000,7,13,-90,-111,10.50,0.000000,0.000000
08:23:57,1014,-31.981285,115.820061,250000,5,916040000,7,13,-89,-108,10.00,0.000000,0.000000
08:24:00,1015,-31.981256,115.820061,250000,5,916040000,7,13,-96,-130,8.75,0.000000,0.000000
08:24:00,1016,-31.981232,115.820053,250000,5,916040000,7,13,-100,-130,8.50,0.000000,0.000000
08:24:03,1017,-31.981232,115.820053,250000,5,916040000,7,13,-88,-112,10.75,0.000000,0.000000
08:24:04,1018,-31.981190,115.820061,250000,5,916040000,7,13,-86,-111,10.25,0.000000,0.000000
08:24:06,1019,-31.981173,115.820053,250000,5,916040000,7,13,-93,-130,9.50,0.000000,0.000000
08:24:06,1020,-31.981146,115.820023,250000,5,916040000,7,13,-91,-124,9.75,0.000000,0.000000
08:24:09,1021,-31.981146,115.820023,250000,5,916040000,7,13,-90,-130,10.25,0.000000,0.000000
08:24:10,1022,-31.981117,115.819992,250000,5,916040000,7,13,-94,-130,9.50,0.000000,0.000000
08:24:12,1023,-31.981117,115.819992,250000,5,916040000,7,13,-92,-130,9.75,0.000000,0.000000
08:24:13,1024,-31.981100,115.819946,250000,5,916040000,7,13,-83,-129,10.00,0.000000,0.000000
08:24:15,1025,-31.981094,115.819939,250000,5,916040000,7,13,-83,-105,10.25,0.000000,0.000000
08:24:17,1026,-31.981085,115.819908,250000,5,916040000,7,13,-81,-130,10.25,0.000000,0.000000
08:24:18,1027,-31.981079,115.819901,250000,5,916040000,7,13,-83,-109,10.25,0.000000,0.000000
08:24:20,1028,-31.981068,115.819878,250000,5,916040000,7,13,-80,-124,10.00,0.000000,0.000000
08:24:20,1029,-31.981068,115.819862,250000,5,916040000,7,13,-78,-108,10.25,0.000000,0.000000
08:24:23,1030,-31.981077,115.819839,250000,5,916040000,7,13,-81,-130,7.75,0.000000,0.000000
08:24:24,1031,-31.981079,115.819817,250000,5,916040000,7,13,-80,-106,10.00,0.000000,0.000000
08:24:26,1032,-31.981083,115.819786,250000,5,916040000,7,13,-69,-131,10.25,0.000000,0.000000
08:24:27,1033,-31.981079,115.819763,250000,5,916040000,7,13,-77,-130,10.25,0.000000,0.000000
08:24:29,1034,-31.981079,115.819763,250000,5,916040000,7,13,-77,-105,10.25,0.000000,0.000000
08:24:30,1035,-31.981081,115.819740,250000,5,916040000,7,13,-75,-98,10.50,0.000000,0.000000
08:24:32,1036,-31.981081,115.819740,250000,5,916040000,7,13,-72,-128,10.50,0.000000,0.000000
08:24:33,1037,-31.981100,115.819702,250000,5,916040000,7,13,-89,-130,10.25,0.000000,0.000000
08:24:35,1038,-31.981100,115.819702,250000,5,916040000,7,13,-96,-114,9.25,0.000000,0.000000
08:24:36,1039,-31.981092,115.819656,250000,5,916040000,7,13,-79,-105,10.25,0.000000,0.000000
08:24:38,1040,-31.981092,115.819656,250000,5,916040000,7,13,-92,-129,9.50,0.000000,0.000000
08:24:39,1041,-31.981060,115.819611,250000,5,916040000,7,13,-77,-130,10.25,0.000000,0.000000
08:24:41,1042,-31.981049,115.819603,250000,5,916040000,7,13,-80,-110,10.00,0.000000,0.000000
08:24:43,1043,-31.981022,115.819588,250000,5,916040000,7,13,-79,-130,10.25,0.000000,0.000000
08:24:44,1044,-31.981014,115.819588,250000,5,916040000,7,13,-77,-130,10.75,0.000000,0.000000
08:24:46,1045,-31.980995,115.819580,250000,5,916040000,7,13,-88,-124,10.25,0.000000,0.000000
