Time,Number,S_Lat,S_Long,Bandwidth,CodingRate,Frequency,SpreadingFactor,TxPower,PacketRSSI,RSSI,SNR,R_Lat,R_Long
02:33:35,357,-31.977680,115.816139,250000,5,915000000,12,20,-65,-131,10.00,-31.977531,115.815842
02:33:36,358,-31.977674,115.816139,250000,5,915000000,12,20,-69,-130,8.50,-31.977531,115.815842
02:33:38,359,-31.977663,115.816124,250000,5,915000000,12,20,-69,-130,9.50,-31.977531,115.815842
02:33:42,360,-31.977659,115.816124,250000,5,915000000,12,20,-82,-130,9.00,-31.977531,115.815842
02:33:44,361,-31.977674,115.816177,250000,5,915000000,12,20,-87,-103,8.25,-31.977531,115.815842
02:33:46,362,-31.977655,115.816231,250000,5,915000000,12,20,-87,-100,9.00,-31.977531,115.815842
02:33:48,363,-31.977608,115.816254,250000,5,915000000,12,20,-93,-131,8.00,-31.977531,115.815842
02:33:49,364,-31.977608,115.816254,250000,5,915000000,12,20,-95,-106,7.00,-31.977531,115.815842
02:33:51,365,-31.977383,115.816376,250000,5,915000000,12,20,-101,-130,4.25,-31.977531,115.815842
02:33:53,366,-31.977386,115.816360,250000,5,915000000,12,20,-99,-105,5.75,-31.977531,115.815842
02:33:57,367,-31.977385,115.816376,250000,5,915000000,12,20,-99,-104,5.75,-31.977531,115.815842
02:33:59,368,-31.977385,115.816376,250000,5,915000000,12,20,-98,-130,6.00,-31.977531,115.815842
02:34:01,369,-31.977398,115.816490,250000,5,915000000,12,20,-99,-104,3.00,-31.977531,115.815842
02:34:02,370,-31.977417,115.816452,250000,5,915000000,12,20,-96,-105,7.25,-31.977531,115.815842
02:34:04,371,-31.977407,115.816444,250000,5,915000000,12,20,-94,-104,7.00,-31.977531,115.815842
02:34:06,372,-31.977400,115.816460,250000,5,915000000,12,20,-103,-110,1.50,-31.977531,115.815842
02:34:10,373,-31.977488,115.816444,250000,5,915000000,12,20,-97,-102,5.50,-31.977531,115.815842
02:34:12,374,-31.977568,115.816490,250000,5,915000000,12,20,-100,-130,3.75,-31.977531,115.815842
02:34:14,375,-31.977585,115.816483,250000,5,915000000,12,20,-105,-105,-1.75,-31.977531,115.815842
02:34:16,376,-31.977602,115.816505,250000,5,915000000,12,20,-102,-100,1.75,-31.977531,115.815842
02:34:17,377,-31.977600,115.816551,250000,5,915000000,12,20,-90,-83,-13.50,-31.977531,115.815842
02:34:19,378,-31.977585,115.816574,250000,5,915000000,12,20,-98,-101,-5.25,-31.977531,115.815842
02:34:23,379,-31.977446,115.816490,250000,5,915000000,12,20,-92,-87,-17.00,-31.977531,115.815842
02:34:25,380,-31.977465,115.816490,250000,5,915000000,12,20,-98,-100,-7.50,-31.977531,115.815842
02:34:27,381,-31.977579,115.816536,250000,5,915000000,12,20,-93,-92,-6.75,-31.977531,115.815842
02:34:29,382,-31.977598,115.816528,250000,5,915000000,12,20,-97,-90,-11.25,-31.977531,115.815842
02:34:30,383,-31.977627,115.816536,250000,5,915000000,12,20,-98,-130,-6.50,-31.977531,115.815842
02:34:32,384,-31.977613,115.816505,250000,5,915000000,12,20,-99,-94,-5.00,-31.977531,115.815842
02:34:36,385,-31.977667,115.816444,250000,5,915000000,12,20,-100,-100,0.75,-31.977531,115.815842
02:34:40,387,-31.977654,115.816513,250000,5,915000000,12,20,-94,-100,6.75,-31.977531,115.815842
02:34:42,388,-31.977571,115.816658,250000,5,915000000,12,20,-98,-100,4.50,-31.977531,115.815842
02:34:43,389,-31.977324,115.816612,250000,5,915000000,12,20,-97,-101,6.25,-31.977531,115.815842
02:34:45,390,-31.977211,115.816299,250000,5,915000000,12,20,-96,-104,7.25,-31.977531,115.815842
02:34:47,391,-31.977211,115.816299,250000,5,915000000,12,20,-94,-107,8.00,-31.977531,115.815842
02:34:51,392,-31.977211,115.816299,250000,5,915000000,12,20,-95,-131,7.75,-31.977531,115.815842
02:34:53,393,-31.977211,115.816299,250000,5,915000000,12,20,-93,-130,8.75,-31.977531,115.815842
02:34:55,394,-31.977625,115.816338,250000,5,915000000,12,20,-82,-102,10.25,-31.977531,115.815842
02:34:56,395,-31.977724,115.816345,250000,5,915000000,12,20,-91,-98,7.50,-31.977531,115.815842
02:34:58,396,-31.977743,115.816353,250000,5,915000000,12,20,-89,-130,10.00,-31.977531,115.815842
02:35:00,397,-31.977755,115.816368,250000,5,915000000,12,20,-94,-106,7.75,-31.977531,115.815842
02:35:04,398,-31.977762,115.816376,250000,5,915000000,12,20,-91,-103,8.50,-31.977531,115.815842
02:35:06,399,-31.977766,115.816406,250000,5,915000000,12,20,-89,-100,10.25,-31.977531,115.815842
02:35:08,400,-31.977596,115.816170,250000,5,915000000,12,20,-81,-106,11.50,-31.977531,115.815842
02:35:09,401,-31.977148,115.815643,250000,5,915000000,12,20,-81,-102,10.50,-31.977531,115.815842
02:35:11,402,-31.976851,115.815361,250000,5,915000000,12,20,-80,-109,11.50,-31.977531,115.815842
02:35:13,403,-31.976851,115.815361,250000,5,915000000,12,20,-81,-107,11.50,-31.977531,115.815842
02:35:17,404,-31.976851,115.815361,250000,5,915000000,12,20,-83,-102,10.00,-31.977531,115.815842
02:35:19,405,-31.976851,115.815361,250000,5,915000000,12,20,-91,-104,9.50,-31.977531,115.815842
02:35:21,406,-31.976851,115.815361,250000,5,915000000,12,20,-80,-130,10.25,-31.977531,115.815842
02:35:23,407,-31.976851,115.815361,250000,5,915000000,12,20,-92,-130,9.00,-31.977531,115.815842
02:35:24,408,-31.976851,115.815361,250000,5,915000000,12,20,-90,-130,9.00,-31.977531,115.815842
02:35:26,409,-31.976851,115.815361,250000,5,915000000,12,20,-82,-96,9.75,-31.977531,115.815842
02:35:30,410,-31.976851,115.815361,250000,5,915000000,12,20,-87,-100,9.25,-31.977531,115.815842
02:35:32,411,-31.976851,115.815361,250000,5,915000000,12,20,-79,-100,11.25,-31.977531,115.815842
02:35:34,412,-31.976851,115.815361,250000,5,915000000,12,20,-86,-102,10.25,-31.977531,115.815842
02:35:36,413,-31.976851,115.815361,250000,5,915000000,12,20,-80,-104,11.00,-31.977531,115.815842
02:35:38,414,-31.976851,115.815361,250000,5,915000000,12,20,-84,-101,12.00,-31.977531,115.815842
02:35:39,415,-31.976851,115.815361,250000,5,915000000,12,20,-78,-101,10.25,-31.977531,115.815842
02:35:41,416,-31.976851,115.815361,250000,5,915000000,12,20,-84,-130,10.00,-31.977531,115.815842
02:35:45,417,-31.976851,115.815361,250000,5,915000000,12,20,-74,-130,11.25,-31.977531,115.815842
02:35:47,418,-31.976851,115.815361,250000,5,915000000,12,20,-74,-102,11.50,-31.977531,115.815842
02:35:49,419,-31.976851,115.815361,250000,5,915000000,12,20,-74,-130,11.50,-31.977531,115.815842
02:35:50,420,-31.976851,115.815361,250000,5,915000000,12,20,-78,-105,9.00,-31.977531,115.815842
02:35:52,421,-31.976851,115.815361,250000,5,915000000,12,20,-88,-101,9.50,-31.977531,115.815842
02:35:54,422,-31.976851,115.815361,250000,5,915000000,12,20,-79,-106,11.00,-31.977531,115.815842
02:35:58,423,-31.976851,115.815361,250000,5,915000000,12,20,-78,-104,8.75,-31.977531,115.815842
02:36:00,424,-31.976851,115.815361,250000,5,915000000,12,20,-84,-130,10.25,-31.977531,115.815842
02:36:02,425,-31.976851,115.815361,250000,5,915000000,12,20,-82,-84,10.50,-31.977531,115.815842
02:36:04,426,-31.976851,115.815361,250000,5,915000000,12,20,-91,-101,9.50,-31.977531,115.815842
02:36:05,427,-31.976851,115.815361,250000,5,915000000,12,20,-88,-101,9.75,-31.977531,115.815842
02:36:07,428,-31.976851,115.815361,250000,5,915000000,12,20,-89,-103,9.00,-31.977531,115.815842
02:36:11,429,-31.976851,115.815361,250000,5,915000000,12,20,-92,-98,7.50,-31.977531,115.815842
02:36:13,430,-31.976851,115.815361,250000,5,915000000,12,20,-91,-106,8.75,-31.977531,115.815842
02:36:15,431,-31.976851,115.815361,250000,5,915000000,12,20,-89,-101,10.75,-31.977531,115.815842
02:36:17,432,-31.976851,115.815361,250000,5,915000000,12,20,-97,-103,5.00,-31.977531,115.815842
02:36:18,433,-31.976851,115.815361,250000,5,915000000,12,20,-99,-100,4.00,-31.977531,115.815842
02:36:20,434,-31.976851,115.815361,250000,5,915000000,12,20,-97,-106,4.25,-31.977531,115.815842
02:36:22,435,-31.976851,115.815361,250000,5,915000000,12,20,-96,-94,-1.00,-31.977531,115.815842
02:36:26,436,-31.976851,115.815361,250000,5,915000000,12,20,-87,-101,8.75,-31.977531,115.815842
02:36:28,437,-31.976851,115.815361,250000,5,915000000,12,20,-93,-130,8.00,-31.977531,115.815842
02:36:30,438,-31.976851,115.815361,250000,5,915000000,12,20,-84,-101,11.00,-31.977531,115.815842
02:36:31,439,-31.976851,115.815361,250000,5,915000000,12,20,-87,-104,9.25,-31.977531,115.815842
02:36:33,440,-31.976851,115.815361,250000,5,915000000,12,20,-92,-98,0.25,-31.977531,115.815842
02:36:35,441,-31.976851,115.815361,250000,5,915000000,12,20,-87,-104,9.75,-31.977531,115.815842
02:36:39,442,-31.976851,115.815361,250000,5,915000000,12,20,-83,-100,12.00,-31.977531,115.815842
02:36:41,443,-31.976851,115.815361,250000,5,915000000,12,20,-92,-107,8.00,-31.977531,115.815842
02:36:43,444,-31.976851,115.815361,250000,5,915000000,12,20,-89,-106,10.75,-31.977531,115.815842
02:36:44,445,-31.976851,115.815361,250000,5,915000000,12,20,-94,-108,9.00,-31.977531,115.815842
02:36:46,446,-31.976851,115.815361,250000,5,915000000,12,20,-92,-104,9.50,-31.977531,115.815842
02:36:48,447,-31.976851,115.815361,250000,5,915000000,12,20,-87,-104,10.75,-31.977531,115.815842
02:36:52,448,-31.977877,115.816437,250000,5,915000000,12,20,-86,-106,11.50,-31.977531,115.815842
02:36:54,449,-31.977932,115.816376,250000,5,915000000,12,20,-88,-130,9.50,-31.977531,115.815842
02:36:56,450,-31.977942,115.816360,250000,5,915000000,12,20,-88,-130,9.50,-31.977531,115.815842
02:36:58,451,-31.977940,115.816376,250000,5,915000000,12,20,-83,-130,10.50,-31.977531,115.815842
02:36:59,452,-31.977951,115.816391,250000,5,915000000,12,20,-85,-105,9.75,-31.977531,115.815842
02:37:01,453,-31.977961,115.816399,250000,5,915000000,12,20,-82,-104,11.00,-31.977531,115.815842
02:37:05,454,-31.977957,115.816429,250000,5,915000000,12,20,-84,-99,11.25,-31.977531,115.815842
02:37:07,455,-31.977930,115.816406,250000,5,915000000,12,20,-83,-130,12.25,-31.977531,115.815842
02:37:09,456,-31.977901,115.816376,250000,5,915000000,12,20,-88,-108,10.50,-31.977531,115.815842
02:37:11,457,-31.977865,115.816422,250000,5,915000000,12,20,-87,-99,9.00,-31.977531,115.815842
02:37:12,458,-31.977865,115.816422,250000,5,915000000,12,20,-93,-105,7.00,-31.977531,115.815842
02:37:14,459,-31.977859,115.816513,250000,5,915000000,12,20,-83,-106,10.25,-31.977531,115.815842
02:37:18,460,-31.977859,115.816528,250000,5,915000000,12,20,-84,-99,10.75,-31.977531,115.815842
02:37:20,461,-31.977852,115.816483,250000,5,915000000,12,20,-89,-131,10.00,-31.977531,115.815842
02:37:22,462,-31.977812,115.816452,250000,5,915000000,12,20,-85,-107,10.00,-31.977531,115.815842
02:37:24,463,-31.977747,115.816422,250000,5,915000000,12,20,-78,-105,10.00,-31.977531,115.815842
02:37:25,464,-31.977690,115.816422,250000,5,915000000,12,20,-79,-104,11.25,-31.977531,115.815842
02:37:27,465,-31.977692,115.816422,250000,5,915000000,12,20,-80,-106,11.50,-31.977531,115.815842
02:37:29,466,-31.977695,115.816437,250000,5,915000000,12,20,-79,-108,12.25,-31.977531,115.815842
02:37:33,467,-31.977694,115.816444,250000,5,915000000,12,20,-80,-109,12.25,-31.977531,115.815842
02:37:35,468,-31.977615,115.816475,250000,5,915000000,12,20,-81,-102,9.25,-31.977531,115.815842
02:37:37,469,-31.977587,115.816483,250000,5,915000000,12,20,-88,-130,10.50,-31.977531,115.815842
02:37:38,470,-31.977585,115.816460,250000,5,915000000,12,20,-94,-107,8.00,-31.977531,115.815842
02:37:40,471,-31.977575,115.816444,250000,5,915000000,12,20,-87,-91,11.50,-31.977531,115.815842
02:37:42,472,-31.977579,115.816444,250000,5,915000000,12,20,-88,-102,11.25,-31.977531,115.815842
02:37:46,473,-31.977556,115.816429,250000,5,915000000,12,20,-86,-107,11.00,-31.977531,115.815842
02:37:48,474,-31.977526,115.816414,250000,5,915000000,12,20,-88,-110,11.25,-31.977531,115.815842
02:37:50,475,-31.977524,115.816406,250000,5,915000000,12,20,-87,-130,9.75,-31.977531,115.815842
02:37:52,476,-31.977533,115.816399,250000,5,915000000,12,20,-85,-103,11.50,-31.977531,115.815842
02:37:53,477,-31.977650,115.816383,250000,5,915000000,12,20,-81,-104,10.75,-31.977531,115.815842
02:37:55,478,-31.977676,115.816383,250000,5,915000000,12,20,-77,-108,10.00,-31.977531,115.815842
02:37:59,479,-31.977699,115.816376,250000,5,915000000,12,20,-86,-100,9.75,-31.977531,115.815842
02:38:01,480,-31.977718,115.816376,250000,5,915000000,12,20,-86,-99,8.50,-31.977531,115.815842
02:38:03,481,-31.977743,115.816376,250000,5,915000000,12,20,-86,-130,10.50,-31.977531,115.815842
02:38:05,482,-31.977770,115.816376,250000,5,915000000,12,20,-84,-83,8.50,-31.977531,115.815842
02:38:06,483,-31.977797,115.816391,250000,5,915000000,12,20,-88,-130,8.25,-31.977531,115.815842
02:38:08,484,-31.977808,115.816399,250000,5,915000000,12,20,-85,-129,10.00,-31.977531,115.815842
02:38:12,485,-31.977833,115.816414,250000,5,915000000,12,20,-84,-130,9.50,-31.977531,115.815842
02:38:14,486,-31.977850,115.816422,250000,5,915000000,12,20,-90,-101,8.50,-31.977531,115.815842
02:38:16,487,-31.977905,115.816452,250000,5,915000000,12,20,-88,-104,9.50,-31.977531,115.815842
02:38:18,488,-31.977936,115.816460,250000,5,915000000,12,20,-93,-106,9.50,-31.977531,115.815842
02:38:19,489,-31.977968,115.816467,250000,5,915000000,12,20,-94,-106,8.00,-31.977531,115.815842
02:38:21,490,-31.977989,115.816475,250000,5,915000000,12,20,-98,-100,5.75,-31.977531,115.815842
02:38:23,491,-31.978016,115.816483,250000,5,915000000,12,20,-100,-103,4.25,-31.977531,115.815842
02:38:27,492,-31.972035,115.816475,250000,5,915000000,12,20,-103,-102,0.00,-31.977531,115.815842
02:38:29,493,-31.978086,115.816483,250000,5,915000000,12,20,-105,-105,3.50,-31.977531,115.815842
02:38:31,494,-31.978106,115.816483,250000,5,915000000,12,20,-100,-104,5.00,-31.977531,115.815842
02:38:33,495,-31.978125,115.816483,250000,5,915000000,12,20,-100,-106,5.00,-31.977531,115.815842
02:38:34,496,-31.978136,115.816483,250000,5,915000000,12,20,-103,-131,1.25,-31.977531,115.815842
02:38:36,497,-31.978165,115.816490,250000,5,915000000,12,20,-100,-129,2.75,-31.977531,115.815842
02:38:40,498,-31.978218,115.816483,250000,5,915000000,12,20,-106,-104,-2.00,-31.977531,115.815842
02:38:42,499,-31.978277,115.816483,250000,5,915000000,12,20,-99,-130,2.50,-31.977531,115.815842
02:38:44,500,-31.978298,115.816475,250000,5,915000000,12,20,-104,-100,-1.75,-31.977531,115.815842
02:38:45,501,-31.978317,115.816475,250000,5,915000000,12,20,-104,-106,-1.25,-31.977531,115.815842
02:38:47,502,-31.978336,115.816475,250000,5,915000000,12,20,-105,-105,-1.00,-31.977531,115.815842
02:38:49,503,-31.978346,115.816475,250000,5,915000000,12,20,-102,-106,0.00,-31.977531,115.815842
02:38:53,504,-31.978371,115.816467,250000,5,915000000,12,20,-105,-105,-1.50,-31.977531,115.815842
02:38:55,505,-31.978394,115.816475,250000,5,915000000,12,20,-106,-106,1.50,-31.977531,115.815842
02:38:57,506,-31.978437,115.816467,250000,5,915000000,12,20,-102,-103,3.25,-31.977531,115.815842
02:38:59,507,-31.978455,115.816460,250000,5,915000000,12,20,-106,-105,-2.75,-31.977531,115.815842
02:39:00,508,-31.978476,115.816444,250000,5,915000000,12,20,-104,-103,3.50,-31.977531,115.815842
02:39:02,509,-31.978491,115.816437,250000,5,915000000,12,20,-106,-102,-1.75,-31.977531,115.815842
02:39:06,510,-31.978518,115.816406,250000,5,915000000,12,20,-101,-104,5.25,-31.977531,115.815842
02:39:08,511,-31.978529,115.816360,250000,5,915000000,12,20,-96,-69,4.00,-31.977531,115.815842
02:39:10,512,-31.978558,115.816322,250000,5,915000000,12,20,-106,-105,2.75,-31.977531,115.815842
02:39:12,513,-31.978571,115.816315,250000,5,915000000,12,20,-103,-104,3.75,-31.977531,115.815842
02:39:13,514,-31.978571,115.816315,250000,5,915000000,12,20,-98,-130,5.75,-31.977531,115.815842
02:39:15,515,-31.978571,115.816315,250000,5,915000000,12,20,-102,-101,3.50,-31.977531,115.815842
02:39:17,516,-31.978626,115.816322,250000,5,915000000,12,20,-105,-105,1.75,-31.977531,115.815842
02:39:21,517,-31.978638,115.816330,250000,5,915000000,12,20,-100,-131,6.50,-31.977531,115.815842
02:39:23,518,-31.978661,115.816338,250000,5,915000000,12,20,-100,-107,5.25,-31.977531,115.815842
02:39:25,519,-31.978661,115.816315,250000,5,915000000,12,20,-99,-81,4.25,-31.977531,115.815842
02:39:26,520,-31.978554,115.815933,250000,5,915000000,12,20,-101,-130,5.00,-31.977531,115.815842
02:39:28,521,-31.978453,115.815758,250000,5,915000000,12,20,-108,-114,1.75,-31.977531,115.815842
02:39:30,522,-31.978441,115.815735,250000,5,915000000,12,20,-103,-111,4.50,-31.977531,115.815842
02:39:34,523,-31.978441,115.815735,250000,5,915000000,12,20,-107,-130,-3.75,-31.977531,115.815842
02:39:36,524,-31.978626,115.816101,250000,5,915000000,12,20,-102,-106,-0.25,-31.977531,115.815842
02:39:38,525,-31.978661,115.816238,250000,5,915000000,12,20,-105,-102,4.75,-31.977531,115.815842
02:39:39,526,-31.978701,115.816292,250000,5,915000000,12,20,-103,-108,5.75,-31.977531,115.815842
02:39:41,527,-31.978722,115.816322,250000,5,915000000,12,20,-104,-130,2.50,-31.977531,115.815842
02:39:43,528,-31.978735,115.816338,250000,5,915000000,12,20,-105,-101,3.75,-31.977531,115.815842
02:39:47,529,-31.978773,115.816360,250000,5,915000000,12,20,-107,-130,-1.50,-31.977531,115.815842
02:39:49,530,-31.978813,115.816383,250000,5,915000000,12,20,-105,-100,1.75,-31.977531,115.815842
02:39:51,531,-31.978880,115.816414,250000,5,915000000,12,20,-109,-106,0.00,-31.977531,115.815842
02:39:53,532,-31.978899,115.816422,250000,5,915000000,12,20,-106,-110,1.50,-31.977531,115.815842
02:39:54,533,-31.978910,115.816429,250000,5,915000000,12,20,-103,-106,2.75,-31.977531,115.815842
02:40:00,535,-31.978945,115.816437,250000,5,915000000,12,20,-104,-107,1.25,-31.977531,115.815842
02:40:02,536,-31.978937,115.816429,250000,5,915000000,12,20,-102,-107,-1.00,-31.977531,115.815842
02:40:04,537,-31.978971,115.816444,250000,5,915000000,12,20,-105,-105,1.75,-31.977531,115.815842
02:40:06,538,-31.978971,115.816444,250000,5,915000000,12,20,-110,-106,-0.75,-31.977531,115.815842
02:40:07,539,-31.979008,115.816444,250000,5,915000000,12,20,-109,-104,0.00,-31.977531,115.815842
02:40:09,540,-31.979023,115.816452,250000,5,915000000,12,20,-110,-106,0.00,-31.977531,115.815842
02:40:11,541,-31.979023,115.816452,250000,5,915000000,12,20,-110,-108,-4.25,-31.977531,115.815842
02:40:15,542,-31.979073,115.816452,250000,5,915000000,12,20,-107,-104,2.00,-31.977531,115.815842
02:40:17,543,-31.979073,115.816452,250000,5,915000000,12,20,-104,-130,3.25,-31.977531,115.815842
02:40:19,544,-31.979113,115.816429,250000,5,915000000,12,20,-109,-110,-1.25,-31.977531,115.815842
02:40:20,545,-31.979118,115.816376,250000,5,915000000,12,20,-111,-130,-3.50,-31.977531,115.815842
02:40:22,546,-31.979185,115.816360,250000,5,915000000,12,20,-112,-105,-8.75,-31.977531,115.815842
02:40:28,548,-31.979235,115.816338,250000,5,915000000,12,20,-110,-130,-11.25,-31.977531,115.815842
02:40:30,549,-31.979311,115.816292,250000,5,915000000,12,20,-112,-105,-3.25,-31.977531,115.815842
02:40:32,550,-31.979242,115.816238,250000,5,915000000,12,20,-113,-131,-4.00,-31.977531,115.815842
02:40:34,551,-31.978989,115.816109,250000,5,915000000,12,20,-113,-130,-6.25,-31.977531,115.815842
02:40:35,552,-31.978857,115.816025,250000,5,915000000,12,20,-113,-106,-12.25,-31.977531,115.815842
02:40:37,553,-31.978729,115.815948,250000,5,915000000,12,20,-113,-108,-9.00,-31.977531,115.815842
02:40:41,554,-31.978729,115.815948,250000,5,915000000,12,20,-111,-107,-15.50,-31.977531,115.815842
02:40:43,555,-31.978729,115.815948,250000,5,915000000,12,20,-111,-106,-3.25,-31.977531,115.815842
02:40:45,556,-31.978411,115.816132,250000,5,915000000,12,20,-108,-91,-2.75,-31.977531,115.815842
02:40:47,557,-31.978148,115.816223,250000,5,915000000,12,20,-110,-102,-6.25,-31.977531,115.815842
02:40:48,558,-31.978184,115.816231,250000,5,915000000,12,20,-111,-105,-4.50,-31.977531,115.815842
02:40:50,559,-31.978226,115.816223,250000,5,915000000,12,20,-113,-105,-11.50,-31.977531,115.815842
02:40:54,560,-31.978172,115.816231,250000,5,915000000,12,20,-111,-130,-10.25,-31.977531,115.815842
02:40:58,562,-31.978157,115.816208,250000,5,915000000,12,20,-112,-130,-11.25,-31.977531,115.815842
02:41:01,564,-31.978172,115.816170,250000,5,915000000,12,20,-114,-107,-8.00,-31.977531,115.815842
02:41:05,566,-31.978172,115.816170,250000,5,915000000,12,20,-114,-105,-9.75,-31.977531,115.815842
02:41:09,567,-31.978172,115.816170,250000,5,915000000,12,20,-113,-130,-11.00,-31.977531,115.815842
02:41:11,568,-31.978073,115.816132,250000,5,915000000,12,20,-113,-108,-5.75,-31.977531,115.815842
02:41:13,569,-31.978073,115.816132,250000,5,915000000,12,20,-112,-106,-11.75,-31.977531,115.815842
02:41:14,570,-31.978073,115.816132,250000,5,915000000,12,20,-112,-130,-6.75,-31.977531,115.815842
02:41:16,571,-31.978073,115.816132,250000,5,915000000,12,20,-114,-108,-13.25,-31.977531,115.815842
02:41:18,572,-31.978073,115.816132,250000,5,915000000,12,20,-109,-107,-6.50,-31.977531,115.815842
02:41:22,573,-31.978729,115.815704,250000,5,915000000,12,20,-109,-100,-3.00,-31.977531,115.815842
02:41:24,574,-31.978729,115.815704,250000,5,915000000,12,20,-112,-112,-3.50,-31.977531,115.815842
02:41:26,575,-31.978729,115.815704,250000,5,915000000,12,20,-111,-103,-8.50,-31.977531,115.815842
02:41:27,576,-31.978729,115.815704,250000,5,915000000,12,20,-109,-131,-0.50,-31.977531,115.815842
02:41:29,577,-31.979147,115.815750,250000,5,915000000,12,20,-98,-107,5.25,-31.977531,115.815842
02:41:31,578,-31.979143,115.815742,250000,5,915000000,12,20,-100,-106,7.75,-31.977531,115.815842
02:41:35,579,-31.979145,115.815742,250000,5,915000000,12,20,-102,-103,4.75,-31.977531,115.815842
02:41:37,580,-31.979153,115.815735,250000,5,915000000,12,20,-101,-109,6.25,-31.977531,115.815842
02:41:39,581,-31.979147,115.815704,250000,5,915000000,12,20,-107,-107,3.75,-31.977531,115.815842
02:41:41,582,-31.979143,115.815681,250000,5,915000000,12,20,-109,-108,-2.00,-31.977531,115.815842
02:41:42,583,-31.979147,115.815674,250000,5,915000000,12,20,-100,-108,6.75,-31.977531,115.815842
02:41:44,584,-31.979149,115.815666,250000,5,915000000,12,20,-99,-112,7.50,-31.977531,115.815842
02:41:48,585,-31.979151,115.815666,250000,5,915000000,12,20,-99,-104,6.75,-31.977531,115.815842
02:41:50,586,-31.979151,115.815666,250000,5,915000000,12,20,-101,-107,5.50,-31.977531,115.815842
02:41:52,587,-31.979143,115.815720,250000,5,915000000,12,20,-100,-109,6.00,-31.977531,115.815842
02:41:54,588,-31.979132,115.815750,250000,5,915000000,12,20,-100,-129,7.00,-31.977531,115.815842
02:41:55,589,-31.979136,115.815758,250000,5,915000000,12,20,-99,-112,4.25,-31.977531,115.815842
02:41:57,590,-31.979134,115.815765,250000,5,915000000,12,20,-106,-112,-0.50,-31.977531,115.815842
02:41:59,591,-31.979136,115.815781,250000,5,915000000,12,20,-106,-108,2.75,-31.977531,115.815842
02:42:03,592,-31.979149,115.815765,250000,5,915000000,12,20,-103,-128,4.75,-31.977531,115.815842
02:42:05,593,-31.979162,115.815765,250000,5,915000000,12,20,-104,-103,2.75,-31.977531,115.815842
02:42:07,594,-31.979176,115.815765,250000,5,915000000,12,20,-107,-109,-0.25,-31.977531,115.815842
02:42:08,595,-31.979200,115.815765,250000,5,915000000,12,20,-106,-106,3.50,-31.977531,115.815842
02:42:10,596,-31.979225,115.815758,250000,5,915000000,12,20,-104,-108,4.25,-31.977531,115.815842
02:42:12,597,-31.979239,115.815773,250000,5,915000000,12,20,-110,-109,-3.25,-31.977531,115.815842
02:42:16,598,-31.979263,115.815773,250000,5,915000000,12,20,-110,-106,0.25,-31.977531,115.815842
02:42:18,599,-31.979307,115.815765,250000,5,915000000,12,20,-106,-107,-3.00,-31.977531,115.815842
02:42:20,600,-31.979330,115.815765,250000,5,915000000,12,20,-110,-129,-2.50,-31.977531,115.815842
02:42:21,601,-31.979347,115.815765,250000,5,915000000,12,20,-110,-107,-3.50,-31.977531,115.815842
02:42:23,602,-31.979370,115.815765,250000,5,915000000,12,20,-107,-106,-1.00,-31.977531,115.815842
02:42:25,603,-31.979378,115.815750,250000,5,915000000,12,20,-105,-103,-1.00,-31.977531,115.815842
02:42:29,604,-31.979399,115.815750,250000,5,915000000,12,20,-108,-106,-2.25,-31.977531,115.815842
02:42:31,605,-31.979410,115.815758,250000,5,915000000,12,20,-110,-105,-4.25,-31.977531,115.815842
02:42:33,606,-31.979507,115.815750,250000,5,915000000,12,20,-110,-106,-5.00,-31.977531,115.815842
02:42:35,607,-31.979570,115.815750,250000,5,915000000,12,20,-109,-110,-2.50,-31.977531,115.815842
02:42:36,608,-31.979601,115.815750,250000,5,915000000,12,20,-106,-106,2.75,-31.977531,115.815842
02:42:38,609,-31.979628,115.815735,250000,5,915000000,12,20,-102,-84,3.00,-31.977531,115.815842
02:42:44,611,-31.979637,115.815727,250000,5,915000000,12,20,-105,-129,-0.25,-31.977531,115.815842
02:42:46,612,-31.979679,115.815727,250000,5,915000000,12,20,-106,-107,1.00,-31.977531,115.815842
02:42:48,613,-31.979681,115.815750,250000,5,915000000,12,20,-108,-105,-7.50,-31.977531,115.815842
02:42:49,614,-31.979700,115.815727,250000,5,915000000,12,20,-105,-106,-3.25,-31.977531,115.815842
02:42:51,615,-31.979715,115.815742,250000,5,915000000,12,20,-111,-106,-4.75,-31.977531,115.815842
02:42:53,616,-31.979715,115.815742,250000,5,915000000,12,20,-112,-130,-7.75,-31.977531,115.815842
02:42:57,617,-31.979715,115.815742,250000,5,915000000,12,20,-110,-106,-2.25,-31.977531,115.815842
02:42:59,618,-31.979715,115.815742,250000,5,915000000,12,20,-109,-107,-7.00,-31.977531,115.815842
02:43:02,620,-31.979715,115.815742,250000,5,915000000,12,20,-109,-105,-5.25,-31.977531,115.815842
02:43:04,621,-31.979715,115.815742,250000,5,915000000,12,20,-112,-106,-8.25,-31.977531,115.815842
02:43:06,622,-31.979715,115.815742,250000,5,915000000,12,20,-112,-106,-8.00,-31.977531,115.815842
02:43:10,623,-31.979818,115.815742,250000,5,915000000,12,20,-112,-106,-5.75,-31.977531,115.815842
02:43:14,625,-31.979818,115.815742,250000,5,915000000,12,20,-110,-104,-15.00,-31.977531,115.815842
02:43:15,626,-31.979818,115.815742,250000,5,915000000,12,20,-111,-130,-5.50,-31.977531,115.815842
02:43:17,627,-31.979818,115.815742,250000,5,915000000,12,20,-111,-108,-1.25,-31.977531,115.815842
02:43:19,628,-31.979881,115.815727,250000,5,915000000,12,20,-111,-113,-4.00,-31.977531,115.815842
02:43:27,631,-31.980032,115.815720,250000,5,915000000,12,20,-109,-110,-11.50,-31.977531,115.815842
02:43:29,632,-31.980057,115.815720,250000,5,915000000,12,20,-109,-100,-8.25,-31.977531,115.815842
02:43:30,633,-31.980061,115.815720,250000,5,915000000,12,20,-111,-105,-11.50,-31.977531,115.815842
02:43:32,634,-31.980070,115.815720,250000,5,915000000,12,20,-109,-105,-16.00,-31.977531,115.815842
02:43:36,635,-31.980074,115.815712,250000,5,915000000,12,20,-109,-99,-13.25,-31.977531,115.815842
02:43:47,641,-31.980171,115.815735,250000,5,915000000,12,20,-112,-101,-10.00,-31.977531,115.815842
02:43:53,643,-31.980345,115.815727,250000,5,915000000,12,20,-112,-107,-11.50,-31.977531,115.815842
02:43:58,646,-31.980448,115.815742,250000,5,915000000,12,20,-112,-101,-16.50,-31.977531,115.815842
02:44:06,649,-31.980639,115.815788,250000,5,915000000,12,20,-110,-130,-16.00,-31.977531,115.815842
02:44:08,650,-31.980669,115.815804,250000,5,915000000,12,20,-113,-108,-13.75,-31.977531,115.815842
02:44:11,652,-31.980734,115.815819,250000,5,915000000,12,20,-111,-105,-16.00,-31.977531,115.815842
02:44:13,653,-31.980749,115.815826,250000,5,915000000,12,20,-112,-103,-15.25,-31.977531,115.815842
02:44:19,655,-31.980810,115.815834,250000,5,915000000,12,20,-112,-130,-14.50,-31.977531,115.815842
02:44:21,656,-31.980837,115.815842,250000,5,915000000,12,20,-109,-130,-11.75,-31.977531,115.815842
02:44:23,657,-31.980837,115.815842,250000,5,915000000,12,20,-112,-130,-17.50,-31.977531,115.815842
02:44:24,658,-31.980906,115.815857,250000,5,915000000,12,20,-110,-104,-17.00,-31.977531,115.815842
02:44:26,659,-31.980906,115.815857,250000,5,915000000,12,20,-113,-105,-13.50,-31.977531,115.815842
02:44:36,663,-31.981052,115.815865,250000,5,915000000,12,20,-111,-111,-18.00,-31.977531,115.815842
02:44:37,665,-31.981190,115.815857,250000,5,915000000,12,20,-110,-130,-15.00,-31.977531,115.815842
02:44:47,668,-11.981237,115.815865,250000,5,915000000,12,20,-110,-106,-17.25,-31.977531,115.815842
02:44:48,670,-31.981241,115.815865,250000,5,915000000,12,20,-108,-102,-16.75,-31.977531,115.815842
02:45:00,674,-31.981287,115.815857,250000,5,915000000,12,20,-111,-110,-13.50,-31.977531,115.815842
02:45:03,676,-31.981276,115.815849,250000,5,915000000,12,20,-111,-107,-17.75,-31.977531,115.815842
02:46:18,710,-31.981211,115.817131,250000,5,915000000,12,20,-109,-105,-18.00,-31.977531,115.815842
02:46:18,714,-31.981161,115.817123,250000,5,915000000,12,20,-110,-107,-15.00,-31.977531,115.815842
02:46:29,716,-31.981161,115.817123,250000,5,915000000,12,20,-114,-107,-20.25,-31.977531,115.815842
02:46:33,717,-31.981161,115.817123,250000,5,915000000,12,20,-110,-101,-17.25,-31.977531,115.815842
02:46:35,718,-31.981161,115.817123,250000,5,915000000,12,20,-112,-105,-16.50,-31.977531,115.815842
02:46:36,720,-31.981161,115.817123,250000,5,915000000,12,20,-110,-102,-17.25,-31.977531,115.815842
02:46:42,722,-31.980993,115.816742,250000,5,915000000,12,20,-113,-106,-14.75,-31.977531,115.815842
02:46:53,727,-31.981012,115.816727,250000,5,915000000,12,20,-111,-130,-20.00,-31.977531,115.815842
02:47:08,734,-31.981060,115.816780,250000,5,915000000,12,20,-113,-107,-15.50,-31.977531,115.815842
02:47:14,736,-31.981110,115.816795,250000,5,915000000,12,20,-112,-106,-16.75,-31.977531,115.815842
02:47:31,744,-31.981176,115.816841,250000,5,915000000,12,20,-113,-112,-18.50,-31.977531,115.815842
02:47:41,753,-31.981178,115.817047,250000,5,915000000,12,20,-112,-106,-18.00,-31.977531,115.815842
02:47:57,756,-31.981266,115.817108,250000,5,915000000,12,20,-112,-130,-17.00,-31.977531,115.815842
02:48:00,758,-31.981361,115.817123,250000,5,915000000,12,20,-112,-104,-16.50,-31.977531,115.815842
02:48:38,775,-31.984091,115.818451,250000,5,915000000,12,20,-113,-113,-17.75,-31.977531,115.815842
02:48:41,777,-31.987726,115.821075,250000,5,915000000,12,20,-112,-106,-15.50,-31.977531,115.815842
02:48:47,779,-31.987967,115.820770,250000,5,915000000,12,20,-113,-130,-18.75,-31.977531,115.815842
02:48:51,781,-31.985249,115.819138,250000,5,915000000,12,20,-111,-107,-12.75,-31.977531,115.815842
02:48:53,782,-31.983952,115.818314,250000,5,915000000,12,20,-111,-106,-15.50,-31.977531,115.815842
02:48:54,783,-31.983173,115.817879,250000,5,915000000,12,20,-111,-106,-15.75,-31.977531,115.815842
02:48:56,784,-31.982958,115.817703,250000,5,915000000,12,20,-110,-130,-14.25,-31.977531,115.815842
02:49:00,785,-31.982901,115.817642,250000,5,915000000,12,20,-109,-107,-15.50,-31.977531,115.815842
02:49:04,787,-31.982550,115.817535,250000,5,915000000,12,20,-112,-114,-11.75,-31.977531,115.815842
02:49:06,788,-31.982449,115.817497,250000,5,915000000,12,20,-113,-106,-13.00,-31.977531,115.815842
02:49:09,791,-31.982052,115.817390,250000,5,915000000,12,20,-113,-106,-14.75,-31.977531,115.815842
02:49:15,792,-31.981663,115.817200,250000,5,915000000,12,20,-112,-107,-18.25,-31.977531,115.815842
02:49:17,793,-31.981092,115.817024,250000,5,915000000,12,20,-113,-131,-11.00,-31.977531,115.815842
02:49:19,794,-31.981071,115.817039,250000,5,915000000,12,20,-111,-130,-9.25,-31.977531,115.815842
02:49:20,795,-31.981043,115.817032,250000,5,915000000,12,20,-110,-109,-2.00,-31.977531,115.815842
02:49:22,796,-31.981047,115.817047,250000,5,915000000,12,20,-110,-105,-11.25,-31.977531,115.815842
02:49:24,797,-31.981018,115.817078,250000,5,915000000,12,20,-112,-111,-10.25,-31.977531,115.815842
02:49:28,798,-31.981003,115.817116,250000,5,915000000,12,20,-112,-106,-12.75,-31.977531,115.815842
02:49:30,799,-31.980997,115.817131,250000,5,915000000,12,20,-112,-110,-8.25,-31.977531,115.815842
02:49:32,800,-31.980970,115.817131,250000,5,915000000,12,20,-113,-105,-9.75,-31.977531,115.815842
02:49:34,801,-31.980934,115.817131,250000,5,915000000,12,20,-114,-130,-10.25,-31.977531,115.815842
02:49:35,802,-31.980904,115.817123,250000,5,915000000,12,20,-111,-108,-16.50,-31.977531,115.815842
02:49:37,803,-31.980888,115.817131,250000,5,915000000,12,20,-112,-107,-12.00,-31.977531,115.815842
02:49:41,804,-31.980846,115.817131,250000,5,915000000,12,20,-113,-104,-9.25,-31.977531,115.815842
02:49:43,805,-31.980799,115.817139,250000,5,915000000,12,20,-114,-130,-15.00,-31.977531,115.815842
02:49:50,809,-31.980246,115.816963,250000,5,915000000,12,20,-111,-130,-14.00,-31.977531,115.815842
02:49:54,810,-31.980223,115.816948,250000,5,915000000,12,20,-113,-103,-13.75,-31.977531,115.815842
02:49:56,811,-31.980316,115.816963,250000,5,915000000,12,20,-111,-111,-14.00,-31.977531,115.815842
02:49:58,812,-31.980249,115.816940,250000,5,915000000,12,20,-112,-105,-14.75,-31.977531,115.815842
02:50:00,813,-31.980251,115.816956,250000,5,915000000,12,20,-113,-114,-12.25,-31.977531,115.815842
02:50:01,814,-31.980171,115.817047,250000,5,915000000,12,20,-112,-106,-12.25,-31.977531,115.815842
02:50:03,815,-31.980215,115.817070,250000,5,915000000,12,20,-111,-105,-8.00,-31.977531,115.815842
02:50:05,816,-31.980225,115.817078,250000,5,915000000,12,20,-113,-107,-9.25,-31.977531,115.815842
02:50:09,817,-31.980242,115.817085,250000,5,915000000,12,20,-111,-106,-9.25,-31.977531,115.815842
02:50:11,818,-31.980251,115.817101,250000,5,915000000,12,20,-110,-104,-16.25,-31.977531,115.815842
02:50:13,819,-31.980286,115.817123,250000,5,915000000,12,20,-111,-130,-15.25,-31.977531,115.815842
02:50:14,820,-31.980310,115.817154,250000,5,915000000,12,20,-110,-107,-11.25,-31.977531,115.815842
02:50:16,821,-31.980307,115.817162,250000,5,915000000,12,20,-112,-111,-11.75,-31.977531,115.815842
02:50:22,823,-31.980276,115.817184,250000,5,915000000,12,20,-111,-106,-15.50,-31.977531,115.815842
02:50:24,824,-31.980230,115.817200,250000,5,915000000,12,20,-113,-109,-13.00,-31.977531,115.815842
02:50:26,825,-31.980206,115.817207,250000,5,915000000,12,20,-113,-131,-10.25,-31.977531,115.815842
02:50:28,826,-31.980183,115.817215,250000,5,915000000,12,20,-112,-105,-15.00,-31.977531,115.815842
02:50:29,827,-31.980158,115.817215,250000,5,915000000,12,20,-112,-113,-12.00,-31.977531,115.815842
02:50:35,829,-31.980124,115.817215,250000,5,915000000,12,20,-112,-106,-7.00,-31.977531,115.815842
02:50:37,830,-31.980095,115.817207,250000,5,915000000,12,20,-113,-131,-10.50,-31.977531,115.815842
02:50:41,832,-31.979958,115.817207,250000,5,915000000,12,20,-113,-107,-8.75,-31.977531,115.815842
02:50:42,833,-31.979944,115.817215,250000,5,915000000,12,20,-112,-112,-16.75,-31.977531,115.815842
02:50:44,834,-31.979931,115.817223,250000,5,915000000,12,20,-113,-111,-12.00,-31.977531,115.815842
02:50:54,838,-31.979803,115.817230,250000,5,915000000,12,20,-111,-110,-14.75,-31.977531,115.815842
02:50:55,839,-31.979776,115.817230,250000,5,915000000,12,20,-112,-108,-9.50,-31.977531,115.815842
02:50:57,840,-31.979748,115.817253,250000,5,915000000,12,20,-110,-106,-13.00,-31.977531,115.815842
02:51:03,842,-31.979713,115.817245,250000,5,915000000,12,20,-112,-104,-15.50,-31.977531,115.815842
02:51:05,843,-31.979683,115.817238,250000,5,915000000,12,20,-111,-100,-16.50,-31.977531,115.815842
02:51:07,844,-31.979658,115.817245,250000,5,915000000,12,20,-111,-111,-15.00,-31.977531,115.815842
02:51:08,845,-31.979633,115.817253,250000,5,915000000,12,20,-112,-130,-10.50,-31.977531,115.815842
02:51:10,847,-31.979597,115.817238,250000,5,915000000,12,20,-109,-130,-16.75,-31.977531,115.815842
02:51:16,848,-31.979580,115.817223,250000,5,915000000,12,20,-111,-106,-13.75,-31.977531,115.815842
02:51:18,849,-31.979509,115.817184,250000,5,915000000,12,20,-112,-106,-14.00,-31.977531,115.815842
02:51:20,850,-31.979467,115.817200,250000,5,915000000,12,20,-112,-130,-14.50,-31.977531,115.815842
02:51:22,851,-31.979441,115.817200,250000,5,915000000,12,20,-110,-101,-8.00,-31.977531,115.815842
02:51:23,852,-31.979433,115.817192,250000,5,915000000,12,20,-107,-129,-15.00,-31.977531,115.815842
02:51:34,858,-31.979340,115.817177,250000,5,915000000,12,20,-110,-129,-8.50,-31.977531,115.815842
02:51:38,859,-31.979340,115.817177,250000,5,915000000,12,20,-113,-107,-16.00,-31.977531,115.815842
02:51:42,860,-31.979340,115.817177,250000,5,915000000,12,20,-109,-107,-11.75,-31.977531,115.815842
02:51:44,861,-31.979340,115.817177,250000,5,915000000,12,20,-107,-130,-8.75,-31.977531,115.815842
02:51:46,862,-31.979340,115.817177,250000,5,915000000,12,20,-109,-130,-11.50,-31.977531,115.815842
02:51:48,863,-31.979340,115.817177,250000,5,915000000,12,20,-107,-103,-3.75,-31.977531,115.815842
02:51:49,865,-31.979340,115.817177,250000,5,915000000,12,20,-107,-130,0.50,-31.977531,115.815842
02:51:53,866,-31.979340,115.817177,250000,5,915000000,12,20,-108,-131,-15.00,-31.977531,115.815842
02:51:57,867,-31.979340,115.817177,250000,5,915000000,12,20,-107,-130,-3.00,-31.977531,115.815842
02:51:59,868,-31.979340,115.817177,250000,5,915000000,12,20,-105,-104,-1.50,-31.977531,115.815842
02:52:01,869,-31.979340,115.817177,250000,5,915000000,12,20,-112,-130,-9.25,-31.977531,115.815842
02:52:02,870,-31.979340,115.817177,250000,5,915000000,12,20,-107,-100,-4.25,-31.977531,115.815842
02:52:04,871,-31.979340,115.817177,250000,5,915000000,12,20,-104,-106,2.25,-31.977531,115.815842
02:52:06,872,-31.979340,115.817177,250000,5,915000000,12,20,-107,-106,2.00,-31.977531,115.815842
02:52:10,873,-31.979340,115.817177,250000,5,915000000,12,20,-105,-106,-4.00,-31.977531,115.815842
02:52:12,874,-31.979340,115.817177,250000,5,915000000,12,20,-103,-109,5.50,-31.977531,115.815842
02:52:14,875,-31.979340,115.817177,250000,5,915000000,12,20,-101,-109,7.75,-31.977531,115.815842
02:52:16,876,-31.979340,115.817177,250000,5,915000000,12,20,-98,-106,6.75,-31.977531,115.815842
02:52:17,877,-31.979340,115.817177,250000,5,915000000,12,20,-105,-106,4.00,-31.977531,115.815842
02:52:19,878,-31.979340,115.817177,250000,5,915000000,12,20,-103,-112,2.25,-31.977531,115.815842
02:52:23,879,-31.979340,115.817177,250000,5,915000000,12,20,-106,-104,1.00,-31.977531,115.815842
02:52:25,880,-31.979340,115.817177,250000,5,915000000,12,20,-99,-131,6.25,-31.977531,115.815842
02:52:27,881,-31.979340,115.817177,250000,5,915000000,12,20,-107,-110,2.50,-31.977531,115.815842
02:52:29,882,-31.979340,115.817177,250000,5,915000000,12,20,-100,-106,7.25,-31.977531,115.815842
02:52:30,883,-31.979340,115.817177,250000,5,915000000,12,20,-98,-107,4.75,-31.977531,115.815842
02:52:32,884,-31.979340,115.817177,250000,5,915000000,12,20,-99,-130,6.75,-31.977531,115.815842
02:52:36,885,-31.979340,115.817177,250000,5,915000000,12,20,-106,-107,3.25,-31.977531,115.815842
02:52:38,886,-31.979340,115.817177,250000,5,915000000,12,20,-100,-106,7.00,-31.977531,115.815842
02:52:40,887,-31.979340,115.817177,250000,5,915000000,12,20,-101,-105,5.75,-31.977531,115.815842
02:52:42,888,-31.979340,115.817177,250000,5,915000000,12,20,-100,-130,7.00,-31.977531,115.815842
02:52:43,889,-31.979340,115.817177,250000,5,915000000,12,20,-104,-106,4.00,-31.977531,115.815842
02:52:45,890,-31.979340,115.817177,250000,5,915000000,12,20,-105,-107,5.25,-31.977531,115.815842
02:52:47,891,-31.979340,115.817177,250000,5,915000000,12,20,-101,-106,5.50,-31.977531,115.815842
02:52:51,892,-31.979340,115.817177,250000,5,915000000,12,20,-104,-111,3.75,-31.977531,115.815842
02:52:53,893,-31.979340,115.817177,250000,5,915000000,12,20,-104,-130,3.00,-31.977531,115.815842
02:52:55,894,-31.979340,115.817177,250000,5,915000000,12,20,-104,-130,1.50,-31.977531,115.815842
02:52:56,895,-31.979340,115.817177,250000,5,915000000,12,20,-106,-107,-2.00,-31.977531,115.815842
02:52:58,896,-31.979340,115.817177,250000,5,915000000,12,20,-95,-106,7.00,-31.977531,115.815842
02:53:00,897,-31.979340,115.817177,250000,5,915000000,12,20,-99,-104,6.00,-31.977531,115.815842
02:53:04,898,-31.978271,115.816521,250000,5,915000000,12,20,-94,-130,7.00,-31.977531,115.815842
02:53:06,899,-31.978153,115.816475,250000,5,915000000,12,20,-98,-130,6.75,-31.977531,115.815842
02:53:08,900,-31.978096,115.816483,250000,5,915000000,12,20,-94,-105,8.75,-31.977531,115.815842
02:53:09,901,-31.978060,115.816490,250000,5,915000000,12,20,-98,-110,5.00,-31.977531,115.815842
02:53:11,902,-31.978048,115.816490,250000,5,915000000,12,20,-100,-101,-0.75,-31.977531,115.815842
02:53:13,903,-31.978003,115.816505,250000,5,915000000,12,20,-92,-102,6.25,-31.977531,115.815842
02:53:17,904,-31.977987,115.816505,250000,5,915000000,12,20,-98,-105,1.75,-31.977531,115.815842
02:53:19,905,-31.977961,115.816513,250000,5,915000000,12,20,-91,-109,7.50,-31.977531,115.815842
02:53:21,906,-31.977924,115.816498,250000,5,915000000,12,20,-90,-104,8.50,-31.977531,115.815842
02:53:23,907,-31.977909,115.816483,250000,5,915000000,12,20,-90,-104,8.50,-31.977531,115.815842
02:53:24,908,-31.977909,115.816483,250000,5,915000000,12,20,-86,-100,8.25,-31.977531,115.815842
02:53:26,909,-31.977909,115.816483,250000,5,915000000,12,20,-80,-102,11.25,-31.977531,115.815842
02:53:30,910,-31.977909,115.816483,250000,5,915000000,12,20,-78,-106,8.25,-31.977531,115.815842
02:53:32,911,-31.977909,115.816483,250000,5,915000000,12,20,-74,-130,11.25,-31.977531,115.815842
02:53:34,912,-31.977909,115.816483,250000,5,915000000,12,20,-77,-98,10.25,-31.977531,115.815842
02:53:36,913,-31.977909,115.816483,250000,5,915000000,12,20,-74,-106,11.25,-31.977531,115.815842
02:53:37,914,-31.977909,115.816483,250000,5,915000000,12,20,-76,-104,10.75,-31.977531,115.815842
02:53:39,915,-31.977909,115.816483,250000,5,915000000,12,20,-75,-105,10.50,-31.977531,115.815842
02:53:41,916,-31.977909,115.816483,250000,5,915000000,12,20,-73,-97,11.00,-31.977531,115.815842
02:53:45,917,-31.977909,115.816483,250000,5,915000000,12,20,-76,-107,10.50,-31.977531,115.815842
02:53:47,918,-31.977909,115.816483,250000,5,915000000,12,20,-80,-102,10.00,-31.977531,115.815842
02:53:49,919,-31.977909,115.816483,250000,5,915000000,12,20,-76,-106,11.25,-31.977531,115.815842
02:53:50,920,-31.977909,115.816483,250000,5,915000000,12,20,-79,-106,10.75,-31.977531,115.815842
02:53:52,921,-31.977909,115.816483,250000,5,915000000,12,20,-81,-129,11.00,-31.977531,115.815842
02:53:54,922,-31.977909,115.816483,250000,5,915000000,12,20,-74,-113,10.75,-31.977531,115.815842
02:53:58,923,-31.977909,115.816483,250000,5,915000000,12,20,-80,-100,11.00,-31.977531,115.815842
02:54:00,924,-31.977909,115.816483,250000,5,915000000,12,20,-84,-104,10.75,-31.977531,115.815842
02:54:02,925,-31.977909,115.816483,250000,5,915000000,12,20,-76,-128,10.00,-31.977531,115.815842
02:54:03,926,-31.977909,115.816483,250000,5,915000000,12,20,-83,-107,10.00,-31.977531,115.815842
02:54:05,927,-31.977909,115.816483,250000,5,915000000,12,20,-87,-106,9.25,-31.977531,115.815842
02:54:07,928,-31.977909,115.816483,250000,5,915000000,12,20,-83,-102,9.50,-31.977531,115.815842
02:54:11,929,-31.977909,115.816483,250000,5,915000000,12,20,-82,-102,11.00,-31.977531,115.815842
02:54:13,930,-31.977909,115.816483,250000,5,915000000,12,20,-84,-101,10.75,-31.977531,115.815842
02:54:15,931,-31.977909,115.816483,250000,5,915000000,12,20,-87,-107,11.00,-31.977531,115.815842
02:54:17,932,-31.977909,115.816483,250000,5,915000000,12,20,-88,-109,10.00,-31.977531,115.815842
02:54:18,933,-31.977909,115.816483,250000,5,915000000,12,20,-86,-97,9.25,-31.977531,115.815842
02:54:20,934,-31.977909,115.816483,250000,5,915000000,12,20,-95,-111,9.00,-31.977531,115.815842
02:54:24,935,-31.977909,115.816483,250000,5,915000000,12,20,-87,-105,10.50,-31.977531,115.815842
02:54:26,936,-31.977909,115.816483,250000,5,915000000,12,20,-90,-105,11.00,-31.977531,115.815842
02:54:28,937,-31.977909,115.816483,250000,5,915000000,12,20,-85,-107,11.00,-31.977531,115.815842
02:54:30,938,-31.977909,115.816483,250000,5,915000000,12,20,-82,-107,9.50,-31.977531,115.815842
02:54:31,939,-31.977909,115.816483,250000,5,915000000,12,20,-88,-130,10.50,-31.977531,115.815842
02:54:33,940,-31.977909,115.816483,250000,5,915000000,12,20,-87,-107,10.00,-31.977531,115.815842
02:54:35,941,-31.977909,115.816483,250000,5,915000000,12,20,-103,-105,3.00,-31.977531,115.815842
02:54:39,942,-31.977909,115.816483,250000,5,915000000,12,20,-96,-106,7.25,-31.977531,115.815842
02:54:41,943,-31.977909,115.816483,250000,5,915000000,12,20,-90,-106,11.00,-31.977531,115.815842
02:54:43,944,-31.977909,115.816483,250000,5,915000000,12,20,-92,-107,10.00,-31.977531,115.815842
02:54:44,945,-31.977909,115.816483,250000,5,915000000,12,20,-86,-78,10.00,-31.977531,115.815842
02:54:46,946,-31.977909,115.816483,250000,5,915000000,12,20,-94,-101,9.25,-31.977531,115.815842
02:54:48,947,-31.977909,115.816483,250000,5,915000000,12,20,-87,-106,9.75,-31.977531,115.815842
02:54:52,948,-31.977909,115.816483,250000,5,915000000,12,20,-86,-130,10.00,-31.977531,115.815842
02:54:54,949,-31.977909,115.816483,250000,5,915000000,12,20,-84,-100,11.25,-31.977531,115.815842
02:54:56,950,-31.977909,115.816483,250000,5,915000000,12,20,-83,-130,9.50,-31.977531,115.815842
02:54:57,951,-31.977909,115.816483,250000,5,915000000,12,20,-84,-105,11.75,-31.977531,115.815842
02:54:59,952,-31.977909,115.816483,250000,5,915000000,12,20,-86,-106,10.25,-31.977531,115.815842
02:55:01,953,-31.977909,115.816483,250000,5,915000000,12,20,-92,-107,8.00,-31.977531,115.815842
02:55:05,954,-31.977909,115.816483,250000,5,915000000,12,20,-81,-103,10.00,-31.977531,115.815842
02:55:07,955,-31.977909,115.816483,250000,5,915000000,12,20,-81,-130,5.50,-31.977531,115.815842
02:55:09,956,-31.977909,115.816483,250000,5,915000000,12,20,-83,-104,8.25,-31.977531,115.815842
02:55:11,957,-31.977909,115.816483,250000,5,915000000,12,20,-83,-87,5.25,-31.977531,115.815842
02:55:12,958,-31.977909,115.816483,250000,5,915000000,12,20,-82,-130,9.00,-31.977531,115.815842
02:55:14,959,-31.977909,115.816483,250000,5,915000000,12,20,-74,-130,8.00,-31.977531,115.815842
02:55:18,960,-31.977909,115.816483,250000,5,915000000,12,20,-77,-94,8.00,-31.977531,115.815842
02:55:20,961,-31.977909,115.816483,250000,5,915000000,12,20,-73,-130,10.00,-31.977531,115.815842
02:55:22,962,-31.977909,115.816483,250000,5,915000000,12,20,-84,-103,9.00,-31.977531,115.815842
02:55:24,963,-31.977909,115.816483,250000,5,915000000,12,20,-73,-130,10.00,-31.977531,115.815842
02:55:25,964,-31.977909,115.816483,250000,5,915000000,12,20,-74,-105,10.25,-31.977531,115.815842
02:55:27,965,-31.977909,115.816483,250000,5,915000000,12,20,-67,-105,8.75,-31.977531,115.815842
02:55:29,966,-31.977909,115.816483,250000,5,915000000,12,20,-77,-130,7.25,-31.977531,115.815842
02:55:33,967,-31.977909,115.816483,250000,5,915000000,12,20,-80,-130,10.25,-31.977531,115.815842
02:55:35,968,-31.977909,115.816483,250000,5,915000000,12,20,-69,-130,12.00,-31.977531,115.815842
02:55:37,969,-31.977909,115.816483,250000,5,915000000,12,20,-70,-104,9.00,-31.977531,115.815842
02:55:38,970,-31.977909,115.816483,250000,5,915000000,12,20,-62,-107,9.25,-31.977531,115.815842
02:55:40,971,-31.977909,115.816483,250000,5,915000000,12,20,-56,-106,11.25,-31.977531,115.815842
02:55:42,972,-31.977909,115.816483,250000,5,915000000,12,20,-61,-103,10.50,-31.977531,115.815842
02:55:46,973,-31.977909,115.816483,250000,5,915000000,12,20,-64,-105,11.00,-31.977531,115.815842
02:55:48,974,-31.977909,115.816483,250000,5,915000000,12,20,-51,-130,9.00,-31.977531,115.815842
02:55:50,975,-31.977909,115.816483,250000,5,915000000,12,20,-53,-130,12.25,-31.977531,115.815842
02:55:52,976,-31.977909,115.816483,250000,5,915000000,12,20,-49,-106,11.50,-31.977531,115.815842
02:55:53,977,-31.977909,115.816483,250000,5,915000000,12,20,-59,-108,12.00,-31.977531,115.815842
02:55:55,978,-31.977909,115.816483,250000,5,915000000,12,20,-56,-105,10.00,-31.977531,115.815842