06:36:30,0,-31.977573,115.816208,250000,5,916040000,7,18,-71,-130,9.75,0.000000,0.000000
06:36:37,1,-31.977562,115.816208,250000,5,916040000,7,18,-68,-130,9.50,0.000000,0.000000
06:36:39,2,-31.977478,115.816246,250000,5,916040000,7,18,-69,-130,9.75,0.000000,0.000000
06:36:39,3,-31.977341,115.816315,250000,5,916040000,7,18,-76,-130,10.00,0.000000,0.000000
06:36:42,4,-31.977312,115.816322,250000,5,916040000,7,18,-84,-98,10.00,0.000000,0.000000
06:36:43,5,-31.977314,115.816292,250000,5,916040000,7,18,-83,-108,10.00,0.000000,0.000000
06:36:45,6,-31.977314,115.816292,250000,5,916040000,7,18,-90,-110,9.50,0.000000,0.000000
06:36:46,7,-31.977268,115.816292,250000,5,916040000,7,18,-86,-108,9.50,0.000000,0.000000
06:36:48,8,-31.977259,115.816299,250000,5,916040000,7,18,-92,-110,9.50,0.000000,0.000000
06:36:49,9,-31.977419,115.816139,250000,5,916040000,7,18,-88,-93,9.75,0.000000,0.000000
06:36:51,10,-31.977419,115.816139,250000,5,916040000,7,18,-92,-130,8.75,0.000000,0.000000
06:36:52,11,-31.977436,115.816086,250000,5,916040000,7,18,-90,-103,9.75,0.000000,0.000000
06:36:54,12,-31.977459,115.816055,250000,5,916040000,7,18,-97,-131,8.00,0.000000,0.000000
06:36:55,13,-31.977495,115.816017,250000,5,916040000,7,18,-103,-130,2.25,0.000000,0.000000
06:36:57,14,-31.977503,14.816017,250000,5,916040000,7,18,-110,-105,-5.50,0.000000,0.000000
06:36:58,15,-31.977489,115.815987,250000,5,916040000,7,18,-94,-130,8.50,0.000000,0.000000
06:37:00,16,-31.977476,115.815979,250000,5,916040000,7,18,-95,-106,8.00,0.000000,0.000000
06:37:01,17,-31.977444,115.815979,250000,5,916040000,7,18,-95,-130,8.50,0.000000,0.000000
06:37:03,18,-31.977438,115.815994,250000,5,916040000,7,18,-95,-107,8.00,0.000000,0.000000
06:37:05,19,-31.977430,115.816017,250000,5,916040000,7,18,-94,-131,9.00,0.000000,0.000000
06:37:06,20,-31.977430,115.816025,250000,5,916040000,7,18,-95,-104,8.50,0.000000,0.000000
06:37:08,21,-31.977428,115.816048,250000,5,916040000,7,18,-93,-99,8.50,0.000000,0.000000
06:37:08,22,-31.977428,115.816071,250000,5,916040000,7,18,-95,-108,8.25,0.000000,0.000000
06:37:11,23,-31.977430,115.816086,250000,5,916040000,7,18,-98,-130,7.50,0.000000,0.000000
06:37:12,24,-31.977428,115.816109,250000,5,916040000,7,18,-93,-130,9.25,0.000000,0.000000
06:37:14,25,-31.977425,115.816132,250000,5,916040000,7,18,-93,-130,9.00,0.000000,0.000000
06:37:15,26,-31.977440,115.816147,250000,5,916040000,7,18,-96,-104,7.50,0.000000,0.000000
06:37:17,27,-31.977440,115.816147,250000,5,916040000,7,18,-102,-104,6.00,0.000000,0.000000
06:37:18,28,-31.977453,115.816185,250000,5,916040000,7,18,-93,-130,8.25,0.000000,0.000000
06:37:20,29,-31.977453,115.816185,250000,5,916040000,7,18,-99,-131,7.25,0.000000,0.000000
06:37:21,30,-31.977451,115.816238,250000,5,916040000,7,18,-98,-130,7.50,0.000000,0.000000
06:37:23,31,-31.977451,115.816254,250000,5,916040000,7,18,-93,-130,9.25,0.000000,0.000000
06:37:24,32,-31.977453,115.816284,250000,5,916040000,7,18,-86,-110,9.75,0.000000,0.000000
06:37:26,33,-31.977455,115.816292,250000,5,916040000,7,18,-92,-102,9.25,0.000000,0.000000
06:37:27,34,-31.977457,115.816322,250000,5,916040000,7,18,-88,-130,9.75,0.000000,0.000000
06:37:29,35,-31.977455,115.816338,250000,5,916040000,7,18,-104,-130,2.75,0.000000,0.000000
06:37:31,36,-31.977455,115.816360,250000,5,916040000,7,18,-94,-110,9.00,0.000000,0.000000
06:37:32,37,-31.977457,115.816368,250000,5,916040000,7,18,-93,-130,9.50,0.000000,0.000000
06:37:34,38,-31.977451,115.816391,250000,5,916040000,7,18,-84,-104,10.00,0.000000,0.000000
06:37:34,39,-31.977451,115.816422,250000,5,916040000,7,18,-87,-104,9.50,0.000000,0.000000
06:37:37,40,-31.977427,115.816437,250000,5,916040000,7,18,-86,-131,9.75,0.000000,0.000000
06:37:38,41,-31.977406,115.816460,250000,5,916040000,7,18,-91,-130,9.50,0.000000,0.000000
06:37:40,42,-31.977402,115.816467,250000,5,916040000,7,18,-94,-130,9.00,0.000000,0.000000
06:37:41,43,-31.977400,115.816467,250000,5,916040000,7,18,-85,-130,9.75,0.000000,0.000000
06:37:43,44,-31.977400,115.816467,250000,5,916040000,7,18,-88,-110,9.75,0.000000,0.000000
06:37:44,45,-31.977421,115.816444,250000,5,916040000,7,18,-92,-130,9.25,0.000000,0.000000
06:37:46,46,-31.977421,115.816444,250000,5,916040000,7,18,-80,-130,9.75,0.000000,0.000000
06:37:47,47,-31.977417,115.816437,250000,5,916040000,7,18,-88,-131,9.75,0.000000,0.000000
06:37:49,48,-31.977406,115.816437,250000,5,916040000,7,18,-90,-130,10.00,0.000000,0.000000
06:37:50,49,-31.977362,115.816467,250000,5,916040000,7,18,-93,-130,9.25,0.000000,0.000000
06:37:52,50,-31.977345,115.816483,250000,5,916040000,7,18,-96,-107,7.50,0.000000,0.000000
06:37:53,51,-31.977291,115.816521,250000,5,916040000,7,18,-95,-130,9.00,0.000000,0.000000
06:37:55,52,-31.977276,115.816528,250000,5,916040000,7,18,-97,-101,7.50,0.000000,0.000000
06:37:56,53,-31.977257,115.816551,250000,5,916040000,7,18,-104,-130,4.75,0.000000,0.000000
06:37:58,54,-31.977257,115.816544,250000,5,916040000,7,18,-98,-130,8.00,0.000000,0.000000
06:38:00,55,-31.977253,115.816528,250000,5,916040000,7,18,-106,-112,0.75,0.000000,0.000000
06:38:01,56,-31.977249,115.816521,250000,5,916040000,7,18,-95,-130,6.25,0.000000,0.000000
06:38:03,57,-31.977238,115.816513,250000,5,916040000,7,18,-101,-108,6.75,0.000000,0.000000
06:38:03,58,-31.977226,115.816521,250000,5,916040000,7,18,-96,-130,8.00,0.000000,0.000000
06:38:06,59,-31.977226,115.816521,250000,5,916040000,7,18,-103,-130,5.00,0.000000,0.000000
06:38:07,60,-31.977205,115.816536,250000,5,916040000,7,18,-103,-130,5.75,0.000000,0.000000
06:38:09,61,-31.977205,115.816536,250000,5,916040000,7,18,-103,-130,5.25,0.000000,0.000000
06:38:10,62,-31.977205,115.816559,250000,5,916040000,7,18,-103,-130,5.50,0.000000,0.000000
06:38:12,63,-31.977205,115.816559,250000,5,916040000,7,18,-102,-112,5.75,0.000000,0.000000
06:38:13,64,-31.977192,115.816597,250000,5,916040000,7,18,-99,-109,7.75,0.000000,0.000000
06:38:15,65,-31.977192,115.816597,250000,5,916040000,7,18,-103,-131,5.25,0.000000,0.000000
06:38:16,66,-31.977171,115.816635,250000,5,916040000,7,18,-103,-130,5.25,0.000000,0.000000
06:38:18,67,-31.977165,115.816643,250000,5,916040000,7,18,-110,-104,-7.25,0.000000,0.000000
06:38:19,68,-31.977150,115.816658,250000,5,916040000,7,18,-104,-130,2.00,0.000000,0.000000
06:38:21,69,-31.977144,115.816673,250000,5,916040000,7,18,-104,-113,4.50,0.000000,0.000000
06:38:22,â¸®0â¸®-31.=37GQiâ¸®â¸®lâ¸®bâ¸®c40,250000,5,916040000,7,18,-110,-106,-10.75,0.000000,0.000000
06:38:24,71,-31.977146,115.816719,250000,5,916040000,7,18,-101,-131,6.50,0.000000,0.000000
06:38:26,72,-31.977154,115.816742,250000,5,916040000,7,18,-110,-130,-7.50,0.000000,0.000000
06:38:27,73,-31.97715$,115.816757,250000,5,916040000,7,18,-106,-130,-2.25,0.000000,0.000000
06:38:29,74,-31.977137,115.816788,250000,5,916040000,7,18,-107,-107,0.75,0.000000,0.000000
06:38:29,75,-31.977125,115.816818,250000,5,916040000,7,18,-102,-109,5.50,0.000000,0.000000
06:38:32,76,,31.977119,1â¸®5.8168â¸®3,250000,5,916040000,7,18,-105,-108,0.75,0.000000,0.000000
06:38:33,77,-31.977127,115.816856,250000,5,916040000,7,18,-108,-130,-1.25,0.000000,0.000000
06:38:35,78,-31.977127,115.816856,250000,5,916040000,7,18,-98,-107,8.00,0.000000,0.000000
06:38:35,79,-31.977150,115.816856,250000,5,916040000,7,18,-100,-130,6.75,0.000000,0.000000
06:38:38,80,-31.977150,115.816856,250000,5,916040000,7,18,-100,-130,7.25,0.000000,0.000000
06:38:39,81,-31.977160,115.816856,250000,5,916040000,7,18,-101,-130,5.75,0.000000,0.000000
06:38:41,82,-31.977160,115.816856,250000,5,916040000,7,18,-103,-104,5.50,0.000000,0.000000
06:38:42,83,-31.977154,115.816864,250000,5,916040000,7,18,-101,-100,3.00,0.000000,0.000000
06:38:44,84,-31.977146,115.816872,250000,5,916040000,7,18,-98,-94,-0.75,0.000000,0.000000
06:38:45,85,-31.977154,115.816864,250000,5,916040000,7,18,-99,-102,7.75,0.000000,0.000000
06:38:47,86,-31.977150,115.816872,250000,5,916040000,7,18,-103,-130,5.50,0.000000,0.000000
06:38:48,87,-31.977123,115.816902,250000,5,916040000,7,18,-106,-112,-3.25,0.000000,0.000000
06:38:50,88,-31.977114,115.816910,250000,5,916040000,7,18,-97,-105,7.75,0.000000,0.000000
06:38:51,89,-31.977064,115.816978,250000,5,916040000,7,18,-98,-130,7.25,0.000000,0.000000
06:42:15,0,0.000000,0.000000,250000,5,916040000,7,18,-105,-106,-2.75,0.000000,0.000000
06:42:16,1,-31.977213,115.816864,250000,5,916040000,7,18,-108,-130,-3.50,0.000000,0.000000
06:42:18,2,-31.977213,115.816864,250000,5,916040000,7,18,-104,-130,4.00,0.000000,0.000000
06:42:19,3,-31.977177,115.816895,250000,5,916040000,7,18,-102,-130,2.50,0.000000,0.000000
06:42:21,4,-3a.977171,115.816902,250000,5,916040000,7,18,-103,-130,-1.00,0.000000,0.000000
06:42:22,5,-31.977173,115.816925,250000,5,916040000,7,18,-103,-103,4.50,0.000000,0.000000
06:42:24,6,-31.977186,115.816940,250000,5,916040000,7,18,-100,-103,7.25,0.000000,0.000000
06:42:25,7,-31.977173,115.816956,250000,5,916040000,7,18,-97,-110,7.25,0.000000,0.000000
06:42:27,8,-31.977161,115.816971,250000,5,916040000,7,18,-96,-110,8.00,0.000000,0.000000
06:42:28,9,-31.977160,115.816986,250000,5,916040000,7,18,-103,-110,5.00,0.000000,0.000000
06:42:30,10,-31.977146,115.817009,250000,5,916040000,7,18,-103,-95,4.25,0.000000,0.000000
06:42:32,11,-31.977156,115.817024,250000,5,916040000,7,18,-101,-102,7.25,0.000000,0.000000
06:42:33,12,-31.977144,115.817032,250000,5,916040000,7,18,-106,-130,1.75,0.000000,0.000000
06:42:35,13,-31.977142,115.817047,250000,5,916040000,7,18,-104,-130,3.25,0.000000,0.000000
06:42:36,14,-31.977129,115.817070,250000,5,916040000,7,18,-102,-130,5.25,0.000000,0.000000
06:42:38,15,-31.977129,115.817070,250000,5,916040000,7,18,-106,-130,-0.25,0.000000,0.000000
06:42:39,16,-31.977137,115.817085,250000,5,916040000,7,18,-96,-102,8.00,0.000000,0.000000
06:42:41,17,-31.977137,115.817085,250000,5,916040000,7,18,-104,-130,3.50,0.000000,0.000000
06:42:42,18,-31.977139,115.817123,250000,5,916040000,7,18,-101,-130,1.75,0.000000,0.000000
06:42:44,19,-31.977139,115.817123,250000,5,916040000,7,18,-104,-130,3.50,0.000000,0.000000
06:42:45,20,-31.977131,115.817146,250000,5,916040000,7,18,-96,-130,8.25,0.000000,0.000000
06:42:47,21,-31.977131,115.817146,250000,5,916040000,7,18,-97,-130,7.75,0.000000,0.000000
06:42:48,22,-31.977127,115.817184,250000,5,916040000,7,18,-97,-130,7.25,0.000000,0.000000
06:42:50,W3B+31.977118,115.817207,250000,5,916040000,7,18,-106,-131,0.25,0.000000,0.000000
06:42:51,24,-31.977093,115.817238,250000,5,916040000,7,18,-96,-130,8.25,0.000000,0.000000
06:42:53,25,-31.977089,115.817245,250000,5,916040000,7,18,-92,-130,9.25,0.000000,0.000000
06:42:54,26,-31.977076,115.817261,250000,5,916040000,7,18,-98,-130,7.75,0.000000,0.000000
06:42:56,27,-31.977077,115.817261,250000,5,916040000,7,18,-97,-130,7.00,0.000000,0.000000
06:42:57,28,-31.977028,115.817291,250000,5,916040000,7,18,-100,-110,7.00,0.000000,0.000000
06:42:59,29,-31.977020,115.817307,250000,5,916040000,7,18,-98,-130,7.25,0.000000,0.000000
06:43:01,30,-31.976999,115.817337,250000,5,916040000,7,18,-100,-106,6.00,0.000000,0.000000
06:43:02,31,-31.976999,115.817345,250000,5,916040000,7,18,-100,-105,6.75,0.000000,0.000000
06:43:05,33,-31.977007,115.817398,250000,5,916040000,7,18,-95,-104,7.25,0.000000,0.000000
06:43:07,34,-31.977007,115.817398,250000,5,916040000,7,18,-91,-130,9.25,0.000000,0.000000
06:43:08,35,-31.977066,115.817406,250000,5,916040000,7,18,-94,-130,7.75,0.000000,0.000000
06:43:10,36,-31.977066,115.817406,250000,5,916040000,7,18,-100,-130,5.00,0.000000,0.000000
06:43:11,37,-31.977152,115.817390,250000,5,916040000,7,18,-104,-130,3.75,0.000000,0.000000
06:43:13,38,-31.977152,115.817390,250000,5,916040000,7,18,-100,-130,6.75,0.000000,0.000000
06:43:14,39,-31.977234,115.817375,250000,5,916040000,7,18,-97,-106,7.00,0.000000,0.000000
06:43:16,40,-31.977234,115.817375,250000,5,916040000,7,18,-98,-130,6.50,0.000000,0.000000
06:43:17,41,-31.977293,115.817368,250000,5,916040000,7,18,-97,-104,7.50,0.000000,0.000000
06:43:19,42,-31.977312,115.817368,250000,5,916040000,7,18,-101,-130,5.75,0.000000,0.000000
06:43:20,43,-31.977350,115.817360,250000,5,916040000,7,18,-92,-130,9.25,0.000000,0.000000
06:43:22,44,-31.977367,115.817352,250000,5,916040000,7,18,-97,-131,7.75,0.000000,0.000000
06:43:23,45,-31.977394,115.817352,250000,5,916040000,7,18,-93,-130,8.75,0.000000,0.000000
06:43:25,46,-31.977409,115.817345,250000,5,916040000,7,18,-98,-130,7.25,0.000000,0.000000
06:43:27,47,-31.977446,115.817337,250000,5,916040000,7,18,-104,-130,3.50,0.000000,0.000000
06:43:28,48,-31.977463,115.817329,250000,5,916040000,7,18,-98,-131,7.25,0.000000,0.000000
06:43:30,49,-31.977491,115.817314,250000,5,916040000,7,18,-94,-103,8.25,0.000000,0.000000
06:43:30,50,-31.977510,115.817322,250000,5,916040000,7,18,-94,-130,9.25,0.000000,0.000000
06:43:33,51,-31.977510,115.817322,250000,5,916040000,7,18,-100,-130,7.00,0.000000,0.000000
06:43:34,52,-31.977556,115.817307,250000,5,916040000,7,18,-100,-102,6.50,0.000000,0.000000
06:43:36,53,-31.977556,115.817307,250000,5,916040000,7,18,-90,-130,9.75,0.000000,0.000000
06:43:37,54,-31.977598,115.817307,250000,5,916040000,7,18,-102,-130,4.00,0.000000,0.000000
06:43:39,55,-31.977598,115.817307,250000,5,916040000,7,18,-100,-110,6.75,0.000000,0.000000
06:43:40,56,-31.977629,115.817322,250000,5,916040000,7,18,-104,-130,4.50,0.000000,0.000000
06:43:42,57,-31.977629,115.817322,250000,5,916040000,7,18,-94,-110,8.50,0.000000,0.000000
06:43:43,58,-31.977663,115.817337,250000,5,916040000,7,18,-96,-130,7.50,0.000000,0.000000
06:43:45,59,-31.977663,115.817345,250000,5,916040000,7,18,-92,-130,9.50,0.000000,0.000000
06:43:46,60,-31.977665,115.817360,250000,5,916040000,7,18,-96,-130,7.25,0.000000,0.000000
06:43:48,61,-31.977665,115.817368,250000,5,916040000,7,18,-93,-108,9.25,0.000000,0.000000
06:43:49,62,-31.977654,115.817390,250000,5,916040000,7,18,-95,-130,9.50,0.000000,0.000000
06:43:51,63,-31.977654,115.817398,250000,5,916040000,7,18,-94,-130,9.00,0.000000,0.000000
06:43:53,64,-31.977644,115.817413,250000,5,916040000,7,18,-95,-130,8.00,0.000000,0.000000
06:43:54,65,-31.977644,115.817421,250000,5,916040000,7,18,-98,-110,7.75,0.000000,0.000000
06:43:56,66,-31.977634,115.817429,250000,5,916040000,7,18,-99,-131,6.50,0.000000,0.000000
06:43:56,67,-31.977598,115.817459,250000,5,916040000,7,18,-103,-130,3.75,0.000000,0.000000
06:43:59,68,-31.977596,115.817459,250000,5,916040000,7,18,-103,-109,4.00,0.000000,0.000000
06:44:00,69,-31.977575,115.817474,250000,5,916040000,7,18,-108,-106,-1.50,0.000000,0.000000
06:44:02,70,-31.977556,115.817490,250000,5,916040000,7,18,-107,-130,-0.75,0.000000,0.000000
06:44:03,71,-31.977543,115.817497,250000,5,916040000,7,18,-99,-130,6.50,0.000000,0.000000
06:44:05,72,-31.977535,115.817505,250000,5,916040000,7,18,-96,-130,7.75,0.000000,0.000000
06:44:08,74,-31.977501,115.817497,250000,5,916040000,7,18,-99,-130,7.00,0.000000,0.000000
06:44:09,75,-31.977472,115.817505,250000,5,916040000,7,18,-97,-130,7.50,0.000000,0.000000
06:44:11,76,-31.977472,115.817505,250000,5,916040000,7,18,-102,-106,4.25,0.000000,0.000000
06:44:12,77,-31.977457,115.817482,250000,5,916040000,7,18,-102,-130,5.75,0.000000,0.000000
06:44:14,78,-31.977444,115.817482,250000,5,916040000,7,18,-103,-130,-0.75,0.000000,0.000000
06:44:15,79,-31.977432,115.817467,250000,5,916040000,7,18,-99,-130,7.25,0.000000,0.000000
06:44:17,80,-31.977423,115.817459,250000,5,916040000,7,18,-93,-103,9.00,0.000000,0.000000
06:44:18,81,-31.977377,115.817459,250000,5,916040000,7,18,-92,-130,9.00,0.000000,0.000000
06:44:20,82,-31.977364,115.817459,250000,5,916040000,7,18,-95,-104,10.75,0.000000,0.000000
06:44:22,83,-31.977385,115.817429,250000,5,916040000,7,18,-97,-104,7.75,0.000000,0.000000
06:44:23,84,-31.977415,115.817406,250000,5,916040000,7,18,-106,-107,2.25,0.000000,0.000000
06:44:25,85,-31.977413,115.817398,250000,5,916040000,7,18,-102,-106,5.50,0.000000,0.000000
06:44:25,86,-31.977428,115.817368,250000,5,916040000,7,18,-88,-130,9.75,0.000000,0.000000
06:44:28,87,-31.977438,115.817352,250000,5,916040000,7,18,-89,-90,10.25,0.000000,0.000000
06:44:28,88,-31.977453,115.817314,250000,5,916040000,7,18,-101,-108,5.75,0.000000,0.000000
06:44:31,89,-31.977453,115.817314,250000,5,916040000,7,18,-88,-106,10.00,0.000000,0.000000
06:44:32,90,-31.977568,115.817162,250000,5,916040000,7,18,-93,-131,9.25,0.000000,0.000000
06:44:34,91,-31.977568,115.817162,250000,5,916040000,7,18,-103,-130,5.00,0.000000,0.000000
06:44:35,92,-31.977633,115.817062,250000,5,916040000,7,18,-83,-130,10.00,0.000000,0.000000
06:44:37,93,-31.977633,115.817062,250000,5,916040000,7,18,-85,-130,9.50,0.000000,0.000000
06:44:38,94,-31.977688,115.816978,250000,5,916040000,7,18,-79,-131,10.00,0.000000,0.000000
06:44:40,95,-31.977711,115.816948,250000,5,916040000,7,18,-84,-130,9.50,0.000000,0.000000
06:44:41,96,-31.977766,115.816895,250000,5,916040000,7,18,-86,-130,9.75,0.000000,0.000000
06:44:43,97,-31.977774,115.816879,250000,5,916040000,7,18,-91,-131,9.50,0.000000,0.000000
06:44:44,98,-31.977800,115.816856,250000,5,916040000,7,18,-85,-130,10.00,0.000000,0.000000
06:44:46,99,-31.977840,115.816826,250000,5,916040000,7,18,-78,-103,10.00,0.000000,0.000000
06:44:48,100,-31.977917,115.816772,250000,5,916040000,7,18,-91,-130,9.00,0.000000,0.000000
06:44:49,101,-31.977928,115.816765,250000,5,916040000,7,18,-91,-130,9.50,0.000000,0.000000
06:44:51,102,-31.977980,115.816742,250000,5,916040000,7,18,-86,-130,10.00,0.000000,0.000000
06:44:51,103,-31.978012,115.816727,250000,5,916040000,7,18,-92,-108,9.25,0.000000,0.000000
06:44:54,104,-31.978012,115.816727,250000,5,916040000,7,18,-99,-130,6.75,0.000000,0.000000
06:44:55,105,-31.978058,115.816704,250000,5,916040000,7,18,-91,-130,9.25,0.000000,0.000000
06:44:57,106,-31.978058,115.816704,250000,5,916040000,7,18,-108,-130,-1.50,0.000000,0.000000
06:44:57,107,-31.978098,115.816689,250000,5,916040000,7,18,-94,-131,8.75,0.000000,0.000000
06:45:00,108,-31.978098,115.816689,250000,5,916040000,7,18,-98,-130,7.25,0.000000,0.000000
06:45:01,109,-31.978170,115.816658,250000,5,916040000,7,18,-91,-130,9.50,0.000000,0.000000
06:45:03,110,-31.978170,115.816658,250000,5,916040000,7,18,-93,-130,9.00,0.000000,0.000000
06:45:04,111,-31.978170,115.816658,250000,5,916040000,7,18,-101,-130,6.00,0.000000,0.000000
06:45:06,112,-31.978170,115.816658,250000,5,916040000,7,18,-97,-130,7.50,0.000000,0.000000
06:45:09,114,-31.978170,115.816658,250000,5,916040000,7,18,-103,-130,5.50,0.000000,0.000000
06:45:10,115,-31.978170,115.816658,250000,5,916040000,7,18,-97,-110,7.50,0.000000,0.000000
06:45:12,116,-31.978170,115.816658,250000,5,916040000,7,18,-94,-108,8.50,0.000000,0.000000
06:45:14,117,-31.978170,115.816658,250000,5,916040000,7,18,-104,-130,2.50,0.000000,0.000000
06:45:15,118,-31.978170,115.816658,250000,5,916040000,7,18,-99,-130,7.00,0.000000,0.000000
06:45:17,119,-31.978170,115.816658,250000,5,916040000,7,18,-92,-130,9.50,0.000000,0.000000
06:45:17,120,-31.978170,115.816658,250000,5,916040000,7,18,-99,-132,7.00,0.000000,0.000000
06:45:20,121,-31.978527,115.816383,250000,5,916040000,7,18,-105,-130,3.75,0.000000,0.000000
06:45:20,122,-31.978525,115.816406,250000,5,916040000,7,18,-103,-130,4.75,0.000000,0.000000
06:45:23,123,-31.978544,115.816391,250000,5,916040000,7,18,-94,-130,9.25,0.000000,0.000000
06:45:24,124,-31.978567,115.816368,250000,5,916040000,7,18,-97,-130,7.50,0.000000,0.000000
06:45:26,125,-31.978567,115.816368,250000,5,916040000,7,18,-104,-130,3.50,0.000000,0.000000
06:45:27,126,-31.978605,115.816345,250000,5,916040000,7,18,-96,-130,8.50,0.000000,0.000000
06:45:29,127,-31.978605,115.816345,250000,5,916040000,7,18,-97,-131,7.50,0.000000,0.000000
06:45:30,128,-31.978649,115.816322,250000,5,916040000,7,18,-94,-106,9.00,0.000000,0.000000
06:45:32,129,-31.978661,115.816307,250000,5,916040000,7,18,-99,-130,7.25,0.000000,0.000000
06:45:33,130,-31.978682,115.816299,250000,5,916040000,7,18,-108,-130,-2.00,0.000000,0.000000
06:45:35,131,-31.978699,115.816299,250000,5,916040000,7,18,-102,-130,5.50,0.000000,0.000000
06:45:36,132,-31.978741,115.816292,250000,5,916040000,7,18,-101,-130,6.25,0.000000,0.000000
06:45:38,133,-31.978758,115.816299,250000,5,916040000,7,18,-98,-130,7.75,0.000000,0.000000
06:45:40,134,-31.978798,115.816307,250000,5,916040000,7,18,-108,-130,-4.75,0.000000,0.000000
06:45:41,135,-31.978827,115.816322,250000,5,916040000,7,18,-98,-107,7.75,0.000000,0.000000
06:45:43,136,-31.978827,115.816322,250000,5,916040000,7,18,-103,-130,4.50,0.000000,0.000000
06:45:44,137,-31.978874,115.816353,250000,5,916040000,7,18,-105,-110,2.50,0.000000,0.000000
06:45:46,138,-31.978874,115.816353,250000,5,916040000,7,18,-107,-104,0.50,0.000000,0.000000
06:45:47,139,-31.978886,115.816376,250000,5,916040000,7,18,-102,-130,5.50,0.000000,0.000000
06:45:49,140,-31.978886,115.816376,250000,5,916040000,7,18,-97,-128,8.00,0.000000,0.000000
06:45:50,141,-31.978882,115.816368,250000,5,916040000,7,18,-100,-130,6.50,0.000000,0.000000
06:45:52,142,-31.978882,115.816368,250000,5,916040000,7,18,-103,-104,4.25,0.000000,0.000000
06:45:53,143,-31.978880,115.816338,250000,5,916040000,7,18,-102,-106,5.00,0.000000,0.000000
06:45:55,144,-31.978882,115.816322,250000,5,916040000,7,18,-107,-128,-0.25,0.000000,0.000000
06:45:56,145,-31.978874,115.816307,250000,5,916040000,7,18,-108,-129,-1.00,0.000000,0.000000
06:45:58,146,-â¸®â¸®.9?0863â¸®}}9.21V361,250000,5,916040000,7,18,-110,-109,-11.00,0.000000,0.000000
06:45:59,147,-31.978857,115.816292,250000,5,916040000,7,18,-95,-110,9.00,0.000000,0.000000
06:46:01,148,-31.978863,115.816277,250000,5,916040000,7,18,-107,-128,-0.25,0.000000,0.000000
06:46:03,149,-31.978865,115.816261,250000,5,916040000,7,18,-104,-108,3.75,0.000000,0.000000
06:46:04,150,-31.978868,115.816246,250000,5,916040000,7,18,-105,-129,1.75,0.000000,0.000000
06:46:06,151,-31.978868,115.816231,250000,5,916040000,7,18,-103,-129,5.00,0.000000,0.000000
06:46:07,152,-31.978855,115.816223,250000,5,916040000,7,18,-102,-108,5.50,0.000000,0.000000
06:46:09,153,-31.978855,115.816223,250000,5,916040000,7,18,-103,-128,4.75,0.000000,0.000000
06:46:10,154,-31.978855,115.816200,250000,5,916040000,7,18,-98,-129,8.00,0.000000,0.000000
06:46:12,155,-31.978855,115.816200,250000,5,916040000,7,18,-95,-128,9.00,0.000000,0.000000
06:46:13,156,-31.978825,115.816177,250000,5,916040000,7,18,-100,-128,7.00,0.000000,0.000000
06:46:15,157,-31.978825,115.816177,250000,5,916040000,7,18,-107,-129,0.25,0.000000,0.000000
06:46:16,158,-31.978832,115.816124,250000,5,916040000,7,18,-105,-129,3.75,0.000000,0.000000
06:46:18,159,-31.978832,115.816124,250000,5,916040000,7,18,-103,-128,4.50,0.000000,0.000000
06:46:19,160,-31.978836,115.816086,250000,5,916040000,7,18,-99,-110,7.25,0.000000,0.000000
06:46:21,161,-31.978840,115.816063,250000,5,916040000,7,18,-107,-110,0.00,0.000000,0.000000
06:46:22,162,-31.978846,115.816032,250000,5,916040000,7,18,-106,-110,1.50,0.000000,0.000000
06:46:24,163,-31.978849,115.816010,250000,5,916040000,7,18,-105,-129,3.25,0.000000,0.000000
06:46:25,164,-31.978853,115.815971,250000,5,916040000,7,18,-106,-129,1.75,0.000000,0.000000
06:46:27,165,-31.978859,115.815948,250000,5,916040000,7,18,-107,-129,-0.25,0.000000,0.000000
06:46:29,166,-31.978874,115.815903,250000,5,916040000,7,18,-100,-129,7.00,0.000000,0.000000
06:46:30,167,-31.978903,115.815880,250000,5,916040000,7,18,-103,-128,5.25,0.000000,0.000000
06:46:32,168,-31.978933,115.815857,250000,5,916040000,7,18,-102,-103,5.50,0.000000,0.000000
06:46:33,169,-31.978985,115.815849,250000,5,916040000,7,18,-101,-106,5.50,0.000000,0.000000
06:46:35,170,-31.979008,115.815849,250000,5,916040000,7,18,-108,-129,-2.75,0.000000,0.000000
06:46:36,171,-31.979040,115.815849,250000,5,916040000,7,18,-106,-129,-0.75,0.000000,0.000000
06:46:38,172,-31.979040,115.815849,250000,5,916040000,7,18,-104,-130,3.75,0.000000,0.000000
06:46:39,173,-1.979373<2 â¸®â¸®8â¸® 9l,250000,5,916040000,7,18,-110,-131,-12.00,0.000000,0.000000
06:46:41,174,-31.979073,115.815834,250000,5,916040000,7,18,-108,-107,-2.25,0.000000,0.000000
06:46:44,176,-31.979103,115.815834,250000,5,916040000,7,18,-106,-130,2.50,0.000000,0.000000
06:46:45,177,-31.979118,115.815842,250000,5,916040000,7,18,-103,-104,4.25,0.000000,0.000000
06:46:47,178,-31.979124,115.815857,250000,5,916040000,7,18,-109,-130,-2.75,0.000000,0.000000
06:46:48,179,-31.979147,115.815872,250000,5,916040000,7,18,-109,-108,-5.50,0.000000,0.000000
06:46:50,180,-31.979151,115.815887,250000,5,916040000,7,18,-107,-130,0.50,0.000000,0.000000
06:46:52,181,-31.979160,115.815918,250000,5,916040000,7,18,-109,-107,-3.00,0.000000,0.000000
06:46:53,182,-31.979168,115.815926,250000,5,916040000,7,18,-109,-130,-7.75,0.000000,0.000000
06:46:54,12,-31.978895,115.815903,250000,5,916040000,7,18,-109,-109,-9.75,0.000000,0.000000
06:47:10,193,-31.978895,115.815903,250000,5,916040000,7,18,-110,-131,-6.75,0.000000,0.000000
06:47:11,â¸®â¸®Þ¨-#â¸®z>4k	fì¤¡â¸®7â¸®,250000,5,916040000,7,18,-110,-128,-11.50,0.000000,0.000000
06:47:13,;Ù¿Lâ¸®Wâ¸®97<gâ¸®3â¸®â¸®921axt#,250000,5,916040000,7,18,-110,-130,-10.75,0.000000,0.000000
06:47:15,196,-31â¸®9â¸®â¸®80:,daâ¸®.81603,250000,5,916040000,7,18,-110,-130,-10.75,0.000000,0.000000
06:47:16,4Y?-79â¸®52;â¸®0<=â¸®,â¸®15!6,250000,5,916040000,7,18,-110,-130,-10.00,0.000000,0.000000
06:47:18,198,-31.978863,115.816162,250000,5,916040000,7,18,-108,-130,-5.25,0.000000,0.000000
06:47:19,199,-31.978891,115.816216,250000,5,916040000,7,18,-109,-130,-7.25,0.000000,0.000000
06:47:21,200,-31.978888,115.816231,250000,5,916040000,7,18,-110,-130,-6.75,0.000000,0.000000
06:47:22,201,-31.978933,115.816269,250000,5,916040000,7,18,-108,-130,-3.00,0.000000,0.000000
06:47:24,202,-31.978933,115.816269,250000,5,916040000,7,18,-103,-130,4.00,0.000000,0.000000
06:47:25,203,-31.978998,115.816322,250000,5,916040000,7,18,-105,-104,3.75,0.000000,0.000000
06:47:27,204,-31.978998,115.816322,250000,5,916040000,7,18,-102,-130,5.50,0.000000,0.000000
06:47:28,205,-31.979059,115.816383,250000,5,916040000,7,18,-101,-130,6.75,0.000000,0.000000
06:47:30,206,-31.979059,115.816383,250000,5,916040000,7,18,-110,-130,-6.50,0.000000,0.000000
06:47:31,207,-31.979155,115.816414,250000,5,916040000,7,18,-110,-131,-9.00,0.000000,0.000000
06:47:41,213,-31.97â¸®â¸®68,â¸®1â¸®â¸®pâ¸®r4q0,250000,5,916040000,7,18,-110,-111,-10.75,0.000000,0.000000
06:47:42,214,-31.979168,115.816414,250000,5,916040000,7,18,-110,-110,-8.25,0.000000,0.000000
06:47:43,2â¸®â¸®%-31.979168,115.81641â¸®,250000,5,916040000,7,18,-109,-130,-10.50,0.000000,0.000000
06:47:47,217,-31.979168,115.816414,250000,5,916040000,7,18,-110,-105,-8.75,0.000000,0.000000
06:47:48,218,-31.979168,115.816414,250000,5,916040000,7,18,-110,-131,-7.25,0.000000,0.000000
06:47:50,219,-31.979168,115.816414,250000,5,916040000,7,18,-109,-130,-9.50,0.000000,0.000000
06:47:53,2â¸®1,-31.97YQV^E!5.81b4tâ¸®,250000,5,916040000,7,18,-110,-130,-11.75,0.000000,0.000000
06:47:54,243,-31.;5;â¸®3,115.18702$,250000,5,916040000,7,18,-110,-130,-11.00,0.000000,0.000000
06:48:28,244,-3â¸®.979443,â¸®(.1701,250000,5,916040000,7,18,-111,-130,-11.00,0.000000,0.000000
06:48:31,246,-31.979435,115.81â¸®|â¸®â¸®,250000,5,916040000,7,18,-109,-108,-10.50,0.000000,0.000000
06:48:32,256,-31.979692,115.816719,250000,5,916040000,7,18,-109,-130,-8.00,0.000000,0.000000
06:48:57,263,-31.979637,115.816620,250000,5,916040000,7,18,-109,-130,-8.50,0.000000,0.000000
06:48:58,265,-31.979609,11uâ¸®d<6%97,250000,5,916040000,7,18,-110,-109,-10.50,0.000000,0.000000
06:49:01,267,-31.979588,115.816574,250000,5,916040000,7,18,-110,-108,-8.00,0.000000,0.000000
06:49:04,271,-31.979532,115.816559,250000,5,916040000,7,18,-109,-130,-5.25,0.000000,0.000000
06:49:11,272.979532,115.816559,250000,5,916040000,7,18,-110,-130,-9.00,0.000000,0.000000
06:49:12,275,-31.979521,115.816544,250000,5,916040000,7,18,-109,-131,-7.75,0.000000,0.000000
06:49:17,276,-31.979511,115.816551,250000,5,916040000,7,18,-108,-105,-3.00,0.000000,0.000000
06:49:19,277,-31.97i163,115.816551,250000,5,916040000,7,18,-110,-130,-9.00,0.000000,0.000000
06:49:22,279,-31.979391,115.816574,250000,5,916040000,7,18,-108,-106,-3.50,0.000000,0.000000
06:49:23,280,-31.979374,115.816566,250000,5,916040000,7,18,-110,-130,-9.00,0.000000,0.000000
06:49:25,281,-31.979361,115.816559,250000,5,916040000,7,18,-108,-130,-5.75,0.000000,0.000000
06:49:26,282,-31.979362,115.816551,250000,5,916040000,7,18,-109,-130,-6.25,0.000000,0.000000
06:49:27,484â¸®â¸®?9;0â¸®â¸®â¸®â¸®|~YTâ¸®â¸®â¸®â¸®,250000,5,916040000,7,18,-110,-130,-12.25,0.000000,0.000000
06:49:31,285,-31.979380,115.816536,250000,5,916040000,7,18,-109,-131,-3.75,0.000000,0.000000
06:49:32,286,-31.979412,115.816521,250000,5,916040000,7,18,-107,-110,-0.75,0.000000,0.000000
06:49:34,287,-31.979412,115.816521,250000,5,916040000,7,18,-108,-109,-2.25,0.000000,0.000000
06:49:37,289,-31.979420,115.816521,250000,5,916040000,7,18,-107,-99,0.00,0.000000,0.000000
06:49:38,290,-31.979418,115.816536,250000,5,916040000,7,18,-107,-130,-1.50,0.000000,0.000000
06:49:40,291,-31.979414,115.816536,250000,5,916040000,7,18,-106,-130,1.50,0.000000,0.000000
06:49:41,292,-31.979387,115.816551,250000,5,916040000,7,18,-102,-102,5.50,0.000000,0.000000
06:49:43,293,-31.979378,115.816559,250000,5,916040000,7,18,-100,-131,6.50,0.000000,0.000000
06:49:45,294,-31.979361,115.816559,250000,5,916040000,7,18,-106,-130,1.25,0.000000,0.000000
06:49:46,295,-31.979355,115.816551,250000,5,916040000,7,18,-104,-130,3.50,0.000000,0.000000
06:49:48,296,-31.979343,115.816544,250000,5,916040000,7,18,-103,-131,3.00,0.000000,0.000000
06:49:49,297,-31.979322,115.816536,250000,5,916040000,7,18,-105,-130,-3.00,0.000000,0.000000
06:49:51,298,-31.979322,115.816536,250000,5,916040000,7,18,-109,-130,-8.25,0.000000,0.000000
06:49:52,299,-31.979284,115.816528,250000,5,916040000,7,18,-108,-130,-4.25,0.000000,0.000000
06:49:53,305,-31.979132,115.816620,250000,5,916040000,7,18,-109,-130,-9.00,0.000000,0.000000
06:50:09,310,-31.979080,115.816734,250000,5,916040000,7,18,-110,-108,-8.25,0.000000,0.000000
06:50:17,315,-31.979042,115.816803,250000,5,916040000,7,18,-109,-130,-7.00,0.000000,0.000000
06:50:18,3d6,-3qâ¸®@a5Õžâ¸®+$xgâ¸®â¸®{,250000,5,916040000,7,18,-109,-130,-12.25,0.000000,0.000000
06:50:20,317,-31.978975,11680â¸®,250000,5,916040000,7,18,-105,-130,-9.50,0.000000,0.000000
06:50:21,318,-31.978907,115.x56765,250000,5,916040000,7,18,-109,-105,-9.75,0.000000,0.000000
06:50:22,320,-31.978836,115.816742,250000,5,916040000,7,18,-103,-130,-1.75,0.000000,0.000000
06:50:26,321,-31.978817,115.8177%a,250000,5,916040000,7,18,-110,-130,-10.50,0.000000,0.000000
06:50:27,322,-31.978779,115.81458,250000,5,916040000,7,18,-110,-130,-10.25,0.000000,0.000000
06:50:29,323,-31.978775,115.816803,250000,5,916040000,7,18,-109,-130,-5.75,0.000000,0.000000
06:50:34,326,-319â¸®8771,115.>Q6879,250000,5,916040000,7,18,-107,-100,-8.50,0.000000,0.000000
06:50:35,327,-31.978769,115.816902,250000,5,916040000,7,18,-109,-130,-8.00,0.000000,0.000000
06:50:36,329,-31.978792,115.816956,250000,5,916040000,7,18,-109,-130,-5.75,0.000000,0.000000
06:50:39,331,-31.978830,115.816986,250000,5,916040000,7,18,-109,-131,-9.50,0.000000,0.000000
06:50:43,332,-31.978830,115.816986,250000,5,916040000,7,18,-108,-130,-5.00,0.000000,0.000000
06:50:44,333,-31.978867â¸®=mPKnâ¸®,,250000,5,916040000,7,18,-109,-130,-11.50,0.000000,0.000000
06:50:46,334,-31.978863,115.817001,250000,5,916040000,7,18,-109,-106,-7.75,0.000000,0.000000
06:50:58,342,-31.978899,115.817123,250000,5,916040000,7,18,-109,-108,-9.00,0.000000,0.000000
06:51:06,347,â¸®1.978842,115.8â¸®7123,250000,5,916040000,7,18,-109,-131,-7.50,0.000000,0.000000
06:51:07,348,-31.
8806,115N>â¸® 9,250000,5,916040000,7,18,-106,-130,-7.00,0.000000,0.000000
06:51:09,37	,-31fâ¸®o8806â¸®â¸®â¸®d=â¸®â¸®â¸®â¸®,250000,5,916040000,7,18,-109,-130,-11.25,0.000000,0.000000
06:51:10,350,-31.978773,115.817116,250000,5,916040000,7,18,-108,-103,-4.00,0.000000,0.000000
06:51:12,351,-31.978773,115.817116,250000,5,916040000,7,18,-109,-130,-6.25,0.000000,0.000000
06:51:13,352,-31.978733,115.817085,250000,5,916040000,7,18,-107,-130,0.00,0.000000,0.000000
06:51:15,353,-31.978733,115.817085,250000,5,916040000,7,18,-106,-130,0.75,0.000000,0.000000
06:51:16,354,-31.978745,115.817062,250000,5,916040000,7,18,-105,-114,2.50,0.000000,0.000000
06:51:18,355,-31.978773,115.817062,250000,5,916040000,7,18,-106,-130,-2.00,0.000000,0.000000
06:51:19,356,-31.978781,115.817108,250000,5,916040000,7,18,-105,-130,0.50,0.000000,0.000000
06:51:21,357,-31.978790,115.817123,250000,5,916040000,7,18,-107,-130,-2.25,0.000000,0.000000
06:51:23,358,-31.978790,115.817162,250000,5,916040000,7,18,-108,-108,-4.00,0.000000,0.000000
06:51:23,361,-31.978771,115.817238,250000,5,916040000,7,18,-106,-130,-0.50,0.000000,0.000000
06:51:29,362,-31.978771,115.817238,250000,5,916040000,7,18,-107,-131,-4.00,0.000000,0.000000
06:51:30,363,-31.978758,115.817284,250000,5,916040000,7,18,-106,-130,0.25,0.000000,0.000000
06:51:38,;6â¸®,-31.978735,115N8â¸®7360,250000,5,916040000,7,18,-110,-131,-10.00,0.000000,0.000000
06:51:39,369,-31.978731,115.817390,250000,5,916040000,7,18,-105,-131,-5.50,0.000000,0.000000
06:51:41,370,-31.978733,115.817406,250000,5,916040000,7,18,-107,-130,-1.25,0.000000,0.000000
06:51:42,371,-31.978720,115.817429,250000,5,916040000,7,18,-108,-130,-5.00,0.000000,0.000000
06:51:44,372,-31.978720,115.817436,250000,5,916040000,7,18,-107,-130,-3.50,0.000000,0.000000
06:51:45,373,-31.978718,115.817451,250000,5,916040000,7,18,-105,-130,1.00,0.000000,0.000000
06:51:47,374,-31.978708,115.817459,250000,5,916040000,7,18,-105,-130,0.00,0.000000,0.000000
06:51:49,375,-31.978645,115.817505,250000,5,916040000,7,18,-106,-130,0.00,0.000000,0.000000
06:51:50,376,-31.978605,115.817528,250000,5,916040000,7,18,-107,-130,-5.75,0.000000,0.000000
06:51:52,377,-31.978571,115"8â¸®7566,250000,5,916040000,7,18,-106,-101,-7.50,0.000000,0.000000
06:51:53,378,-31.978531,115.817604,250000,5,916040000,7,18,-106,-130,-3.00,0.000000,0.000000
06:51:55,379,-31.978531,115.817604,250000,5,916040000,7,18,-102,-130,4.00,0.000000,0.000000
06:51:56,380,-31.978422LQ75.817688,250000,5,916040000,7,18,-107,-111,-5.25,0.000000,0.000000
06:51:58,381,-31.978378,115.817711,250000,5,916040000,7,18,-106,-130,-0.75,0.000000,0.000000
06:51:59,382,-31.978376,115.817749,250000,5,916040000,7,18,-108,-106,-4.00,0.000000,0.000000
06:52:01,383,-31.978376,115.817749,250000,5,916040000,7,18,-108,-130,-3.75,0.000000,0.000000
06:52:02,384,-31.978407,115.817802,250000,5,916040000,7,18,-107,-130,0.00,0.000000,0.000000
06:52:03,386,-31.978527,115.817909,250000,5,916040000,7,18,-105,-130,-1.75,0.000000,0.000000
06:52:07,387,-31.978537,115.817947,250000,5,916040000,7,18,-104,-130,2.25,0.000000,0.000000
06:52:08,388,-31.978584,115.817986,250000,5,916040000,7,18,-104,-130,-0.25,0.000000,0.000000
06:52:10,389,-31.978607,115.817986,250000,5,916040000,7,18,-105,-130,-0.75,0.000000,0.000000
06:52:11,390,-31.978632,115.818016,250000,5,916040000,7,18,-106,-130,0.75,0.000000,0.000000
06:52:15,392,-31.978697,115.818039,250000,5,916040000,7,18,-102,-130,4.75,0.000000,0.000000
06:52:16,393,-31.978693,115.818100,250000,5,916040000,7,18,-105,-109,1.75,0.000000,0.000000
06:52:18,394,-31.978685,115.818130,250000,5,916040000,7,18,-105,-130,-1.50,0.000000,0.000000
06:52:19,395,-31.978691,115.818161,250000,5,916040000,7,18,-108,-130,-1.50,0.000000,0.000000
06:52:21,396,-31.978691,115.818161,250000,5,916040000,7,18,-106,-130,0.50,0.000000,0.000000
06:52:24, 	;/-31.978695,115.818199,250000,5,916040000,7,18,-109,-130,-5.75,0.000000,0.000000
06:52:25,401,â¸®;â¸®.978718,115.810260,250000,5,916040000,7,18,-109,-109,-9.00,0.000000,0.000000
06:52:30,402,-â¸®1.978708â¸®â¸®15.818283,250000,5,916040000,7,18,-109,-110,-8.75,0.000000,0.000000
06:52:33,404,-31.978689,115.81832â¸®,250000,5,916040000,7,18,-109,-130,-10.25,0.000000,0.000000
06:52:34,405,-31.978678,115.818336,250000,5,916040000,7,18,-108,-108,-4.75,0.000000,0.000000
06:52:36,406,-31.978678,115.818344,250000,5,916040000,7,18,-110,-130,-7.50,0.000000,0.000000
06:52:38,407,-31.978695,115.81â¸®â¸®?â¸®,250000,5,916040000,7,18,-105,-130,-7.75,0.000000,0.000000
06:52:41,409,-31.978735,115.818321,250000,5,916040000,7,18,-109,-104,-6.75,0.000000,0.000000
06:53:45,4=1,-31~lg9130,115.817642,250000,5,916040000,7,18,-109,-109,-9.50,0.000000,0.000000
06:53:46,454,-31.979120,115.817558,250000,5,916040000,7,18,-110,-103,-9.50,0.000000,0.000000
06:53:54,457,-31.979111,115.811U05,250000,5,916040000,7,18,-108,-105,-9.00,0.000000,0.000000
06:53:56,458,-31.979099,11%.817482,250000,5,916040000,7,18,-109,-130,-7.75,0.000000,0.000000
06:53:56,461,-3179079,115.817444,250000,5,916040000,7,18,-109,-131,-9.50,0.000000,0.000000
06:54:01,463,-31.979055,115.817429,250000,5,916040000,7,18,-110,-130,-9.25,0.000000,0.000000
06:54:05,464,-31.979055,115.817429,250000,5,916040000,7,18,-108,-106,-3.50,0.000000,0.000000
06:54:06,465,-31.979036,115.817413,250000,5,916040000,7,18,-108,-104,-4.50,0.000000,0.000000
06:54:11,468,-31.978985,115.817383,250000,5,916040000,7,18,-109,-105,-3.75,0.000000,0.000000
06:54:12,469,-31.978966,115.817383,250000,5,916040000,7,18,-106,-131,1.75,0.000000,0.000000
06:54:14,470,-31.978952,115.817390,250000,5,916040000,7,18,-105,-110,2.25,0.000000,0.000000
06:54:15,471,-31.978941,115.817398,250000,5,916040000,7,18,-108,-116,-2.25,0.000000,0.000000
06:54:17,472,-31.978935,115.817406,250000,5,916040000,7,18,-105,-110,2.00,0.000000,0.000000
06:54:19,473,-31.978928,115.817406,250000,5,916040000,7,18,-107,-108,0.50,0.000000,0.000000
06:54:20,55;~â¸®/1râ¸®)3qzâ¸®,â¸®>C1gâ¸®â¸®â¸®,250000,5,916040000,7,18,-110,-105,-11.50,0.000000,0.000000
06:54:22,475,-31.978912,115.817398,250000,5,916040000,7,18,-109,-105,-8.50,0.000000,0.000000
06:54:22,476,-31.978880,115.817375,250000,5,916040000,7,18,-108,-130,-1.00,0.000000,0.000000
06:54:25,477,-31.978880,115.817375,250000,5,916040000,7,18,-108,-130,-4.25,0.000000,0.000000
06:54:26,478,-31.978848,115.817352,250000,5,916040000,7,18,-105,-130,3.50,0.000000,0.000000
06:54:28,479,-31.978848,115.817352,250000,5,916040000,7,18,-109,-130,-7.00,0.000000,0.000000
06:54:29,480,-31.978819,115.817329,250000,5,916040000,7,18,-108,-130,-4.50,0.000000,0.000000
06:54:31,481,-31.978819,115.817329,250000,5,916040000,7,18,-106,-130,2.00,0.000000,0.000000
06:54:32,482,-31.978792,115.817307,250000,5,916040000,7,18,-104,-130,3.50,0.000000,0.000000
06:54:34,483,-31.978786,115.817299,250000,5,916040000,7,18,-103,-131,4.50,0.000000,0.000000
06:54:35,484,-31.978769,115.817291,250000,5,916040000,7,18,-107,-131,-1.25,0.000000,0.000000
06:54:37,485,-31.978758,115.817284,250000,5,916040000,7,18,-106,-130,1.25,0.000000,0.000000
06:54:38,486,-31.978729,115.817261,250000,5,916040000,7,18,-104,-130,4.00,0.000000,0.000000
06:54:40,487,-31.978699,115.817253,250000,5,916040000,7,18,-104,-130,3.75,0.000000,0.000000
06:54:42,488,-31.978596,115.817268,250000,5,916040000,7,18,-109,-130,-5.50,0.000000,0.000000
06:54:43,489,-31.978512,11â¸®â¸®2173<â¸®,250000,5,916040000,7,18,-110,-130,-11.00,0.000000,0.000000
06:54:45,490,-31.978476,115.817299,250000,5,916040000,7,18,-103,-130,4.75,0.000000,0.000000
06:54:45,491,-31.978460,115.817299,250000,5,916040000,7,18,-108,-109,-5.00,0.000000,0.000000
06:54:48,492,-31.978453,115.817307,250000,5,916040000,7,18,-105,-130,2.50,0.000000,0.000000
06:54:48,493,-31.978443,115.817322,250000,5,916040000,7,18,-108,-130,-1.50,0.000000,0.000000
06:54:51,494,-31.978445,115.817329,250000,5,916040000,7,18,-108,-130,-1.50,0.000000,0.000000
06:54:52,495,-31.978455,115.817352,250000,5,916040000,7,18,-107,-101,0.25,0.000000,0.000000
06:54:54,â¸®â¸®^,+1â¸®C(â¸®Wâ¸®â¸®Eâ¸®â¸®[â¸®]â¸®,250000,5,916040000,7,18,-110,-131,-12.25,0.000000,0.000000
06:54:55,497,-31.9'9<>â¸®,115.817383,250000,5,916040000,7,18,-110,-130,-8.75,0.000000,0.000000
06:54:57,498,-31.978474,115.817398,250000,5,916040000,7,18,-107,-130,0.50,0.000000,0.000000
06:54:58,499,-31.978487,115.817429,250000,5,916040000,7,18,-107,-130,-1.25,0.000000,0.000000
06:55:00,500,-31.978493,115.817444,250000,5,916040000,7,18,-108,-132,-2.25,0.000000,0.000000
06:55:01,501,-31.978495,115.817474,250000,5,916040000,7,18,-107,-130,-1.00,0.000000,0.000000
06:55:03,502,-31.978483,115.817497,250000,5,916040000,7,18,-108,-131,-1.25,0.000000,0.000000
06:55:04,503,-31.978455,115.817551,250000,5,916040000,7,18,-107,-130,0.75,0.000000,0.000000
06:55:06,504,-31.978449,115.817574,250000,5,916040000,7,18,-103,-130,4.50,0.000000,0.000000
06:55:08,505,-31.978439,115.817612,250000,5,916040000,7,18,-104,-110,4.00,0.000000,0.000000
06:55:09,506,-31.978443,115.817642,250000,5,916040000,7,18,-106,-130,1.50,0.000000,0.000000
06:55:11,507,-31.978447,115.817657,250000,5,916040000,7,18,-108,-130,-1.25,0.000000,0.000000
06:55:11,508,-31.978443,115.817711,250000,5,916040000,7,18,-105,-130,2.00,0.000000,0.000000
06:55:14,509,-31.978453,115.817734,250000,5,916040000,7,18,-104,-130,4.00,0.000000,0.000000
06:55:15,510,-31.978495,115.817757,250000,5,916040000,7,18,-103,-130,4.50,0.000000,0.000000
06:55:17,511,-31.978495,115.817757,250000,5,916040000,7,18,-103,-130,4.25,0.000000,0.000000
06:55:18,512,-31.978539,115.817802,250000,5,916040000,7,18,-107,-130,-1.50,0.000000,0.000000
06:55:19,514,-31.978601,115.817825,250000,5,916040000,7,18,-105,-130,3.00,0.000000,0.000000
06:55:23,515,-31.978607,115.817841,250000,5,916040000,7,18,-107,-130,0.50,0.000000,0.000000
06:55:24,516,-31.978636,115.817871,250000,5,916040000,7,18,-104,-102,3.75,0.000000,0.000000
06:55:26,517,-31.978640,115.817886,250000,5,916040000,7,18,-109,-130,-7.00,0.000000,0.000000
06:55:27,518,-31.978647,115.817924,250000,5,916040000,7,18,-107,-110,0.25,0.000000,0.000000
06:55:29,519,-31.978643,115.817947,250000,5,916040000,7,18,-109,-130,-5.75,0.000000,0.000000
06:55:31,520,-31.978619,115.817993,250000,5,916040000,7,18,-105,-130,3.25,0.000000,0.000000
06:55:32,521,-31.978615,115.818016,250000,5,916040000,7,18,-102,-130,4.75,0.000000,0.000000
06:55:33,523,-31.978605,115.818108,250000,5,916040000,7,18,-109,-131,-5.75,0.000000,0.000000
06:55:37,524,-31.978598,115.818130,250000,5,916040000,7,18,-101,-131,5.75,0.000000,0.000000
06:55:37,525,-31.978588,115.818176,250000,5,916040000,7,18,-107,-130,1.25,0.000000,0.000000
06:55:40,526,-31.978584,115.818199,250000,5,916040000,7,18,-105,-110,1.75,0.000000,0.000000
06:55:41,527,-31.978584,115.818245,250000,5,916040000,7,18,-108,-131,-1.25,0.000000,0.000000
06:55:42,529,-31.978592,115.818298,250000,5,916040000,7,18,-108,-106,-2.75,0.000000,0.000000
06:55:46,530,-31.978592,115.818298,250000,5,916040000,7,18,-109,-130,-1.50,0.000000,0.000000
06:55:47,531,-31.978571,115.818352,250000,5,916040000,7,18,-109,-130,-3.75,0.000000,0.000000
06:55:49,532,-31.978571,115.818367,250000,5,916040000,7,18,-108,-130,-1.00,0.000000,0.000000
06:55:50,533,-31.978580,115.818398,250000,5,916040000,7,18,-109,-111,-2.00,0.000000,0.000000
06:55:52,534,-31.978590,115.818405,250000,5,916040000,7,18,-110,-130,-6.50,0.000000,0.000000
06:55:53,535,-31.978607,115.818428,250000,5,916040000,7,18,-109,-130,-6.50,0.000000,0.000000
06:55:55,536,-31.978621,115.818436,250000,5,916040000,7,18,-109,-130,-3.75,0.000000,0.000000
06:55:57,537,-31.978643,115.818443,250000,5,916040000,7,18,-110,-130,-5.50,0.000000,0.000000
06:55:58,538,-31.978638,115.818466,250000,5,916040000,7,18,-110,-130,-9.50,0.000000,0.000000
06:56:00,539,-31.978647,115.818474,250000,5,916040000,7,18,-109,-130,-7.25,0.000000,0.000000
06:56:24,â¸®â¸®â¸®â¸®$â¸®â¸®$jlâ¸®9â¸®11â¸®â¸®â¸®kPVr6,250000,5,916040000,7,18,-111,-110,-11.50,0.000000,0.000000
06:56:26,556,-31.978939,115.818626,250000,5,916040000,7,18,-110,-105,-8.00,0.000000,0.000000
06:56:26,561,-31.978655,115.818840,250000,5,916040000,7,18,-110,-112,-9.00,0.000000,0.000000
06:56:38,564,-31.978619,115.818893,250000,5,916040000,7,18,-110,-129,-9.00,0.000000,0.000000
06:56:39,Sâ¸®-â¸®1.9772,11â¸®j!â¸®i098,250000,5,916040000,7,18,-110,-130,-11.25,0.000000,0.000000
06:56:57,578,-31.978497,115.81906â¸®,250000,5,916040000,7,18,-110,-130,-10.00,0.000000,0.000000
06:57:41,605,-31.971<&1â¸®?.82871x,250000,5,916040000,7,18,-110,-131,-11.50,0.000000,0.000000
06:57:41,V0c,-31.978294,115.x58665,250000,5,916040000,7,18,-111,-105,-10.50,0.000000,0.000000
06:57:44,607,-31.5w<294%â¸®4<.81865,250000,5,916040000,7,18,-110,-130,-10.00,0.000000,0.000000
06:57:47,609,-31.97â¸®23â¸®,115.81<652,250000,5,916040000,7,18,-110,-130,-10.75,0.000000,0.000000
06:57:48,610,-31.978230,115.818657,250000,5,916040000,7,18,-109,-130,-6.00,0.000000,0.000000
06:57:50,611,-31.977922,115.81â¸®â¸®9,250000,5,916040000,7,18,-110,-109,-11.00,0.000000,0.000000
06:57:51,612,-31.977892,115.818596,250000,5,916040000,7,18,-109,-131,-2.75,0.000000,0.000000
06:57:53,613,-31.977892,115.818596,250000,5,916040000,7,18,-110,-110,-8.25,0.000000,0.000000
06:57:54,614,-31.978117,115.818611,250000,5,916040000,7,18,-105,-111,2.50,0.000000,0.000000
06:57:56,615,-31.978109,115.818596,250000,5,916040000,7,18,-110,-110,-7.25,0.000000,0.000000
06:57:57,616,-31.978113,115.818527,250000,5,916040000,7,18,-106,-130,2.75,0.000000,0.000000
06:57:59,617,-31.978119,115.818489,250000,5,916040000,7,18,-109,-130,-10.00,0.000000,0.000000
06:58:01,618,-31.978136,115.818443,250000,5,916040000,7,18,-104,-108,3.50,0.000000,0.000000
06:58:02,619,-31.978138,115.818413,250000,5,916040000,7,18,-108,-130,-1.75,0.000000,0.000000
06:58:04,620,-31.978138,115.818413,250000,5,916040000,7,18,-109,-130,-2.25,0.000000,0.000000
06:58:04,621,-31.978119,115.818375,250000,5,916040000,7,18,-109,-109,-3.75,0.000000,0.000000
06:58:07,622,-31.97X5w?,11â¸®&â¸®3XUQ5,250000,5,916040000,7,18,-110,-109,-11.50,0.000000,0.000000
06:58:07,623,-31.978113,115.818344,250000,5,916040000,7,18,-108,-130,-1.00,0.000000,0.000000
06:58:10,624,-31.978113,115.818344,250000,5,916040000,7,18,-103,-130,4.25,0.000000,0.000000
06:58:11,625,-31.978083,115.818336,250000,5,916040000,7,18,-107,-130,-0.50,0.000000,0.000000
06:58:13,626,-31.978083,115.818336,250000,5,916040000,7,18,-108,-130,0.50,0.000000,0.000000
06:58:14,627,-31.978060,115.818329,250000,5,916040000,7,18,-108,-130,-1.75,0.000000,0.000000
06:58:16,628,-31.978037,115.818352,250000,5,916040000,7,18,-108,-107,-0.75,0.000000,0.000000
06:58:17,629,-31.978020,115.818352,250000,5,916040000,7,18,-105,-130,3.00,0.000000,0.000000
06:58:19,630,-31.978004,115.818359,250000,5,916040000,7,18,-106,-130,1.75,0.000000,0.000000
06:58:20,631,-31.977989,115.818367,250000,5,916040000,7,18,-101,-130,5.50,0.000000,0.000000
06:58:22,632,-31.977987,115.818367,250000,5,916040000,7,18,-105,-130,3.25,0.000000,0.000000
06:58:25,634,-31.977949,115.818367,250000,5,916040000,7,18,-109,-110,-3.25,0.000000,0.000000
06:58:26,636,-31.977903,115.818336,250000,5,916040000,7,18,-109,-111,-3.75,0.000000,0.000000
06:58:30,637,-31.977903,115.818336,250000,5,916040000,7,18,-109,-109,-3.25,0.000000,0.000000
06:58:31,638,-31.977880,115.818329,250000,5,916040000,7,18,-107,-111,0.50,0.000000,0.000000
06:58:33,639,-31.977880,115.818329,250000,5,916040000,7,18,-106,-130,2.00,0.000000,0.000000
06:58:34,640,-31.977850,115.818314,250000,5,916040000,7,18,-103,-110,5.00,0.000000,0.000000
06:58:36,641,-31.977850,115.818314,250000,5,916040000,7,18,-103,-108,5.00,0.000000,0.000000
06:58:37,642,-31.977831,115.818291,250000,5,916040000,7,18,-102,-109,6.00,0.000000,0.000000
06:58:39,643,-31.977831,115.818291,250000,5,916040000,7,18,-105,-130,3.25,0.000000,0.000000
06:58:40,644,-31.977829,115.818260,250000,5,916040000,7,18,-106,-130,2.25,0.000000,0.000000
06:58:42,645,-31.977829,115.818253,250000,5,916040000,7,18,-104,-130,4.00,0.000000,0.000000
06:58:43,646,-31.977837,115.818222,250000,5,916040000,7,18,-110,-130,-4.00,0.000000,0.000000
06:58:45,647,-31.977837,115.818214,250000,5,916040000,7,18,-105,-131,3.50,0.000000,0.000000
06:58:46,648,-31.977837,115.818199,250000,5,916040000,7,18,-108,-131,-1.50,0.000000,0.000000
06:58:48,649,-31.977833,115.818192,250000,5,916040000,7,18,-102,-130,5.50,0.000000,0.000000
06:58:50,650,-31.977831,115.818176,250000,5,916040000,7,18,-102,-130,5.75,0.000000,0.000000
06:58:51,651,-31.977825,115.818146,250000,5,916040000,7,18,-110,-130,-7.75,0.000000,0.000000
06:58:53,652,-31.977823,115.818138,250000,5,916040000,7,18,-103,-130,5.25,0.000000,0.000000
06:58:53,653,-31.977821,115.818115,250000,5,916040000,7,18,-110,-112,-7.25,0.000000,0.000000
06:58:55,655,-31.977802,115.818054,250000,5,916040000,7,18,-108,-107,-4.25,0.000000,0.000000
06:58:59,656,-31.977802,115.818054,250000,5,916040000,7,18,-100,-106,6.50,0.000000,0.000000
06:59:00,657,-31.977768,115.818016,250000,5,916040000,7,18,-104,-106,4.75,0.000000,0.000000
06:59:02,658,-31.977768,115.818016,250000,5,916040000,7,18,-106,-110,1.50,0.000000,0.000000
06:59:03,659,-31.977741,115.818008,250000,5,916040000,7,18,-103,-110,4.75,0.000000,0.000000
06:59:05,660,-31.977730,115.817993,250000,5,916040000,7,18,-102,-130,6.25,0.000000,0.000000
06:59:06,661,-31.977699,115.817986,250000,5,916040000,7,18,-103,-109,5.25,0.000000,0.000000
06:59:08,662,-31.977692,115.817978,250000,5,916040000,7,18,-103,-130,5.50,0.000000,0.000000
06:59:11,664,-31.977678,115.817955,250000,5,916040000,7,18,-108,-112,-1.00,0.000000,0.000000
06:59:13,665,-31.977661,115.817955,250000,5,916040000,7,18,-103,-130,5.25,0.000000,0.000000
06:59:14,666,-31.977659,115.817947,250000,5,916040000,7,18,-104,-130,4.50,0.000000,0.000000
06:59:16,667,-31.977657,115.817924,250000,5,916040000,7,18,-103,-130,5.00,0.000000,0.000000
06:59:16,668,-31.977638,115.817909,250000,5,916040000,7,18,-106,-130,1.75,0.000000,0.000000
06:59:19,669,-31.977638,115.817909,250000,5,916040000,7,18,-105,-130,4.00,0.000000,0.000000
06:59:19,670,-31.977585,115.817909,250000,5,916040000,7,18,-107,-105,1.50,0.000000,0.000000
06:59:22,671,-31.977568,115.817909,250000,5,916040000,7,18,-99,-130,7.25,0.000000,0.000000
06:59:23,672,-31.977549,115.817932,250000,5,916040000,7,18,-102,-131,5.50,0.000000,0.000000
06:59:25,673,-31.977549,115.817932,250000,5,916040000,7,18,-106,-108,3.25,0.000000,0.000000
06:59:26,674,-31.977512,115.817947,250000,5,916040000,7,18,-102,-132,5.50,0.000000,0.000000
06:59:28,675,-31.977512,115.817947,250000,5,916040000,7,18,-110,-130,-4.00,0.000000,0.000000
06:59:29,676,-31.977491,115.817955,250000,5,916040000,7,18,-102,-130,5.00,0.000000,0.000000
06:59:31,677,-31.977468,115.817970,250000,5,916040000,7,18,-108,-130,-0.50,0.000000,0.000000
06:59:32,â¸®â¸®â¸®|(31-977430,115.818001,250000,5,916040000,7,18,-108,-130,-1.25,0.000000,0.000000
06:59:34,679,-31.977413,115.818016,250000,5,916040000,7,18,-95,-110,9.00,0.000000,0.000000
06:59:35,680,-31.977385,115.818039,250000,5,916040000,7,18,-96,-110,8.00,0.000000,0.000000
06:59:37,681,-31.977373,115.818047,250000,5,916040000,7,18,-105,-130,3.25,0.000000,0.000000
06:59:39,682,-31.977327,115.818077,250000,5,916040000,7,18,-105,-104,3.75,0.000000,0.000000
06:59:40,683,-31.977308,115.818092,250000,5,916040000,7,18,-97,-101,7.50,0.000000,0.000000
06:59:42,684,-31.977274,115.818130,250000,5,916040000,7,18,-103,-130,5.00,0.000000,0.000000
06:59:42,685,-31.977262,115.818138,250000,5,916040000,7,18,-97,-130,8.25,0.000000,0.000000
06:59:45,686,-31.977262,115.818138,250000,5,916040000,7,18,-96,-102,8.50,0.000000,0.000000
06:59:46,687,-31.977221,115.818169,250000,5,916040000,7,18,-99,-130,7.25,0.000000,0.000000
06:59:48,688,-31.977221,115.818169,250000,5,916040000,7,18,-98,-130,7.75,0.000000,0.000000
06:59:49,689,-31.977194,115.818184,250000,5,916040000,7,18,-103,-130,4.50,0.000000,0.000000
06:59:51,690,-31.977194,115.818184,250000,5,916040000,7,18,-97,-110,7.50,0.000000,0.000000
06:59:52,691,-31.977179,115.818222,250000,5,916040000,7,18,-97,-108,7.50,0.000000,0.000000
06:59:54,692,-31.977173,115.818230,250000,5,916040000,7,18,-97,-130,7.75,0.000000,0.000000
06:59:55,693,-31.977167,115.818260,250000,5,916040000,7,18,-104,-130,4.50,0.000000,0.000000
06:59:57,694,-31.977171,115.818291,250000,5,916040000,7,18,-97,-111,8.25,0.000000,0.000000
06:59:58,695,-31.977167,115.818321,250000,5,916040000,7,18,-99,-130,7.50,0.000000,0.000000
07:00:00,696,-31.977156,115.818336,250000,5,916040000,7,18,-110,-105,-4.75,0.000000,0.000000
07:00:01,697,-31.977125,115.818352,250000,5,916040000,7,18,-100,-130,6.50,0.000000,0.000000
07:00:03,698,-31.977108,115.818352,250000,5,916040000,7,18,-108,-130,-0.75,0.000000,0.000000
07:00:05,7â¸®9M= 	'?5tlP<â¸®â¸®$qâ¸®]5=2,250000,5,916040000,7,18,-111,-104,-11.00,0.000000,0.000000
07:00:05,702,-31.976967,115.818321,250000,5,916040000,7,18,-110,-130,-8.00,0.000000,0.000000
07:00:17,707,-31.976770,115.818321,250000,5,916040000,7,18,-111,-111,-10.75,0.000000,0.000000
07:00:23,711,-31.977074,115.818275,250000,5,916040000,7,18,-110,-130,-9.00,0.000000,0.000000
07:00:24,712,-31.977053,115.818184,250000,5,916040000,7,18,-109,-130,-1.75,0.000000,0.000000
07:00:26,713,-31.97â¸®04;â¸®19â¸®0â¸®â¸®â¸®â¸®â¸®,250000,5,916040000,7,18,-110,-130,-12.25,0.000000,0.000000
07:00:28,714,-31.977036,115.818092,250000,5,916040000,7,18,-109,-129,-5.00,0.000000,0.000000
07:00:29,715le3u.97â¸®0â¸®â¸®/â¸®J
â¸®Ë´=m,250000,5,916040000,7,18,-111,-130,-12.25,0.000000,0.000000
07:00:31,716,-31.977032,115.818062,250000,5,916040000,7,18,-109,-106,-4.75,0.000000,0.000000
07:00:31,717,-31.977032,115.818062,250000,5,916040000,7,18,-110,-130,-6.50,0.000000,0.000000
07:00:33,719,-31mO35051â¸®â¸®â¸®	:=!74â¸®,250000,5,916040000,7,18,-110,-105,-12.50,0.000000,0.000000
07:00:36,721,-31.977039,115.817711,250000,5,916040000,7,18,-109,-111,-2.50,0.000000,0.000000
07:00:40,722,-31.977039,115.817711,250000,5,916040000,7,18,-109,-109,-4.00,0.000000,0.000000
07:00:41,723,-31.977016,115.817650,250000,5,916040000,7,18,-108,-128,-4.50,0.000000,0.000000
07:00:43,724,-31.977016,115.817650,250000,5,916040000,7,18,-110,-129,-6.75,0.000000,0.000000
07:00:44,725,-31.976986,115.817619,250000,5,916040000,7,18,-109,-129,-6.75,0.000000,0.000000
07:00:49,728,-31.976946,115.817589,250000,5,916040000,7,18,-109,-128,-1.50,0.000000,0.000000
07:00:50,2â¸®-31.97â¸®Qâ¸®Yâ¸®â¸®9/>91â¸®â¸®,250000,5,916040000,7,18,-111,-130,-12.25,0.000000,0.000000
07:00:52,730,-31.976925â¸®9â¸®5.8175>0,250000,5,916040000,7,18,-111,-128,-9.25,0.000000,0.000000
07:00:54,731,-31.976944,115.817436,250000,5,916040000,7,18,-111,-129,-8.50,0.000000,0.000000
07:00:55,732,-31.976944,115.817421,250000,5,916040000,7,18,-111,-105,-9.50,0.000000,0.000000
07:00:56,734,-31.976877,115.817429,250000,5,916040000,7,18,-110,-130,-9.00,0.000000,0.000000
07:01:03,737,-31â¸®â¸®>841,11%&â¸®{â¸®a!,250000,5,916040000,7,18,-111,-128,-12.25,0.000000,0.000000
07:01:04,738,-31.976843,115.817436,250000,5,916040000,7,18,-110,-129,-6.50,0.000000,0.000000
07:01:06,739,-31.976843,115.817436,250000,5,916040000,7,18,-110,-129,-6.25,0.000000,0.000000
07:01:07,740,-31.976778,115.817482,250000,5,916040000,7,18,-108,-110,-0.75,0.000000,0.000000
07:01:09,741,-31.976761,115.817482,250000,5,916040000,7,18,-104,-129,4.25,0.000000,0.000000
07:01:10,742,-31.976744,115.817459,250000,5,916040000,7,18,-106,-129,3.00,0.000000,0.000000
07:01:12,743,-31.976730,115.817451,250000,5,916040000,7,18,-109,-129,-4.25,0.000000,0.000000
07:01:13,744,-31.976711,115.817444,250000,5,916040000,7,18,-111,-130,-9.50,0.000000,0.000000
07:01:15,745,-31.976706,115.817429,250000,5,916040000,7,18,-109,-110,-4.00,0.000000,0.000000
07:01:17,746,-31.976706,115.817413,250000,5,916040000,7,18,-106,-128,3.00,0.000000,0.000000
07:01:18,747,-31.976706,115.817413,250000,5,916040000,7,18,-108,-130,-2.50,0.000000,0.000000
07:01:20,w2~*-31.976700,115.817406,250000,5,916040000,7,18,-110,-128,-9.50,0.000000,0.000000
07:01:20,749,-31.976679,115.817406,250000,5,916040000,7,18,-108,-130,-0.50,0.000000,0.000000
07:01:23,750,-31.976679,115.817406,250000,5,916040000,7,18,-107,-129,0.50,0.000000,0.000000
07:01:23,751,-31.976645,115.817413,250000,5,916040000,7,18,-104,-110,4.00,0.000000,0.000000
07:01:26,752,-31.976645,115.817413,250000,5,916040000,7,18,-103,-110,5.25,0.000000,0.000000
07:01:27,753,-31.976633,115.817406,250000,5,916040000,7,18,-103,-130,5.25,0.000000,0.000000
07:01:29,754,-31.976633,115.817406,250000,5,916040000,7,18,-101,-101,5.50,0.000000,0.000000
07:01:30,755,-31.976601,115.817413,250000,5,916040000,7,18,-111,-130,-9.75,0.000000,0.000000
07:01:32,756,-31.976601,115.817413,250000,5,916040000,7,18,-106,-108,2.25,0.000000,0.000000
07:01:33,757,-31.976545,115.817421,250000,5,916040000,7,18,-109,-108,-3.00,0.000000,0.000000
07:01:35,78,-31.976530,115.817421,250000,5,916040000,7,18,-109,-130,-5.50,0.000000,0.000000
07:01:36,759,-31.976505,115.817421,250000,5,916040000,7,18,-109,-130,-2.25,0.000000,0.000000
07:01:38,760,-31.976492,115.817421,250000,5,916040000,7,18,-107,-131,0.75,0.000000,0.000000
07:01:39,761,-31.976448,115.817436,250000,5,916040000,7,18,-106,-130,2.00,0.000000,0.000000
07:01:41,762,-31.976431,115.817451,250000,5,916040000,7,18,-110,-130,-2.50,0.000000,0.000000
07:01:43,763,-31.976402,115.817451,250000,5,916040000,7,18,-109,-110,-2.25,0.000000,0.000000
07:01:44,764,-31.976387,115.817444,250000,5,916040000,7,18,-108,-105,-3.00,0.000000,0.000000
07:01:46,765,-31.976377,115.817444,250000,5,916040000,7,18,-109,-110,-3.00,0.000000,0.000000
07:01:46,766,-31.976351,115.817436,250000,5,916040000,7,18,-109,-105,-9.00,0.000000,0.000000
07:01:49,767,-31.976351,115.817436,250000,5,916040000,7,18,-110,-130,-7.75,0.000000,0.000000
07:01:50,768,-31.976311,115.817413,250000,5,916040000,7,18,-110,-106,-4.25,0.000000,0.000000
07:02:01,775,-31â¸®â¸®;632317.21727,250000,5,916040000,7,18,-110,-130,-11.00,0.000000,0.000000
07:02:02,776,-31.976294,115.817245,250000,5,916040000,7,18,-110,-131,-9.00,0.000000,0.000000
07:02:03,
â¸®XVâ¸®â¸®â¸®Xâ¸®k/â¸®â¸®g
â¸®â¸®Lâ¸®2â¸®Þ£1â¸®jâ¸®â¸®sâ¸®â¸®â¸®=efâ¸®â¸®iâ¸®kj27zâ¸®â¸®>â¸®1â¸®XedÓ“eviâ¸®&â¸®{â¸®â¸®â¸®â¸®~,250000,5,916040000,7,18,-110,-106,-12.75,0.000000,0.000000
07:02:04,778,-31.97â¸®28â¸®,115.417200,250000,5,916040000,7,18,-111,-105,-10.25,0.000000,0.000000
07:02:09,780,-31.976280,115.817146,250000,5,916040000,7,18,-111,-106,-8.50,0.000000,0.000000
07:02:15,784,-31.976276,115.817055,250000,5,916040000,7,18,-109,-107,-4.25,0.000000,0.000000
07:02:21,788,-31.976276,115.8109Qâ¸®,250000,5,916040000,7,18,-110,-130,-11.25,0.000000,0.000000
07:02:22,79(â¸®â¸®9â¸®â¸®â¸®>:â¸®41]â¸®+;â¸®23â¸®â¸®,250000,5,916040000,7,18,-111,-131,-12.00,0.000000,0.000000
07:02:24,790,M3â¸®N	76â¸®â¸®9=!15N8Q691g,250000,5,916040000,7,18,-111,-130,-10.50,0.000000,0.000000
07:02:25,791,-31.976271,115.816895,250000,5,916040000,7,18,-109,-130,-0.75,0.000000,0.000000
07:02:27,792,-31.976273,115.816887,250000,5,916040000,7,18,-108,-130,-0.75,0.000000,0.000000
07:02:28,793,-31.976278,115.816864,250000,5,916040000,7,18,-108,-111,0.75,0.000000,0.000000
07:02:30,794,-31.976276,115.816856,250000,5,916040000,7,18,-109,-111,-3.50,0.000000,0.000000
07:02:32,795,-31.976271,115.816833,250000,5,916040000,7,18,-106,-109,2.25,0.000000,0.000000
07:02:32,798,-31.976292,115.816757,250000,5,916040000,7,18,-110,-130,-4.00,0.000000,0.000000
07:02:38,799,-31.976294,115.816742,250000,5,916040000,7,18,-110,-130,-6.00,0.000000,0.000000
07:02:41,801,-31.976294,115.816727,250000,5,916040000,7,18,-109,-130,-2.25,0.000000,0.000000
07:02:42,802,-31.976301,115.816704,250000,5,916040000,7,18,-109,-130,-3.00,0.000000,0.000000
07:02:44,803,-31._4301,11â¸®.41770,250000,5,916040000,7,18,-111,-130,-10.25,0.000000,0.000000
07:02:45,804,-31.976316,115.816681,250000,5,916040000,7,18,-109,-130,-1.25,0.000000,0.000000
07:02:47,805,-31.976316,115.816681,250000,5,916040000,7,18,-107,-131,0.50,0.000000,0.000000
07:02:48,806,-31.976341,115.816650,250000,5,916040000,7,18,-108,-111,-0.75,0.000000,0.000000
07:02:50,807,-31.976353,115.816650,250000,5,916040000,7,18,-106,-130,1.75,0.000000,0.000000
07:02:51,808,-31.976376,115.816628,250000,5,916040000,7,18,-108,-131,-1.25,0.000000,0.000000
07:02:53,809,-31.976381,115.816620,250000,5,916040000,7,18,-110,-111,-3.75,0.000000,0.000000
07:02:55,810,-31.976406,115.816597,250000,5,916040000,7,18,-110,-103,-3.75,0.000000,0.000000
07:02:56,811,-31.976412,115.816597,250000,5,916040000,7,18,-109,-130,-1.25,0.000000,0.000000
07:02:58,812,-31.976429,115.816574,250000,5,916040000,7,18,-108,-105,0.00,0.000000,0.000000
07:02:58,872Owmâ¸®5â¸®rfâ¸®)â¸®4(4Q65=,250000,5,916040000,7,18,-111,-130,-11.00,0.000000,0.000000
07:03:01,814,-31.976439,115.816551,250000,5,916040000,7,18,-107,-130,1.50,0.000000,0.000000
07:03:01,815,-31.976463,115.816490,250000,5,916040000,7,18,-108,-130,-0.25,0.000000,0.000000
07:03:04,816,-31.976471,115.816475,250000,5,916040000,7,18,-110,-130,-2.00,0.000000,0.000000
07:03:05,817,-31.976488,115.816452,250000,5,916040000,7,18,-105,-106,3.50,0.000000,0.000000
07:03:07,818,-31.976488,115.816452,250000,5,916040000,7,18,-102,-130,5.50,0.000000,0.000000
07:03:08,819,-31.976505,115.816429,250000,5,916040000,7,18,-103,-130,4.75,0.000000,0.000000
07:03:10,820,-31.976505,115.816429,250000,5,916040000,7,18,-100,-130,7.00,0.000000,0.000000
07:03:11,821,-31.976515,115.816406,250000,5,916040000,7,18,-103,-112,5.50,0.000000,0.000000
07:03:13,822,-31.976521,115.816406,250000,5,916040000,7,18,-107,-130,2.00,0.000000,0.000000
07:03:14,823,-31.976526,115.816391,250000,5,916040000,7,18,-106,-131,2.00,0.000000,0.000000
07:03:16,824,-31.976530,115.816391,250000,5,916040000,7,18,-98,-110,8.00,0.000000,0.000000
07:03:17,825,-31.976540,115.816391,250000,5,916040000,7,18,-100,-109,7.25,0.000000,0.000000
07:03:19,826,-31.976545,115.816391,250000,5,916040000,7,18,-101,-103,6.50,0.000000,0.000000
07:03:21,827,-31.976547,115.816399,250000,5,916040000,7,18,-103,-110,5.50,0.000000,0.000000
07:03:22,828,-31.976555,115.816399,250000,5,916040000,7,18,-101,-106,7.00,0.000000,0.000000
07:03:24,829,-31.976562,115.816399,250000,5,916040000,7,18,-103,-110,5.25,0.000000,0.000000
07:03:24,830,-31.976585,115.816399,250000,5,916040000,7,18,-95,-108,8.75,0.000000,0.000000
07:03:27,831,-31.976585,115.816399,250000,5,916040000,7,18,-109,-130,-1.50,0.000000,0.000000
07:03:27,832,-31.976629,â¸®1;â¸®<1â¸®,250000,5,916040000,7,18,-110,-130,-11.75,0.000000,0.000000
07:03:30,833,-31.976629,115.816406,250000,5,916040000,7,18,-106,-130,-4.00,0.000000,0.000000
07:03:31,834,-31.976652,115.816422,250000,5,916040000,7,18,-104,-130,3.50,0.000000,0.000000
07:03:33,835,-31.976652,115.816422,250000,5,916040000,7,18,-98,-130,8.00,0.000000,0.000000
07:03:34,836,-31.976688,115.816437,250000,5,916040000,7,18,-101,-130,6.25,0.000000,0.000000
07:03:36,837,-31.976688,115.816437,250000,5,916040000,7,18,-93,-104,9.50,0.000000,0.000000
07:03:37,838,-31.976707,115.816452,250000,5,916040000,7,18,-109,-130,-2.50,0.000000,0.000000
07:03:39,839,-31.976721,115.816460,250000,5,916040000,7,18,-94,-130,9.25,0.000000,0.000000
07:03:40,840,-31.976746,115.816475,250000,5,916040000,7,18,-96,-106,8.25,0.000000,0.000000
07:03:42,841,-31.976759,115.816483,250000,5,916040000,7,18,-109,-130,-0.75,0.000000,0.000000
07:03:43,842,-31.976801,115.816490,250000,5,916040000,7,18,-110,-130,-7.50,0.000000,0.000000
07:03:45,843,-31.976820,115.816490,250000,5,916040000,7,18,-99,-130,7.00,0.000000,0.000000
07:03:47,844,-31.976854,115.816490,250000,5,916040000,7,18,-99,-130,7.75,0.000000,0.000000
07:03:48,845,-31.976889,115.816490,250000,5,916040000,7,18,-103,-130,5.75,0.000000,0.000000
07:03:50,846,-31.976904,115.816490,250000,5,916040000,7,18,-99,-130,7.25,0.000000,0.000000
07:03:50,847,-31.976934,115.816490,250000,5,916040000,7,18,-101,-130,6.50,0.000000,0.000000
07:03:53,848,-31.976950,115.816490,250000,5,916040000,7,18,-106,-107,1.75,0.000000,0.000000
07:03:53,849,-31.976984,115.816498,250000,5,916040000,7,18,-105,-131,4.50,0.000000,0.000000
07:03:56,850,-31.976984,115.816498,250000,5,916040000,7,18,-98,-108,8.25,0.000000,0.000000
07:03:57,851,-31.977028,115.816498,250000,5,916040000,7,18,-100,-110,7.50,0.000000,0.000000
07:03:59,852,-31.977028,115.816498,250000,5,916040000,7,18,-101,-108,2.75,0.000000,0.000000
07:04:00,853,-31.977068,115.816498,250000,5,916040000,7,18,-96,-130,7.50,0.000000,0.000000
07:04:02,854,-31.977077,115.816505,250000,5,916040000,7,18,-98,-111,7.75,0.000000,0.000000
07:04:03,855,-31.977102,115.816521,250000,5,916040000,7,18,-96,-110,8.50,0.000000,0.000000
07:04:05,856,-31.977110,115.816528,250000,5,916040000,7,18,-100,-130,6.50,0.000000,0.000000
07:04:06,857,-31.977133,115.816528,250000,5,916040000,7,18,-95,-104,9.00,0.000000,0.000000
07:04:08,858,-31.977142,115.816536,250000,5,916040000,7,18,-89,-108,9.75,0.000000,0.000000
07:04:10,859,-31.977173,115.816536,250000,5,916040000,7,18,-100,-130,7.00,0.000000,0.000000
07:04:11,860,-31.977186,115.816536,250000,5,916040000,7,18,-95,-104,10.75,0.000000,0.000000
07:04:13,861,-31.977215,115.816536,250000,5,916040000,7,18,-90,-131,10.25,0.000000,0.000000
07:04:13,862,-31.977243,115.816536,250000,5,916040000,7,18,-85,-130,10.00,0.000000,0.000000
07:04:16,863,-31.977243,115.816536,250000,5,916040000,7,18,-92,-100,9.25,0.000000,0.000000
07:04:16,864,-31.977287,115.816544,250000,5,916040000,7,18,-93,-131,9.00,0.000000,0.000000
07:04:19,865,-31.977287,115.816544,250000,5,916040000,7,18,-102,-130,5.75,0.000000,0.000000
07:04:19,866,-31.977337,115.816536,250000,5,916040000,7,18,-86,-131,9.75,0.000000,0.000000
07:04:22,867,-31.977337,115.816536,250000,5,916040000,7,18,-89,-110,9.75,0.000000,0.000000
07:04:23,868,-31.977386,115.816528,250000,5,916040000,7,18,-86,-100,10.25,0.000000,0.000000
07:04:25,869,-31.977386,115.816528,250000,5,916040000,7,18,-99,-110,7.50,0.000000,0.000000
07:04:26,870,-31.977417,115.816521,250000,5,916040000,7,18,-85,-108,9.75,0.000000,0.000000
07:04:28,871,-31.977430,115.816521,250000,5,916040000,7,18,-87,-108,9.50,0.000000,0.000000
07:04:29,872,-31.977461,115.816521,250000,5,916040000,7,18,-81,-130,9.75,0.000000,0.000000
07:04:31,873,-31.977470,115.816521,250000,5,916040000,7,18,-85,-131,10.00,0.000000,0.000000
07:04:32,874,-31.977480,115.816521,250000,5,916040000,7,18,-82,-130,9.75,0.000000,0.000000
07:04:34,875,-31.977491,115.816521,250000,5,916040000,7,18,-89,-131,10.25,0.000000,0.000000
07:04:36,876,-31.977514,115.816521,250000,5,916040000,7,18,-81,-103,9.75,0.000000,0.000000
07:04:37,877,-31.977541,115.816528,250000,5,916040000,7,18,-79,-102,10.00,0.000000,0.000000
07:04:39,878,-31.977537,115.816536,250000,5,916040000,7,18,-78,-130,10.50,0.000000,0.000000
07:04:39,879,-31.977554,115.816528,250000,5,916040000,7,18,-77,-130,10.00,0.000000,0.000000
07:04:42,880,-31.977554,115.816528,250000,5,916040000,7,18,-83,-130,10.25,0.000000,0.000000
07:04:42,881,-31.977581,115.816528,250000,5,916040000,7,18,-67,-130,10.50,0.000000,0.000000
07:04:45,882,-31.977581,115.816528,250000,5,916040000,7,18,-74,-130,10.00,0.000000,0.000000
07:04:46,883,-31.977623,115.816483,250000,5,916040000,7,18,-66,-130,9.50,0.000000,0.000000
07:04:48,884,-31.977623,115.816483,250000,5,916040000,7,18,-83,-130,9.75,0.000000,0.000000
07:04:49,885,-31.977642,115.816475,250000,5,916040000,7,18,-70,-130,10.00,0.000000,0.000000
07:04:51,886,-31.977655,115.816460,250000,5,916040000,7,18,-67,-130,10.00,0.000000,0.000000
07:04:52,887,-31.977674,115.816437,250000,5,916040000,7,18,-69,-130,9.50,0.000000,0.000000
07:04:54,888,-31.977676,115.816422,250000,5,916040000,7,18,-74,-130,9.75,0.000000,0.000000
07:04:55,889,-31.977680,115.816399,250000,5,916040000,7,18,-69,-130,9.75,0.000000,0.000000
07:04:57,890,-31.977676,115.816391,250000,5,916040000,7,18,-72,-131,9.75,0.000000,0.000000
07:04:59,891,-31.977676,115.816353,250000,5,916040000,7,18,-70,-98,9.75,0.000000,0.000000
07:05:00,892,-31.977676,115.816338,250000,5,916040000,7,18,-71,-98,9.75,0.000000,0.000000
07:05:02,893,-31.977684,115.816307,250000,5,916040000,7,18,-62,-93,9.75,0.000000,0.000000
07:05:02,894,-31.977690,115.816284,250000,5,916040000,7,18,-66,-93,10.00,0.000000,0.000000
07:05:05,895,-31.977690,115.816284,250000,5,916040000,7,18,-66,-130,10.25,0.000000,0.000000
07:05:05,896,-31.977699,115.816246,250000,5,916040000,7,18,-78,-102,10.00,0.000000,0.000000
07:05:08,897,-31.977699,115.816246,250000,5,916040000,7,18,-78,-130,10.25,0.000000,0.000000
07:05:09,898,-31.977713,115.816200,250000,5,916040000,7,18,-69,-130,10.00,0.000000,0.000000
07:05:11,899,-31.977713,115.816200,250000,5,916040000,7,18,-72,-130,10.00,0.000000,0.000000
07:05:12,900,-31.977749,115.816139,250000,5,916040000,7,18,-71,-99,10.00,0.000000,0.000000
07:05:14,901,-31.977749,115.816139,250000,5,916040000,7,18,-71,-130,10.00,0.000000,0.000000
