06:47:03,1,-31.981260,115.819359,250000,5,916040000,7,18,-80,-130,9.75,0.000000,0.000000
06:47:04,2,-31.981243,115.819321,250000,5,916040000,7,18,-89,-130,9.50,0.000000,0.000000
06:47:06,3,-31.981245,115.819305,250000,5,916040000,7,18,-72,-100,9.50,0.000000,0.000000
06:47:08,4,-31.981256,115.819283,250000,5,916040000,7,18,-90,-111,10.25,0.000000,0.000000
06:47:09,5,-31.981255,115.819267,250000,5,916040000,7,18,-89,-107,10.00,0.000000,0.000000
06:47:11,6,-31.981237,115.819260,250000,5,916040000,7,18,-84,-107,10.00,0.000000,0.000000
06:47:12,7,-31.981230,115.819260,250000,5,916040000,7,18,-92,-130,9.75,0.000000,0.000000
06:47:14,8,-31.981218,115.819290,250000,5,916040000,7,18,-96,-131,9.00,0.000000,0.000000
06:47:15,9,-31.981218,115.819290,250000,5,916040000,7,18,-94,-114,9.00,0.000000,0.000000
06:47:17,10,-31.981218,115.819290,250000,5,916040000,7,18,-97,-130,8.75,0.000000,0.000000
06:47:18,11,-31.981218,115.819290,250000,5,916040000,7,18,-100,-130,8.25,0.000000,0.000000
06:47:20,12,-31.981218,115.819290,250000,5,916040000,7,18,-97,-130,8.75,0.000000,0.000000
06:47:21,13,-31.981218,115.819290,250000,5,916040000,7,18,-93,-130,9.50,0.000000,0.000000
06:47:23,14,-31.981218,115.819290,250000,5,916040000,7,18,-92,-131,9.50,0.000000,0.000000
06:47:24,15,-31.981218,115.819290,250000,5,916040000,7,18,-99,-130,8.75,0.000000,0.000000
06:47:26,16,-31.981218,115.819290,250000,5,916040000,7,18,-104,-109,7.50,0.000000,0.000000
06:47:27,17,-31.981218,115.819290,250000,5,916040000,7,18,-100,-116,8.50,0.000000,0.000000
06:47:29,18,-31.981218,115.819290,250000,5,916040000,7,18,-102,-131,7.75,0.000000,0.000000
06:47:30,19,-31.981218,115.819290,250000,5,916040000,7,18,-103,-130,7.75,0.000000,0.000000
06:47:32,20,-31.981218,115.819290,250000,5,916040000,7,18,-98,-130,8.50,0.000000,0.000000
06:47:34,21,-31.981218,115.819290,250000,5,916040000,7,18,-102,-130,8.00,0.000000,0.000000
06:47:35,22,-31.981218,115.819290,250000,5,916040000,7,18,-101,-116,8.75,0.000000,0.000000
06:47:37,23,-31.981218,115.819290,250000,5,916040000,7,18,-111,-130,2.75,0.000000,0.000000
06:47:37,24,-31.981218,115.819290,250000,5,916040000,7,18,-99,-129,8.50,0.000000,0.000000
06:47:40,25,-31.981218,115.819290,250000,5,916040000,7,18,-107,-112,5.75,0.000000,0.000000
06:47:40,26,-31.981218,115.819290,250000,5,916040000,7,18,-109,-124,4.75,0.000000,0.000000
06:47:43,27,-31.981218,115.819290,250000,5,916040000,7,18,-115,-130,-7.75,0.000000,0.000000
06:47:43,28,-31.981218,115.819290,250000,5,916040000,7,18,-110,-110,3.00,0.000000,0.000000
06:47:46,29,-31.981218,115.819290,250000,5,916040000,7,18,-112,-130,0.75,0.000000,0.000000
06:47:47,30,-31.981218,115.819290,250000,5,916040000,7,18,-109,-130,4.50,0.000000,0.000000
06:47:49,31,-31.981218,115.819290,250000,5,916040000,7,18,-110,-130,3.25,0.000000,0.000000
06:47:50,32,-31.981218,115.819290,250000,5,916040000,7,18,-108,-130,5.25,0.000000,0.000000
06:47:52,33,-31.981218,115.819290,250000,5,916040000,7,18,-109,-129,5.00,0.000000,0.000000
06:47:53,34,-31.981218,115.819290,250000,5,916040000,7,18,-107,-110,5.75,0.000000,0.000000
06:47:55,35,-31.981218,115.819290,250000,5,916040000,7,18,-106,-107,6.50,0.000000,0.000000
06:47:56,36,-31.981218,115.819290,250000,5,916040000,7,18,-107,-124,7.50,0.000000,0.000000
06:47:58,37,-31.981218,115.819290,250000,5,916040000,7,18,-109,-130,4.75,0.000000,0.000000
06:47:59,38,-31.981218,115.819290,250000,5,916040000,7,18,-107,-130,5.50,0.000000,0.000000
06:48:01,39,-31.981218,115.819290,250000,5,916040000,7,18,-106,-130,6.50,0.000000,0.000000
06:48:03,40,-31.981218,115.819290,250000,5,916040000,7,18,-106,-109,6.75,0.000000,0.000000
06:48:04,41,-31.981218,115.819290,250000,5,916040000,7,18,-108,-107,5.25,0.000000,0.000000
06:48:05,'â¸®â¸®â¸®S(â¸®8â¸®acâ¸®>(4â¸®0~8}97â¸®5,250000,5,916040000,7,18,-116,-115,-9.50,0.000000,0.000000
06:48:06,43,-31.981218,115.819290,250000,5,916040000,7,18,-110,-130,3.00,0.000000,0.000000
06:48:09,44,-31.981218,115.819290,250000,5,916040000,7,18,-107,-128,6.25,0.000000,0.000000
06:48:09,45,-31.981218,115.819290,250000,5,916040000,7,18,-115,-129,-4.25,0.000000,0.000000
06:48:12,46,-31.981218,115.819290,250000,5,916040000,7,18,-108,-110,5.75,0.000000,0.000000
06:48:12,47,-31.981218,115.819290,250000,5,916040000,7,18,-101,-116,8.25,0.000000,0.000000
06:48:15,48,-31.981218,115.19290,250000,5,916040000,7,18,-116,-128,-9.75,0.000000,0.000000
06:48:16,49,-31.981218,115.819290,250000,5,916040000,7,18,-108,-129,4.50,0.000000,0.000000
06:48:18,50,-31.981218,115.819290,250000,5,916040000,7,18,-93,-129,9.75,0.000000,0.000000
06:48:19,51,-31.981218,115.819290,250000,5,916040000,7,18,-100,-112,8.25,0.000000,0.000000
06:48:21,52,-31.981218,115.819290,250000,5,916040000,7,18,-93,-110,9.25,0.000000,0.000000
06:48:22,53,-31.981218,115.819290,250000,5,916040000,7,18,-93,-116,9.50,0.000000,0.000000
06:48:24,54,-31.981218,115.819290,250000,5,916040000,7,18,-96,-110,8.75,0.000000,0.000000
06:48:25,55,-31.981218,115.819290,250000,5,916040000,7,18,-100,-128,8.75,0.000000,0.000000
06:48:27,56,-31.981218,115.819290,250000,5,916040000,7,18,-99,-113,8.50,0.000000,0.000000
06:48:29,57,-31.981218,115.819290,250000,5,916040000,7,18,-101,-128,9.00,0.000000,0.000000
06:48:30,58,-31.981218,115.819290,250000,5,916040000,7,18,-103,-129,7.50,0.000000,0.000000
06:48:32,59,-31.981218,115.819290,250000,5,916040000,7,18,-93,-111,9.50,0.000000,0.000000
06:48:32,60,-31.981218,115.819290,250000,5,916040000,7,18,-94,-122,9.50,0.000000,0.000000
06:48:35,61,-31.981218,115.819290,250000,5,916040000,7,18,-104,-109,8.00,0.000000,0.000000
06:48:36,62,-31.981218,115.819290,250000,5,916040000,7,18,-105,-130,7.00,0.000000,0.000000
06:48:38,63,-31.981218,115.819290,250000,5,916040000,7,18,-94,-129,9.25,0.000000,0.000000
06:48:39,64,-31.981218,115.819290,250000,5,916040000,7,18,-98,-114,8.75,0.000000,0.000000
06:48:41,65,-31.981218,115.819290,250000,5,916040000,7,18,-88,-130,10.00,0.000000,0.000000
06:48:42,66,-31.981218,115.819290,250000,5,916040000,7,18,-96,-129,9.25,0.000000,0.000000
06:48:44,67,-31.981218,115.819290,250000,5,916040000,7,18,-86,-130,9.75,0.000000,0.000000
06:48:45,68,-31.981218,115.819290,250000,5,916040000,7,18,-92,-130,9.50,0.000000,0.000000
06:48:47,69,-31.981218,115.819290,250000,5,916040000,7,18,-86,-111,9.75,0.000000,0.000000
06:48:48,70,-31.981218,115.819290,250000,5,916040000,7,18,-87,-130,9.75,0.000000,0.000000
06:48:50,71,-31.981218,115.819290,250000,5,916040000,7,18,-97,-124,8.75,0.000000,0.000000
06:48:51,72,-31.981218,115.819290,250000,5,916040000,7,18,-79,-130,11.75,0.000000,0.000000
06:48:53,73,-31.981218,115.819290,250000,5,916040000,7,18,-94,-130,9.50,0.000000,0.000000
06:48:54,74,-31.981218,115.819290,250000,5,916040000,7,18,-86,-130,9.75,0.000000,0.000000
06:48:56,75,-31.980551,115.819412,250000,5,916040000,7,18,-81,-104,9.75,0.000000,0.000000
06:48:58,76,-31.980579,115.819412,250000,5,916040000,7,18,-78,-108,10.50,0.000000,0.000000
06:48:58,77,-31.980570,115.819420,250000,5,916040000,7,18,-86,-112,10.00,0.000000,0.000000
06:49:01,78,-31.980551,115.819481,250000,5,916040000,7,18,-83,-130,9.75,0.000000,0.000000
06:49:01,79,-31.980545,115.819504,250000,5,916040000,7,18,-81,-130,10.00,0.000000,0.000000
06:49:04,80,-31.980545,115.819550,250000,5,916040000,7,18,-82,-131,10.00,0.000000,0.000000
06:49:05,81,-31.980555,115.819572,250000,5,916040000,7,18,-84,-130,10.00,0.000000,0.000000
06:49:07,82,-31.980555,115.819572,250000,5,916040000,7,18,-83,-108,10.25,0.000000,0.000000
06:49:08,83,-31.980543,115.819588,250000,5,916040000,7,18,-85,-130,10.00,0.000000,0.000000
06:49:10,84,-31.980543,115.819588,250000,5,916040000,7,18,-109,-129,4.00,0.000000,0.000000
06:49:11,85,-31.980610,115.819496,250000,5,916040000,7,18,-95,-124,8.50,0.000000,0.000000
06:49:13,86,-31.980610,115.819496,250000,5,916040000,7,18,-87,-130,9.75,0.000000,0.000000
06:49:14,87,-31.980627,115.819450,250000,5,916040000,7,18,-98,-116,8.50,0.000000,0.000000
06:49:16,88,-31.980621,115.819443,250000,5,916040000,7,18,-94,-108,9.00,0.000000,0.000000
06:49:17,89,-31.980577,115.819481,250000,5,916040000,7,18,-91,-129,9.50,0.000000,0.000000
06:49:19,90,-31.980537,115.819519,250000,5,916040000,7,18,-95,-129,9.00,0.000000,0.000000
06:49:20,91,-31.980469,115.819611,250000,5,916040000,7,18,-95,-109,8.75,0.000000,0.000000
06:49:22,92,-31.980415,115.819695,250000,5,916040000,7,18,-95,-130,8.75,0.000000,0.000000
06:49:23,93,-31.980341,115.819771,250000,5,916040000,7,18,-93,-130,9.25,0.000000,0.000000
06:49:25,94,-31.980341,115.819771,250000,5,916040000,7,18,-88,-114,9.75,0.000000,0.000000
06:49:27,95,-31.980341,115.819771,250000,5,916040000,7,18,-90,-109,11.25,0.000000,0.000000
06:49:27,96,-31.980213,115.819862,250000,5,916040000,7,18,-95,-130,9.25,0.000000,0.000000
06:49:29,97,-31.980192,115.819939,250000,5,916040000,7,18,-102,-111,7.75,0.000000,0.000000
06:49:30,98,-31.980080,115.820023,250000,5,916040000,7,18,-93,-130,9.00,0.000000,0.000000
06:49:33,99,-31.980064,115.820038,250000,5,916040000,7,18,-94,-130,9.50,0.000000,0.000000
06:49:34,100,-31.980103,115.820007,250000,5,916040000,7,18,-90,-108,10.00,0.000000,0.000000
06:49:36,101,-31.980103,115.820007,250000,5,916040000,7,18,-92,-130,9.50,0.000000,0.000000
06:49:36,102,-31.980124,115.819977,250000,5,916040000,7,18,-88,-112,10.00,0.000000,0.000000
06:49:39,103,-31.980124,115.819977,250000,5,916040000,7,18,-99,-108,8.50,0.000000,0.000000
06:49:40,104,-31.980139,115.819962,250000,5,916040000,7,18,-89,-130,10.00,0.000000,0.000000
06:49:42,105,-31.980135,115.819954,250000,5,916040000,7,18,-97,-130,8.25,0.000000,0.000000
06:49:43,106,-31.980118,115.819954,250000,5,916040000,7,18,-94,-130,9.75,0.000000,0.000000
06:49:45,107,-31.980108,115.819954,250000,5,916040000,7,18,-95,-130,9.00,0.000000,0.000000
06:49:46,108,-31.980103,115.819954,250000,5,916040000,7,18,-92,-112,9.50,0.000000,0.000000
06:49:48,109,-31.980093,115.819954,250000,5,916040000,7,18,-99,-116,8.75,0.000000,0.000000
06:49:50,110,-31.980087,115.819954,250000,5,916040000,7,18,-93,-114,9.75,0.000000,0.000000
06:49:51,111,-31.980085,115.819954,250000,5,916040000,7,18,-98,-130,8.75,0.000000,0.000000
06:49:53,112,-31.980047,115.819984,250000,5,916040000,7,18,-95,-130,9.25,0.000000,0.000000
06:49:54,113,-31.980026,115.819992,250000,5,916040000,7,18,-103,-130,7.50,0.000000,0.000000
06:49:56,114,-31.979990,115.820000,250000,5,916040000,7,18,-109,-110,4.00,0.000000,0.000000
06:49:57,115,-31.979952,115.820000,250000,5,916040000,7,18,-91,-130,9.50,0.000000,0.000000
06:49:59,116,-31.979952,115.820000,250000,5,916040000,7,18,-95,-114,9.25,0.000000,0.000000
06:50:00,117,-31.979906,115.819992,250000,5,916040000,7,18,-92,-132,10.00,0.000000,0.000000
06:50:02,118,-31.979906,115.819992,250000,5,916040000,7,18,-94,-130,9.25,0.000000,0.000000
06:50:03,119,-31.979879,115.820000,250000,5,916040000,7,18,-93,-130,9.75,0.000000,0.000000
06:50:05,120,-31.979868,115.820000,250000,5,916040000,7,18,-99,-116,8.50,0.000000,0.000000
06:50:06,121,-31.979843,115.820007,250000,5,916040000,7,18,-93,-130,9.75,0.000000,0.000000
06:50:08,122,-31.979826,115.820015,250000,5,916040000,7,18,-105,-130,7.25,0.000000,0.000000
06:50:09,123,-31.979780,115.820000,250000,5,916040000,7,18,-95,-130,9.00,0.000000,0.000000
06:50:11,124,-31.979771,115.820038,250000,5,916040000,7,18,-104,-129,7.50,0.000000,0.000000
06:50:13,125,-31.979742,115.820099,250000,5,916040000,7,18,-104,-130,7.75,0.000000,0.000000
06:50:14,126,-31.979723,115.820084,250000,5,916040000,7,18,-98,-130,9.00,0.000000,0.000000
06:50:16,127,-31.979698,115.820038,250000,5,916040000,7,18,-99,-130,9.00,0.000000,0.000000
06:50:16,128,-31.979694,115.820030,250000,5,916040000,7,18,-103,-130,7.75,0.000000,0.000000
06:50:19,129,-31.979691,115.820053,250000,5,916040000,7,18,-103,-130,7.50,0.000000,0.000000
06:50:19,130,-31.979670,115.820053,250000,5,916040000,7,18,-104,-130,7.50,0.000000,0.000000
06:50:22,131,-31.979650,115.820038,250000,5,916040000,7,18,-110,-130,3.50,0.000000,0.000000
06:50:23,132,-31.979650,115.820038,250000,5,916040000,7,18,-100,-108,8.75,0.000000,0.000000
06:50:25,133,-31.979650,115.820038,250000,5,916040000,7,18,-107,-116,5.50,0.000000,0.000000
06:50:26,134,-31.979650,115.820038,250000,5,916040000,7,18,-112,-116,1.00,0.000000,0.000000
06:50:28,135,-31.979650,115.820038,250000,5,916040000,7,18,-111,-116,2.00,0.000000,0.000000
06:50:29,136,-31.979650,115.820038,250000,5,916040000,7,18,-109,-130,5.25,0.000000,0.000000
06:50:31,137,-31.979650,115.820038,250000,5,916040000,7,18,-111,-130,3.00,0.000000,0.000000
06:50:32,138,-31.979650,115.820038,250000,5,916040000,7,18,-103,-130,7.25,0.000000,0.000000
06:50:34,139,-31.979650,115.820038,250000,5,916040000,7,18,-103,-130,7.75,0.000000,0.000000
06:50:35,140,-31.979650,115.82003â¸®,250000,5,916040000,7,18,-115,-115,-7.75,0.000000,0.000000
06:50:37,141,-31.979650,115.820038,250000,5,916040000,7,18,-113,-130,0.25,0.000000,0.000000
06:50:39,142,-31.979650,115.820038,250000,5,916040000,7,18,-105,-130,7.00,0.000000,0.000000
06:50:40,143,-31.979650,115.820038,250000,5,916040000,7,18,-106,-130,6.50,0.000000,0.000000
06:50:41,144,-31.979650,115.820038,250000,5,916040000,7,18,-97,-112,8.50,0.000000,0.000000
06:50:42,145,-31.979650,115.820038,250000,5,916040000,7,18,-105,-130,7.00,0.000000,0.000000
06:50:45,146,-31.979650,115.820038,250000,5,916040000,7,18,-101,-130,8.25,0.000000,0.000000
06:50:46,147,-31.979650,115.820038,250000,5,916040000,7,18,-99,-130,8.50,0.000000,0.000000
06:50:48,148,-31.979650,115.820038,250000,5,916040000,7,18,-96,-130,8.50,0.000000,0.000000
06:50:48,149,-31.979650,115.820038,250000,5,916040000,7,18,-104,-130,7.25,0.000000,0.000000
06:50:51,150,-31.979650,115.820038,250000,5,916040000,7,18,-96,-130,8.50,0.000000,0.000000
06:50:52,151,-31.979650,115.820038,250000,5,916040000,7,18,-97,-123,8.25,0.000000,0.000000
06:50:54,152,-31.979650,115.820038,250000,5,916040000,7,18,-97,-130,9.00,0.000000,0.000000
06:50:54,153,-31.979650,115.820038,250000,5,916040000,7,18,-99,-131,8.50,0.000000,0.000000
06:50:57,154,-31.979650,115.820038,250000,5,916040000,7,18,-94,-130,9.25,0.000000,0.000000
06:50:58,155,-31.979650,115.820038,250000,5,916040000,7,18,-92,-111,9.75,0.000000,0.000000
06:51:00,156,-31.979650,115.820038,250000,5,916040000,7,18,-91,-106,9.00,0.000000,0.000000
06:51:01,157,-31.979650,115.820038,250000,5,916040000,7,18,-100,-130,8.25,0.000000,0.000000
06:51:03,158,-31.979650,115.820038,250000,5,916040000,7,18,-92,-130,9.75,0.000000,0.000000
06:51:05,159,-31.979904,115.819832,250000,5,916040000,7,18,-97,-130,8.50,0.000000,0.000000
06:51:06,160,-31.979904,115.819832,250000,5,916040000,7,18,-92,-130,9.50,0.000000,0.000000
06:51:08,161,-31.979904,115.819832,250000,5,916040000,7,18,-102,-110,8.50,0.000000,0.000000
06:51:08,162,-31.979904,115.819832,250000,5,916040000,7,18,-104,-128,7.50,0.000000,0.000000
06:51:11,163,-31.979904,115.819832,250000,5,916040000,7,18,-94,-128,9.00,0.000000,0.000000
06:51:12,164,-31.979904,115.819832,250000,5,916040000,7,18,-101,-130,7.75,0.000000,0.000000
06:51:14,165,-31.979904,115.819832,250000,5,916040000,7,18,-87,-128,10.00,0.000000,0.000000
06:51:15,166,-31.979904,115.819832,250000,5,916040000,7,18,-87,-128,10.00,0.000000,0.000000
06:51:17,167,-31.979904,115.819832,250000,5,916040000,7,18,-90,-129,10.50,0.000000,0.000000
06:51:18,168,-31.979904,115.819832,250000,5,916040000,7,18,-91,-111,9.25,0.000000,0.000000
06:51:20,169,-31.979904,115.819832,250000,5,916040000,7,18,-89,-129,10.00,0.000000,0.000000
06:51:21,170,-31.979904,115.819832,250000,5,916040000,7,18,-91,-130,10.00,0.000000,0.000000
06:51:23,171,-31.979904,115.819832,250000,5,916040000,7,18,-97,-112,8.50,0.000000,0.000000
06:51:24,172,-31.979904,115.819832,250000,5,916040000,7,18,-102,-129,7.50,0.000000,0.000000
06:51:26,173,-31.979904,115.819832,250000,5,916040000,7,18,-115,-116,-3.75,0.000000,0.000000
06:51:28,174,-31.979904,115.819832,250000,5,916040000,7,18,-103,-128,7.75,0.000000,0.000000
06:51:29,175,-31.979904,115.819832,250000,5,916040000,7,18,-106,-129,7.25,0.000000,0.000000
06:51:31,176,-31.979904,115.819832,250000,5,916040000,7,18,-111,-129,1.75,0.000000,0.000000
06:51:31,177,-31.979904,115.819832,250000,5,916040000,7,18,-106,-128,6.75,0.000000,0.000000
06:51:34,178,-31.979904,115.819832,250000,5,916040000,7,18,-112,-115,0.75,0.000000,0.000000
06:51:35,179,-31.979904,115.819832,250000,5,916040000,7,18,-110,-128,3.50,0.000000,0.000000
06:51:37,180,-31.979904,115.819832,250000,5,916040000,7,18,-110,-130,4.00,0.000000,0.000000
06:51:38,181,-31.979904,115.819832,250000,5,916040000,7,18,-110,-129,3.50,0.000000,0.000000
06:51:40,182,-31.979904,115.819832,250000,5,916040000,7,18,-109,-128,4.00,0.000000,0.000000
06:51:41,183,-31.979904,115.819832,250000,5,916040000,7,18,-108,-109,5.25,0.000000,0.000000
06:51:43,184,-31.979904,115.819832,250000,5,916040000,7,18,-111,-130,3.00,0.000000,0.000000
06:51:44,185,-31.979904,115.819832,250000,5,916040000,7,18,-111,-112,2.00,0.000000,0.000000
06:51:46,186,-31.979904,115.819832,250000,5,916040000,7,18,-110,-129,3.75,0.000000,0.000000
06:51:47,187,-31.979904,115qâ¸®]9832,250000,5,916040000,7,18,-116,-130,-9.25,0.000000,0.000000
06:51:49,188,-31.979904,115.819832,250000,5,916040000,7,18,-111,-130,1.75,0.000000,0.000000
06:51:50,189,-31.979904,115.819832,250000,5,916040000,7,18,-112,-131,1.75,0.000000,0.000000
06:51:52,190,-31.979904,115.819832,250000,5,916040000,7,18,-112,-130,1.75,0.000000,0.000000
06:51:53,191,-31.979904,115.819832,250000,5,916040000,7,18,-112,-116,1.50,0.000000,0.000000
06:51:55,192,-31.979904,115.819832,250000,5,916040000,7,18,-110,-130,3.25,0.000000,0.000000
06:51:57,193,-31.979904,115.819832,250000,5,916040000,7,18,-103,-130,7.50,0.000000,0.000000
06:51:57,194,-31.979904,115.819832,250000,5,916040000,7,18,-102,-130,7.50,0.000000,0.000000
06:52:00,195,-31.979933,115.819000,250000,5,916040000,7,18,-103,-111,7.50,0.000000,0.000000
06:52:00,196,-31.979935,115.818954,250000,5,916040000,7,18,-106,-114,6.50,0.000000,0.000000
06:52:03,197,-31.979935,115.818954,250000,5,916040000,7,18,-109,-117,4.50,0.000000,0.000000
06:52:04,198,-31.979898,115.818901,250000,5,916040000,7,18,-115,-130,-2.75,0.000000,0.000000
06:52:06,199,-31.979900,115.818840,250000,5,916040000,7,18,-104,-130,7.00,0.000000,0.000000
06:52:06,200,-31.979904,115.8171â¸®,250000,5,916040000,7,18,-115,-130,-9.75,0.000000,0.000000
06:52:09,201,-31.979904,115.818733,250000,5,916040000,7,18,-111,-130,3.50,0.000000,0.000000
06:52:10,202,-31.979904,115.818733,250000,5,916040000,7,18,-114,-116,-2.00,0.000000,0.000000
06:52:12,203,-31.979904,115.818733,250000,5,916040000,7,18,-114,-130,-3.75,0.000000,0.000000
06:52:13,204,-31.979904,115.818733,250000,5,916040000,7,18,-113,-117,1.50,0.000000,0.000000
06:52:15,205,-31.979904,115.818733,250000,5,916040000,7,18,-106,-112,6.75,0.000000,0.000000
06:52:17,206,-31.979904,115.818733,250000,5,916040000,7,18,-108,-124,5.00,0.000000,0.000000
06:52:18,207,-31.979904,115.818733,250000,5,916040000,7,18,-109,-116,4.75,0.000000,0.000000
06:52:20,208,-31.979904,115.818733,250000,5,916040000,7,18,-106,-114,7.00,0.000000,0.000000
06:52:20,209,-31.979904,115.818733,250000,5,916040000,7,18,-112,-124,-0.25,0.000000,0.000000
06:52:23,210,-31.979904,115.818733,250000,5,916040000,7,18,-104,-130,7.50,0.000000,0.000000
06:52:24,211,-31.979904,115.818733,250000,5,916040000,7,18,-102,-131,8.25,0.000000,0.000000
06:52:26,212,-31.979904,115.818733,250000,5,916040000,7,18,-112,-130,0.50,0.000000,0.000000
06:52:27,213,-31.979904,115.818733,250000,5,916040000,7,18,-98,-114,9.00,0.000000,0.000000
06:52:29,214,-31.979904,115.818733,250000,5,916040000,7,18,-88,-130,10.00,0.000000,0.000000
06:52:30,215,-31.979904,115.818733,250000,5,916040000,7,18,-101,-114,8.50,0.000000,0.000000
06:52:32,216,-31.979904,115.818733,250000,5,916040000,7,18,-93,-130,9.50,0.000000,0.000000
06:52:33,217,-31.979904,115.818733,250000,5,916040000,7,18,-109,-130,5.00,0.000000,0.000000
06:52:35,218,-31.979904,115.818733,250000,5,916040000,7,18,-98,-130,9.75,0.000000,0.000000
06:52:36,219,-31.979904,115.818733,250000,5,916040000,7,18,-94,-130,9.50,0.000000,0.000000
06:52:38,220,-31.979904,115.818733,250000,5,916040000,7,18,-95,-130,9.00,0.000000,0.000000
06:52:39,221,-31.979904,115.818733,250000,5,916040000,7,18,-98,-108,8.50,0.000000,0.000000
06:52:41,222,-31.979904,115.818733,250000,5,916040000,7,18,-104,-116,7.50,0.000000,0.000000
06:52:43,223,-31.979904,115.818733,250000,5,916040000,7,18,-102,-130,7.50,0.000000,0.000000
06:52:44,224,-31.979904,115.818733,250000,5,916040000,7,18,-98,-130,10.00,0.000000,0.000000
06:52:46,225,-31.979904,115.818733,250000,5,916040000,7,18,-101,-112,8.50,0.000000,0.000000
06:52:47,226,-31.979904,115.818733,250000,5,916040000,7,18,-98,-130,8.75,0.000000,0.000000
06:52:49,227,-31.979904,115.818733,250000,5,916040000,7,18,-104,-130,7.50,0.000000,0.000000
06:52:50,228,-31.979904,115.818733,250000,5,916040000,7,18,-109,-130,4.00,0.000000,0.000000
06:52:52,229,-31.979904,115.818733,250000,5,916040000,7,18,-107,-130,6.75,0.000000,0.000000
06:52:53,230,-31.979904,115.818733,250000,5,916040000,7,18,-101,-129,8.00,0.000000,0.000000
06:52:55,231,-31.979904,115.818733,250000,5,916040000,7,18,-108,-131,4.75,0.000000,0.000000
06:52:56,232,-31.979904,115.818733,250000,5,916040000,7,18,-103,-129,7.50,0.000000,0.000000
06:52:58,233,-31.979904,115.818733,250000,5,916040000,7,18,-103,-129,7.50,0.000000,0.000000
06:52:59,234,-31.979904,115.818733,250000,5,916040000,7,18,-101,-110,8.50,0.000000,0.000000
06:53:01,235,-31.979904,115.818733,250000,5,916040000,7,18,-104,-130,8.00,0.000000,0.000000
06:53:02,236,-31.979378,115.819260,250000,5,916040000,7,18,-100,-130,8.75,0.000000,0.000000
06:53:04,237,-31.979347,115.819382,250000,5,916040000,7,18,-98,-111,8.75,0.000000,0.000000
06:53:05,238,-31.979303,115.819443,250000,5,916040000,7,18,-99,-112,8.75,0.000000,0.000000
06:53:07,239,-31.979303,115.819450,250000,5,916040000,7,18,-112,-131,0.50,0.000000,0.000000
06:53:09,240,-31.979309,115.819481,250000,5,916040000,7,18,-99,-130,8.50,0.000000,0.000000
06:53:09,241,-31.979324,115.819504,250000,5,916040000,7,18,-104,-124,7.25,0.000000,0.000000
06:53:11,242,-31.979332,115.819534,250000,5,916040000,7,18,-106,-109,6.75,0.000000,0.000000
06:53:12,243,-31.979332,115.819550,250000,5,916040000,7,18,-103,-131,7.25,0.000000,0.000000
06:53:15,244,-31.979332,115.819550,250000,5,916040000,7,18,-98,-116,9.25,0.000000,0.000000
06:53:16,245,-31.979332,115.819550,250000,5,916040000,7,18,-98,-130,9.25,0.000000,0.000000
06:53:18,246,-31.979342,115.819603,250000,5,916040000,7,18,-99,-130,8.75,0.000000,0.000000
06:53:18,247,-31.979347,115.819633,250000,5,916040000,7,18,-103,-111,7.25,0.000000,0.000000
06:53:21,248,-31.979347,115.819633,250000,5,916040000,7,18,-99,-130,8.75,0.000000,0.000000
06:53:22,249,-31.979342,115.819679,250000,5,916040000,7,18,-99,-116,8.50,0.000000,0.000000
06:53:24,250,-31.979343,115.819695,250000,5,916040000,7,18,-103,-114,7.50,0.000000,0.000000
06:53:25,251,-31.979343,115.819733,250000,5,916040000,7,18,-107,-129,6.50,0.000000,0.000000
06:53:27,252,-31.979380,115.819817,250000,5,916040000,7,18,-109,-130,4.00,0.000000,0.000000
06:53:28,253,-31.979361,115.819817,250000,5,916040000,7,18,-108,-130,5.00,0.000000,0.000000
06:53:30,254,-31.979326,115.819763,250000,5,916040000,7,18,-108,-129,4.25,0.000000,0.000000
06:53:32,255,-31.979435,115.820007,250000,5,916040000,7,18,-113,-114,-0.75,0.000000,0.000000
06:53:33,256,-31.979343,115.819992,250000,5,916040000,7,18,-114,-111,-4.25,0.000000,0.000000
06:53:35,257,-31.979128,115.820061,250000,5,916040000,7,18,-109,-110,4.25,0.000000,0.000000
06:53:36,258,-31.978983,115.820114,250000,5,916040000,7,18,-106,-130,7.00,0.000000,0.000000
06:53:38,259,-31.979019,115.820175,250000,5,916040000,7,18,-105,-130,7.00,0.000000,0.000000
06:53:39,260,-31.979176,115.820122,250000,5,916040000,7,18,-101,-113,8.25,0.000000,0.000000
06:53:41,261,-31.979170,115.820068,250000,5,916040000,7,18,-108,-116,5.25,0.000000,0.000000
06:53:42,262,-31.979149,115.820023,250000,5,916040000,7,18,-108,-110,5.25,0.000000,0.000000
06:53:44,263,-31.979132,115.819984,250000,5,916040000,7,18,-107,-130,6.00,0.000000,0.000000
06:53:45,264,-31.979122,115.819862,250000,5,916040000,7,18,-101,-110,8.50,0.000000,0.000000
06:53:47,265,-31.979122,115.819862,250000,5,916040000,7,18,-102,-131,7.50,0.000000,0.000000
06:53:48,266,-31.979101,115.819855,250000,5,916040000,7,18,-107,-129,6.00,0.000000,0.000000
06:53:50,267,-31.979086,115.819855,250000,5,916040000,7,18,-104,-116,7.25,0.000000,0.000000
06:53:51,268,-31.979074,115.819847,250000,5,916040000,7,18,-100,-130,8.00,0.000000,0.000000
06:53:53,269,-31.979065,115.819839,250000,5,916040000,7,18,-105,-114,7.00,0.000000,0.000000
06:53:54,270,-31.979048,115.819847,250000,5,916040000,7,18,-113,-116,-0.25,0.000000,0.000000
06:53:58,272,-31.979046,115.819832,250000,5,916040000,7,18,-104,-132,7.75,0.000000,0.000000
06:53:58,273,-31.979048,115.819817,250000,5,916040000,7,18,-104,-113,6.75,0.000000,0.000000
06:54:01,274,-31.979019,115.819839,250000,5,916040000,7,18,-105,-111,7.00,0.000000,0.000000
06:54:01,275,-31.978989,115.819847,250000,5,916040000,7,18,-109,-123,4.50,0.000000,0.000000
06:54:04,276,-31.978964,115.819870,250000,5,916040000,7,18,-108,-130,5.00,0.000000,0.000000
06:54:04,277,-31.978926,115.819923,250000,5,916040000,7,18,-108,-130,5.25,0.000000,0.000000
06:54:07,278,-31.978899,115.819931,250000,5,916040000,7,18,-107,-109,5.50,0.000000,0.000000
06:54:08,279,-31.978859,115.819962,250000,5,916040000,7,18,-103,-123,7.50,0.000000,0.000000
06:54:10,280,-31.978859,115.819962,250000,5,916040000,7,18,-110,-113,3.50,0.000000,0.000000
06:54:11,281,-31.978815,115.820038,250000,5,916040000,7,18,-108,-131,5.25,0.000000,0.000000
06:54:13,282,-31.978802,115.820038,250000,5,916040000,7,18,-108,-130,5.25,0.000000,0.000000
06:54:14,283,-31.978783,115.820053,250000,5,916040000,7,18,-99,-130,8.50,0.000000,0.000000
06:54:16,284,-31.978762,115.820068,250000,5,916040000,7,18,-109,-130,4.00,0.000000,0.000000
06:54:17,285,-31.978739,115.820084,250000,5,916040000,7,18,-107,-130,6.00,0.000000,0.000000
06:54:19,286,-31.978720,115.820091,250000,5,916040000,7,18,-104,-130,8.00,0.000000,0.000000
06:54:21,287,-31.978697,115.820114,250000,5,916040000,7,18,-105,-130,7.00,0.000000,0.000000
06:54:22,288,-31.978682,115.820114,250000,5,916040000,7,18,-109,-130,4.50,0.000000,0.000000
06:54:23,289,-31.978664,115.820114,250000,5,916040000,7,18,-103,-116,7.75,0.000000,0.000000
06:54:24,290,-31.978651,115.820099,250000,5,916040000,7,18,-105,-129,6.75,0.000000,0.000000
06:54:27,291,-31.978626,115.820076,250000,5,916040000,7,18,-108,-130,5.25,0.000000,0.000000
06:54:28,292,-31.978601,115.820091,250000,5,916040000,7,18,-103,-130,8.00,0.000000,0.000000
06:54:30,293,-31.978586,115.820099,250000,5,916040000,7,18,-111,-130,2.75,0.000000,0.000000
06:54:30,294,-31.978542,115.820145,250000,5,916040000,7,18,-104,-116,8.00,0.000000,0.000000
06:54:33,295,-31.978542,115.820145,250000,5,916040000,7,18,-114,-116,-1.00,0.000000,0.000000
06:54:36,297,-31.978472,115.820114,250000,5,916040000,7,18,-105,-130,7.00,0.000000,0.000000
06:54:36,298,-31.978411,115.820107,250000,5,916040000,7,18,-109,-130,4.25,0.000000,0.000000
06:54:39,299,-31.978395,115.820107,250000,5,916040000,7,18,-105,-130,7.00,0.000000,0.000000
06:54:40,300,-31.978367,115.820091,250000,5,916040000,7,18,-107,-116,6.50,0.000000,0.000000
06:54:42,301,-31.978325,115.820152,250000,5,916040000,7,18,-109,-112,3.75,0.000000,0.000000
06:54:43,302,-31.978279,115.820183,250000,5,916040000,7,18,-103,-130,7.50,0.000000,0.000000
06:54:45,303,-31.978262,115.820183,250000,5,916040000,7,18,-110,-130,3.50,0.000000,0.000000
06:54:47,304,-31.978220,115.820160,250000,5,916040000,7,18,-113,-129,-0.50,0.000000,0.000000
06:54:48,305,-31.978205,115.820160,250000,5,916040000,7,18,-103,-130,8.00,0.000000,0.000000
06:54:50,306,-31.978159,115.820168,250000,5,916040000,7,18,-109,-130,4.00,0.000000,0.000000
06:54:50,307,-31.978148,115.820152,250000,5,916040000,7,18,-115,-115,-3.25,0.000000,0.000000
06:54:53,308,-31.978132,115.820122,250000,5,916040000,7,18,-113,-124,0.00,0.000000,0.000000
06:54:54,309,-31.978153,115.820015,250000,5,916040000,7,18,-107,-130,5.75,0.000000,0.000000
06:54:56,310,-31.978168,115.819969,250000,5,916040000,7,18,-110,-130,4.00,0.000000,0.000000
06:54:57,311,-31.978170,115.819923,250000,5,916040000,7,18,-113,-130,-0.50,0.000000,0.000000
06:54:59,312,-31.978170,115.819901,250000,5,916040000,7,18,-112,-115,1.25,0.000000,0.000000
06:55:00,313,-31.978174,115.819824,250000,5,916040000,7,18,-114,-114,-4.25,0.000000,0.000000
06:55:02,314,-31.978174,115.819824,250000,5,916040000,7,18,-109,-130,5.00,0.000000,0.000000
06:55:03,315,-31.978182,115.819778,250000,5,916040000,7,18,-112,-113,1.00,0.000000,0.000000
06:55:05,316,-31.978178,115.819763,250000,5,916040000,7,18,-115,-130,-5.00,0.000000,0.000000
06:55:06,317,-31.978170,115.819740,250000,5,916040000,7,18,-112,-130,1.50,0.000000,0.000000
06:55:08,318,-31.978182,115.819725,250000,5,916040000,7,18,-111,-130,3.25,0.000000,0.000000
06:55:10,319,-31.978191,115.â¸®19702,250000,5,916040000,7,18,-115,-117,-9.25,0.000000,0.000000
06:55:11,320,-31.978188,115.819695,250000,5,916040000,7,18,-113,-116,-2.00,0.000000,0.000000
06:55:13,321,-31.978172,115.819687,250000,5,916040000,7,18,-114,-111,-2.00,0.000000,0.000000
06:55:13,322,-31.978174,115.819664,250000,5,916040000,7,18,-111,-130,2.25,0.000000,0.000000
06:55:16,323,-31.978176,115.819641,250000,5,916040000,7,18,-115,-130,-5.00,0.000000,0.000000
06:55:16,324,-31.978144,115.819641,250000,5,916040000,7,18,-114,-130,-3.25,0.000000,0.000000
06:55:19,325,-31.978130,115.819633,250000,5,916040000,7,18,-112,-130,0.25,0.000000,0.000000
06:55:20,326,-31.978125,115.819649,250000,5,916040000,7,18,-112,-114,0.25,0.000000,0.000000
06:55:22,327,-31.978113,115.819702,250000,5,916040000,7,18,-112,-116,1.00,0.000000,0.000000
06:55:25,329,-31.978104,115.819756,250000,5,916040000,7,18,-108,-111,5.25,0.000000,0.000000
06:55:26,330,-31.978077,115.819725,250000,5,916040000,7,18,-109,-131,5.00,0.000000,0.000000
06:55:28,331,-31.978071,115.819702,250000,5,916040000,7,18,-109,-129,4.50,0.000000,0.000000
06:55:29,332,-31.978022,115.819664,250000,5,916040000,7,18,-112,-130,1.75,0.000000,0.000000
06:55:31,333,-31.978004,115.819649,250000,5,916040000,7,18,-112,-130,1.50,0.000000,0.000000
06:55:32,1f7â¸®e?â¸®â¸®1â¸®6â¸®â¸®&â¸®lâ¸®2â¸®â¸®â¸®â¸®1,250000,5,916040000,7,18,-116,-123,-9.75,0.000000,0.000000
06:55:34,335,-31.977985,115.819580,250000,5,916040000,7,18,-115,-130,-4.75,0.000000,0.000000
06:55:35,336,-31.977985,115.819527,250000,5,916040000,7,18,-110,-129,3.00,0.000000,0.000000
06:55:37,337,-31.977982,115.819504,250000,5,916040000,7,18,-111,-116,2.25,0.000000,0.000000
06:55:39,338,-31.977964,115.819458,250000,5,916040000,7,18,-108,-110,5.25,0.000000,0.000000
06:55:39,339,-31.977957,115.819435,250000,5,916040000,7,18,-111,-116,3.25,0.000000,0.000000
06:55:42,340,-31.977942,115.819405,250000,5,916040000,7,18,-113,-130,-1.75,0.000000,0.000000
06:55:42,341,-31.977940,115.819374,250000,5,916040000,7,18,-109,-130,5.25,0.000000,0.000000
06:55:45,342,-31.977940,115.819374,250000,5,916040000,7,18,-111,-130,2.75,0.000000,0.000000
06:55:46,343,-31.977901,115.819344,250000,5,916040000,7,18,-109,-110,4.50,0.000000,0.000000
06:55:48,344,-31.977901,115.819344,250000,5,916040000,7,18,-105,-130,7.25,0.000000,0.000000
06:55:48,345,-31.977900,115.819290,250000,5,916040000,7,18,-110,-130,3.50,0.000000,0.000000
06:55:51,346,-31.977900,115.819290,250000,5,916040000,7,18,-108,-108,5.50,0.000000,0.000000
06:55:52,347,-31.977905,115.819237,250000,5,916040000,7,18,-111,-130,1.75,0.000000,0.000000
06:55:54,348,-31.977903,115.819214,250000,5,916040000,7,18,-108,-131,5.00,0.000000,0.000000
06:55:55,349,-31.977886,115.819191,250000,5,916040000,7,18,-113,-109,-0.25,0.000000,0.000000
06:55:57,350,-31.977879,115.819176,250000,5,916040000,7,18,-107,-130,5.00,0.000000,0.000000
06:55:59,351,-31.977896,115.819077,250000,5,916040000,7,18,-105,-112,6.75,0.000000,0.000000
06:56:00,3â¸®2,-S5.?779â¸®7â¸®â¸®55-â¸®180=4,250000,5,916040000,7,18,-116,-116,-6.50,0.000000,0.000000
06:56:02,353,-31.977909,115.819023,250000,5,916040000,7,18,-114,-130,-2.25,0.000000,0.000000
06:56:02,â¸®9â¸® -â¸®.5;;907,115.819008,250000,5,916040000,7,18,-115,-130,-5.25,0.000000,0.000000
06:56:05,355,-31.977898,115.818970,250000,5,916040000,7,18,-108,-130,5.50,0.000000,0.000000
06:56:06,356,-31.977907,115.818977,250000,5,916040000,7,18,-103,-130,7.50,0.000000,0.000000
06:56:08,357,-31.977909,115.818970,250000,5,916040000,7,18,-107,-130,5.50,0.000000,0.000000
06:56:09,358,-31.977909,115.818939,250000,5,916040000,7,18,-109,-130,4.50,0.000000,0.000000
06:56:11,359,-31.977909,115.818939,250000,5,916040000,7,18,-110,-130,4.00,0.000000,0.000000
06:56:12,360,-31.977930,115.818878,250000,5,916040000,7,18,-116,-124,-6.00,0.000000,0.000000
06:56:14,361,-31.977930,115.818878,250000,5,916040000,7,18,-112,-130,0.50,0.000000,0.000000
06:56:15,362,-31.977930,115.818871,250000,5,916040000,7,18,-110,-130,3.75,0.000000,0.000000
06:56:17,363,-31.977921,115.818855,250000,5,916040000,7,18,-108,-110,4.75,0.000000,0.000000
06:56:18,364,-31.977913,115.818832,250000,5,916040000,7,18,-113,-130,-0.75,0.000000,0.000000
06:56:20,365,-31.977911,115.818825,250000,5,916040000,7,18,-114,-130,-2.00,0.000000,0.000000
06:56:21,366,-31.977896,115.818817,250000,5,916040000,7,18,-116,-130,-7.75,0.000000,0.000000
06:56:23,367,-31.977898,115.818794,250000,5,916040000,7,18,-115,-130,-3.75,0.000000,0.000000
06:56:25,368,-31.977901,115.818764,250000,5,916040000,7,18,-111,-130,2.25,0.000000,0.000000
06:56:26,369,-31.9â¸®=888-!4.818726,250000,5,916040000,7,18,-116,-130,-9.00,0.000000,0.000000
06:56:28,370,-31.977888,115.818718,250000,5,916040000,7,18,-114,-112,-1.25,0.000000,0.000000
06:56:28,371,-31.977894,115.818710,250000,5,916040000,7,18,-109,-130,3.75,0.000000,0.000000
06:56:31,372,-31.977928,115.818672,250000,5,916040000,7,18,-111,-131,1.00,0.000000,0.000000
06:56:32,373,-31.977919,115.818733,250000,5,916040000,7,18,-113,-130,-0.50,0.000000,0.000000
06:56:34,374,-31.977919,115.818733,250000,5,916040000,7,18,-113,-112,-3.50,0.000000,0.000000
06:56:35,375,-31.977919,115.818733,250000,5,916040000,7,18,-116,-115,-8.50,0.000000,0.000000
06:56:40,378,-31.977919,115*8u8733,250000,5,916040000,7,18,-116,-130,-10.25,0.000000,0.000000
06:56:41,379,-31.977919,115.81803,250000,5,916040000,7,18,-116,-129,-8.75,0.000000,0.000000
06:56:43,380,-31.977919,115.818733,250000,5,916040000,7,18,-115,-130,-4.50,0.000000,0.000000
06:56:44,381,-31.977919,115.818733,250000,5,916040000,7,18,-115,-132,-7.25,0.000000,0.000000
06:56:46,382,-31.977919,115.818733,250000,5,916040000,7,18,-115,-116,-1.50,0.000000,0.000000
06:56:47,383,-31.977919,115.818733,250000,5,916040000,7,18,-115,-123,-3.75,0.000000,0.000000
06:56:51,â¸®â¸®q -31â¸®9?91?&â¸®â¸®<jâ¸®â¸®8â¸®â¸®o,250000,5,916040000,7,18,-116,-113,-12.00,0.000000,0.000000
06:56:51,386,-31.977919,115.818733,250000,5,916040000,7,18,-115,-123,-3.50,0.000000,0.000000
06:56:53,392,-31.977919,115.818733,250000,5,916040000,7,18,-115,-130,-6.00,0.000000,0.000000
06:57:03,393,-31.977919,115.818733,250000,5,916040000,7,18,-115,-128,-7.00,0.000000,0.000000
06:57:04,394,-31.977919,115.818733,250000,5,916040000,7,18,-112,-129,0.50,0.000000,0.000000
06:57:06,395,-31.977919,115.818733,250000,5,916040000,7,18,-115,-117,-4.75,0.000000,0.000000
06:57:07,396,-31.977919,115.818733,250000,5,916040000,7,18,-115,-111,-5.00,0.000000,0.000000
06:57:09,397,/31.97w90lâ¸®=(3g] ,250000,5,916040000,7,18,-115,-129,-11.25,0.000000,0.000000
06:57:10,398,-31.977919,115.818733,250000,5,916040000,7,18,-115,-130,-4.00,0.000000,0.000000
06:57:12,399,-31.977919,115.818733,250000,5,916040000,7,18,-109,-130,3.75,0.000000,0.000000
06:57:14,400,-31.977919,115.818733,250000,5,916040000,7,18,-113,-116,-1.00,0.000000,0.000000
06:57:15,401,-31.977919,115.818733,250000,5,916040000,7,18,-115,-110,-4.50,0.000000,0.000000
06:57:17,402,-31.977919,115.818733,250000,5,916040000,7,18,-114,-128,-2.00,0.000000,0.000000
06:57:18,403,-31.977919,115.818733,250000,5,916040000,7,18,-114,-129,0.00,0.000000,0.000000
06:57:20,404,-31.977919,115.818733,250000,5,916040000,7,18,-114,-129,-3.00,0.000000,0.000000
06:57:21,405,-31.977919,115.818733,250000,5,916040000,7,18,-112,-130,1.25,0.000000,0.000000
06:57:23,406,-31.977919,115.818733,250000,5,916040000,7,18,-113,-128,-1.00,0.000000,0.000000
06:57:26,408,-31.977919,115.818733,250000,5,916040000,7,18,-110,-130,2.50,0.000000,0.000000
06:57:27,409,-31.978647,115.818733,250000,5,916040000,7,18,-113,-130,-1.75,0.000000,0.000000
06:57:29,410,-31.978647,115.818733,250000,5,916040000,7,18,-114,-130,-3.50,0.000000,0.000000
06:57:30,411,-31.978601,115.818748,250000,5,916040000,7,18,-114,-114,-3.50,0.000000,0.000000
06:57:32,412,-31.978600,115.818771,250000,5,916040000,7,18,-109,-130,3.75,0.000000,0.000000
06:57:33,413,-31.978607,115.818817,250000,5,916040000,7,18,-113,-114,-1.75,0.000000,0.000000
06:57:35,l8!â¸®-?â¸®.978613,115.818832,250000,5,916040000,7,18,-115,-110,-9.25,0.000000,0.000000
06:57:36,415,-31.978601,115.818871,250000,5,916040000,7,18,-112,-130,2.00,0.000000,0.000000
06:57:38,416,-31.978605,115.818878,250000,5,916040000,7,18,-115,-131,-3.25,0.000000,0.000000
06:57:40,417,-31.978603,115.818901,250000,5,916040000,7,18,-109,-129,4.50,0.000000,0.000000
06:57:40,418,-31.978598,115.818901,250000,5,916040000,7,18,-108,-131,5.00,0.000000,0.000000
06:57:43,419,-31.978607,115.818916,250000,5,916040000,7,18,-114,-116,-0.75,0.000000,0.000000
06:57:46,421,-31.978657,115.818993,250000,5,916040000,7,18,-110,-130,3.75,0.000000,0.000000
06:57:47,422,-31.978640,115.819038,250000,5,916040000,7,18,-114,-108,-2.75,0.000000,0.000000
06:57:49,423,-31.978640,115.81YV5>,250000,5,916040000,7,18,-116,-130,-9.50,0.000000,0.000000
06:57:50,424,-31.978603,115.819092,250000,5,916040000,7,18,-108,-117,5.25,0.000000,0.000000
06:57:52,425,-31.978603,115.819092,250000,5,916040000,7,18,-114,-131,-2.50,0.000000,0.000000
06:57:53,426,-31.978634,115.819160,250000,5,916040000,7,18,-115,-111,-5.25,0.000000,0.000000
06:57:55,427,-31.978643,115.819160,250000,5,916040000,7,18,-114,-112,-0.25,0.000000,0.000000
06:57:56,428,-31.978661.â¸®râ¸®hâ¸®Eâ¸®9 â¸®,250000,5,916040000,7,18,-116,-112,-11.50,0.000000,0.000000
06:57:58,429,-31.978670,115.819214,250000,5,916040000,7,18,-115,-112,-4.25,0.000000,0.000000
06:57:59,430,-31.978674,115.819244,250000,5,916040000,7,18,-112,-116,0.50,0.000000,0.000000
06:58:01,431,-31.978680,115.819244,250000,5,916040000,7,18,-113,-123,-1.00,0.000000,0.000000
06:58:03,432,-31.978699,115.819252,250000,5,916040000,7,18,-115,-132,-5.75,0.000000,0.000000
06:58:04,433,} cÑ’u6,x]â¸®Bâ¸®â¸®=lâ¸®â¸®e,250000,5,916040000,7,18,-116,-131,-12.00,0.000000,0.000000
06:58:05,434,-31.978691,115.819214,250000,5,916040000,7,18,-116,-123,-7.00,0.000000,0.000000
06:58:06,435,-31.978689,115.819199,250000,5,916040000,7,18,-107,-131,4.25,0.000000,0.000000
06:58:09,436,-31.978697,115.819168,250000,5,916040000,7,18,-114,-130,-6.50,0.000000,0.000000
06:58:10,437,-31.978708,115.819138,250000,5,916040000,7,18,-116,-130,-8.50,0.000000,0.000000
06:58:12,438,-31.978729,115.819138,250000,5,916040000,7,18,-115,-130,-5.50,0.000000,0.000000
06:58:12,439,-31.978760,115.819138,250000,5,916040000,7,18,-110,-116,4.25,0.000000,0.000000
06:58:15,440,-31.978760,115.819138,250000,5,916040000,7,18,-111,-109,2.50,0.000000,0.000000
06:58:16,441,-31.978777,115.819092,250000,5,916040000,7,18,-110,-107,4.00,0.000000,0.000000
06:58:18,442,-31.978838,115.819122,250000,5,916040000,7,18,-104,-130,7.00,0.000000,0.000000
06:58:18,443,-31.978857,115.819115,250000,5,916040000,7,18,-112,-130,1.00,0.000000,0.000000
06:58:21,444,-31.978874,115.819107,250000,5,916040000,7,18,-109,-131,5.25,0.000000,0.000000
06:58:22,445,-31.978878,115.819084,250000,5,916040000,7,18,-107,-131,5.25,0.000000,0.000000
06:58:24,446,-31.978884,115.819077,250000,5,916040000,7,18,-115,-114,-5.75,0.000000,0.000000
06:58:25,447,-31.978920,115.819084,250000,5,916040000,7,18,-106,-131,7.25,0.000000,0.000000
06:58:27,448,-31.978933,115.819084,250000,5,916040000,7,18,-107,-130,5.75,0.000000,0.000000
06:58:29,449,-31.978996,115.819130,250000,5,916040000,7,18,-113,-130,0.00,0.000000,0.000000
06:58:30,450,-31.978991,115.819099,250000,5,916040000,7,18,-104,-115,7.00,0.000000,0.000000
06:58:32,451,-31.979000,115.819061,250000,5,916040000,7,18,-104,-110,7.00,0.000000,0.000000
06:58:33,452,-31.978998,115.819077,250000,5,916040000,7,18,-103,-130,7.25,0.000000,0.000000
06:58:35,453,-31.979031,115.819099,250000,5,916040000,7,18,-111,-114,1.75,0.000000,0.000000
06:58:36,454,-31.979078,115.819107,250000,5,916040000,7,18,-115,-129,-4.00,0.000000,0.000000
06:58:38,455,-31.979078,115.819107,250000,5,916040000,7,18,-108,-129,5.50,0.000000,0.000000
06:58:39,456,-31.979113,115.819061,250000,5,916040000,7,18,-112,-130,1.00,0.000000,0.000000
06:58:41,457,-31.979099,115.819038,250000,5,916040000,7,18,-112,-129,1.25,0.000000,0.000000
06:58:42,458,-31.979092,115.818993,250000,5,916040000,7,18,-104,-116,7.00,0.000000,0.000000
06:58:44,459,-31.979092,115.818993,250000,5,916040000,7,18,-108,-130,4.50,0.000000,0.000000
06:58:45,460,-31.979214,115.819038,250000,5,916040000,7,18,-105,-130,7.25,0.000000,0.000000
06:58:47,461,-31.979231,115.819038,250000,5,916040000,7,18,-105,-123,7.50,0.000000,0.000000
06:58:48,462,-31.979263,115.819023,250000,5,916040000,7,18,-104,-128,7.00,0.000000,0.000000
06:58:50,463,-31.979282,115.819023,250000,5,916040000,7,18,-110,-130,2.25,0.000000,0.000000
06:58:52,464,-31.979313,115.818993,250000,5,916040000,7,18,-105,-123,7.50,0.000000,0.000000
06:58:53,465,-31.979342,115.818954,250000,5,916040000,7,18,-102,-116,7.75,0.000000,0.000000
06:58:55,466,-31.979370,115.818939,250000,5,916040000,7,18,-101,-116,8.50,0.000000,0.000000
06:58:55,467,-31.979406,115.818932,250000,5,916040000,7,18,-111,-130,1.00,0.000000,0.000000
06:58:58,468,-31.979445,115.818939,250000,5,916040000,7,18,-106,-130,6.00,0.000000,0.000000
06:58:59,469,-31.979471,115.818924,250000,5,916040000,7,18,-115,-131,-5.75,0.000000,0.000000
06:59:01,470,-31.979464,115.818863,250000,5,916040000,7,18,-109,-130,4.50,0.000000,0.000000
06:59:02,471,-31.979454,115.818878,250000,5,916040000,7,18,-108,-112,5.25,0.000000,0.000000
06:59:04,472Lâ¸®3â¸®:gl>y47â¸®s@â¸®}â¸®V,250000,5,916040000,7,18,-116,-116,-11.75,0.000000,0.000000
06:59:05,473,-31.979502,115.818901,250000,5,916040000,7,18,-104,-130,7.25,0.000000,0.000000
06:59:07,474,-31.979525,115.818916,250000,5,916040000,7,18,-107,-130,5.25,0.000000,0.000000
06:59:08,475,-31.979551,115.818909,250000,5,916040000,7,18,-114,-130,-0.75,0.000000,0.000000
06:59:10,476,-31.979551,115.818909,250000,5,916040000,7,18,-105,-130,7.75,0.000000,0.000000
06:59:11,477,-31.979563,115.818939,250000,5,916040000,7,18,-113,-113,-0.25,0.000000,0.000000
06:59:13,478,-31.979576,115.818932,250000,5,916040000,7,18,-110,-116,3.25,0.000000,0.000000
06:59:14,479,-31.979584,115.818939,250000,5,916040000,7,18,-115,-130,-6.25,0.000000,0.000000
06:59:16,480,-31.979589,115.818932,250000,5,916040000,7,18,-110,-130,3.75,0.000000,0.000000
06:59:17,481,-31.979599,115.818932,250000,5,916040000,7,18,-107,-130,6.50,0.000000,0.000000
06:59:19,482,-31.979607,115.818932,250000,5,916040000,7,18,-106,-109,6.25,0.000000,0.000000
06:59:21,483,-31.979618,115.818962,250000,5,916040000,7,18,-102,-130,7.75,0.000000,0.000000
06:59:21,484,-31.979610,115.818962,250000,5,916040000,7,18,-106,-131,7.00,0.000000,0.000000
06:59:24,485,-31.979616,115.818962,250000,5,916040000,7,18,-104,-112,7.50,0.000000,0.000000
06:59:24,486,-31.979641,115.818954,250000,5,916040000,7,18,-108,-130,4.75,0.000000,0.000000
06:59:27,487,-31.979641,115.818954,250000,5,916040000,7,18,-102,-130,7.50,0.000000,0.000000
06:59:28,488,-31.979670,115.818954,250000,5,916040000,7,18,-105,-130,7.00,0.000000,0.000000
06:59:30,489,-31.979670,115.818954,250000,5,916040000,7,18,-106,-130,6.00,0.000000,0.000000
06:59:30,490,-31.979675,115.818970,250000,5,916040000,7,18,-113,-130,0.25,0.000000,0.000000
06:59:33,491,-31.979675,115.818970,250000,5,916040000,7,18,-107,-130,5.75,0.000000,0.000000
06:59:34,492,-31.979731,115.818924,250000,5,916040000,7,18,-112,-124,1.00,0.000000,0.000000
06:59:36,493,-31.979778,115.818886,250000,5,916040000,7,18,-112,-130,2.25,0.000000,0.000000
06:59:37,494,-31.979786,115.818901,250000,5,916040000,7,18,-103,-130,7.75,0.000000,0.000000
06:59:39,495,-31.979801,115.818909,250000,5,916040000,7,18,-102,-130,8.00,0.000000,0.000000
06:59:41,496,-31.979858,115.818878,250000,5,916040000,7,18,-108,-131,5.25,0.000000,0.000000
06:59:42,497,-31.979883,115.818863,250000,5,916040000,7,18,-104,-112,7.00,0.000000,0.000000
06:59:44,498,-31.979919,115.818810,250000,5,916040000,7,18,-105,-114,7.25,0.000000,0.000000
06:59:44,499,-31.979940,115.818802,250000,5,916040000,7,18,-112,-116,0.50,0.000000,0.000000
06:59:47,500,-31.979990,115.818794,250000,5,916040000,7,18,-113,-114,-0.25,0.000000,0.000000
06:59:48,501,-31.980005,115.818771,250000,5,916040000,7,18,-109,-131,3.25,0.000000,0.000000
06:59:50,502,-31.980042,115.818756,250000,5,916040000,7,18,-112,-129,-0.25,0.000000,0.000000
06:59:51,503,-31.980068,115.818771,250000,5,916040000,7,18,-107,-131,5.25,0.000000,0.000000
06:59:52,505,-31.980097,115.818771,250000,5,916040000,7,18,-109,-130,3.75,0.000000,0.000000
06:59:56,506,-31.980120,115.818787,250000,5,916040000,7,18,-114,-130,-1.25,0.000000,0.000000
06:59:57,507,-31.980160,115.818771,250000,5,916040000,7,18,-108,-130,5.50,0.000000,0.000000
06:59:59,508,-31.980160,115.818771,250000,5,916040000,7,18,-107,-112,6.00,0.000000,0.000000
07:00:00,509,-31.980175,115.818771,250000,5,916040000,7,18,-110,-130,3.75,0.000000,0.000000
07:00:02,510,-31.980186,115.818771,250000,5,916040000,7,18,-109,-130,4.25,0.000000,0.000000
07:00:03,511,-31.980209,115.818764,250000,5,916040000,7,18,-103,-111,7.75,0.000000,0.000000
07:00:05,512,-31.980225,115.818787,250000,5,916040000,7,18,-102,-111,7.75,0.000000,0.000000
07:00:07,513,-31.980280,115.818741,250000,5,916040000,7,18,-109,-131,4.25,0.000000,0.000000
07:00:08,514,-31.980305,115.818748,250000,5,916040000,7,18,-109,-116,4.50,0.000000,0.000000
07:00:10,515,-31.980324,115.818733,250000,5,916040000,7,18,-106,-110,6.75,0.000000,0.000000
07:00:10,516,-31.980331,115.818733,250000,5,916040000,7,18,-108,-103,-0.25,0.000000,0.000000
07:00:13,517,-31.980364,115.818726,250000,5,916040000,7,18,-102,-130,8.00,0.000000,0.000000
07:00:13,518,-31.980385,115.818726,250000,5,916040000,7,18,-113,-130,-0.50,0.000000,0.000000
07:00:16,519,-31.980394,115.818726,250000,5,916040000,7,18,-111,-108,2.75,0.000000,0.000000
07:00:17,520,-?1.?8038,55.â¸®111<1,250000,5,916040000,7,18,-115,-130,-3.25,0.000000,0.000000
07:00:19,521,-31.980398,115.818741,250000,5,916040000,7,18,-109,-130,4.50,0.000000,0.000000
07:00:20,522,-31.980415,115.818733,250000,5,916040000,7,18,-101,-116,8.50,0.000000,0.000000
07:00:22,523,-31.980415,115.818733,250000,5,916040000,7,18,-108,-130,4.75,0.000000,0.000000
07:00:23,524,-31.980459,115.818718,250000,5,916040000,7,18,-103,-130,7.25,0.000000,0.000000
07:00:25,525,-31.980473,115.818718,250000,5,916040000,7,18,-102,-130,7.75,0.000000,0.000000
07:00:26,526,-31.980501,115.818703,250000,5,916040000,7,18,-111,-130,3.25,0.000000,0.000000
07:00:28,527,-31.980515,115.818687,250000,5,916040000,7,18,-107,-131,5.75,0.000000,0.000000
07:00:29,528,-31.980545,115.818687,250000,5,916040000,7,18,-106,-130,6.75,0.000000,0.000000
07:00:31,529,-31.980558,115.818680,250000,5,916040000,7,18,-103,-130,7.50,0.000000,0.000000
07:00:33,530,-31.980587,115.818657,250000,5,916040000,7,18,-98,-114,9.00,0.000000,0.000000
07:00:33,531,-31.980602,115.818657,250000,5,916040000,7,18,-104,-116,7.50,0.000000,0.000000
07:00:35,532,-31.980623,115.818657,250000,5,916040000,7,18,-105,-111,6.00,0.000000,0.000000
07:00:36,533,-31.980633,115.818649,250000,5,916040000,7,18,-114,-130,-4.50,0.000000,0.000000
07:00:39,534,-31.980658,115.818626,250000,5,916040000,7,18,-104,-130,7.25,0.000000,0.000000
07:00:40,535,-31.980679,115.818604,250000,5,916040000,7,18,-98,-111,9.25,0.000000,0.000000
07:00:42,536,-31.980679,115.818604,250000,5,916040000,7,18,-99,-130,8.75,0.000000,0.000000
07:00:42,537,-31.980698,115.818588,250000,5,916040000,7,18,-106,-130,5.75,0.000000,0.000000
07:00:45,538,-31.980698,115.818588,250000,5,916040000,7,18,-97,-130,8.75,0.000000,0.000000
07:00:46,539,-31.980728,115.818573,250000,5,916040000,7,18,-113,-116,-2.00,0.000000,0.000000
07:00:48,540,-31.980728,115.818573,250000,5,916040000,7,18,-101,-129,8.25,0.000000,0.000000
07:00:49,541,-31.980764,115.818542,250000,5,916040000,7,18,-105,-130,6.25,0.000000,0.000000
07:00:51,542,-31.980764,115.818542,250000,5,916040000,7,18,-105,-131,-4.25,0.000000,0.000000
07:00:52,543,-31.980783,115.818512,250000,5,916040000,7,18,-109,-115,3.50,0.000000,0.000000
07:00:54,544,-31.980793,115.818497,250000,5,916040000,7,18,-109,-113,3.75,0.000000,0.000000
07:00:56,545,-31.980814,115.818466,250000,5,916040000,7,18,-105,-130,7.00,0.000000,0.000000
07:00:57,546,-31.980831,115.818451,250000,5,916040000,7,18,-109,-110,4.75,0.000000,0.000000
07:00:59,547,-31.980862,115.818420,250000,5,916040000,7,18,-102,-110,7.75,0.000000,0.000000
07:01:00,548,-31.980865,115.818413,250000,5,916040000,7,18,-114,-116,-1.75,0.000000,0.000000
07:01:02,549,-31.980875,115.818413,250000,5,916040000,7,18,-112,-131,1.25,0.000000,0.000000
07:01:03,550,-31.980894,115.818390,250000,5,916040000,7,18,-109,-130,6.00,0.000000,0.000000
07:01:05,551,-31.980904,115.818390,250000,5,916040000,7,18,-110,-130,2.75,0.000000,0.000000
07:01:06,552,-31.980923,115.818375,250000,5,916040000,7,18,-110,-130,3.25,0.000000,0.000000
07:01:08,553,-31.980923,115.818375,250000,5,916040000,7,18,-115,-130,-6.50,0.000000,0.000000
07:01:09,554,-?1.980959-115/818â¸®29,250000,5,916040000,7,18,-109,-130,1.75,0.000000,0.000000
07:01:11,555,-31.980970,115.818314,250000,5,916040000,7,18,-110,-130,0.50,0.000000,0.000000
07:01:12,556,-31.980988,115.818283,250000,5,916040000,7,18,-110,-130,1.00,0.000000,0.000000
07:01:14,557,-31.980988,115.818203,250000,5,916040000,7,18,-108,-130,2.50,0.000000,0.000000
07:01:15,558,-31.981054,115.818222,250000,5,916040000,7,18,-109,-116,4.25,0.000000,0.000000
07:01:17,555,-39.?810:0,Q95.â¸®184:2,250000,5,916040000,7,18,-113,-114,-1.75,0.000000,0.000000
07:01:18,560,-31.981073,115.818207,250000,5,916040000,7,18,-109,-116,4.50,0.000000,0.000000
07:01:20,561,-31.981085,115.818199,250000,5,916040000,7,18,-108,-131,5.25,0.000000,0.000000
07:01:22,562,-31.981104,115.818184,250000,5,916040000,7,18,-107,-110,5.50,0.000000,0.000000
07:01:22,563,-31.981121,115.818176,250000,5,916040000,7,18,-112,-130,0.75,0.000000,0.000000
07:01:25,564,-31.981150,115.818153,250000,5,916040000,7,18,-107,-130,4.75,0.000000,0.000000
07:01:25,565,-31.981165,115.818153,250000,5,916040000,7,18,-109,-130,4.50,0.000000,0.000000
07:01:28,566,-31.981178,115.818146,250000,5,916040000,7,18,-108,-130,5.25,0.000000,0.000000
07:01:29,567,-31.981205,115.818130,250000,5,916040000,7,18,-107,-124,4.25,0.000000,0.000000
07:01:31,568,-31.981220,115.818123,250000,5,916040000,7,18,-111,-114,4.00,0.000000,0.000000
07:01:32,569,-31.981256,115.818092,250000,5,916040000,7,18,-110,-114,4.00,0.000000,0.000000
07:01:34,570,-31.981274,115.818077,250000,5,916040000,7,18,-103,-116,7.75,0.000000,0.000000
07:01:35,571,-31.981295,115.818062,250000,5,916040000,7,18,-115,-130,-5.50,0.000000,0.000000
07:01:37,572,-31.981295,115.818062,250000,5,916040000,7,18,-115,-130,-6.75,0.000000,0.000000
07:01:38,573,-31.981318,115.818054,250000,5,916040000,7,18,-113,-112,-5.25,0.000000,0.000000
07:01:39,575,-31.981359,115.818062,250000,5,916040000,7,18,-115,-130,-5.50,0.000000,0.000000
07:01:43,576,-31.981369,115.818062,250000,5,916040000,7,18,-113,-130,-0.75,0.000000,0.000000
07:01:44,â¸®â¸®*â¸®bâ¸®â¸®_â¸®â¸®â¸®â¸®â¸®Kâ¸®â¸®â¸®]zâ¸®xâ¸®,250000,5,916040000,7,18,-116,-124,-12.25,0.000000,0.000000
07:01:45,577,-31.981394,115.818062,250000,5,916040000,7,18,-114,-111,-5.75,0.000000,0.000000
07:01:46,578,-31.981405,115.818069,250000,5,916040000,7,18,-114,-113,-1.75,0.000000,0.000000
07:01:47,579,-31.981419,115.818077,250000,5,916040000,7,18,-113,-114,-2.50,0.000000,0.000000
07:01:48,580,-31.981426,115.818085,250000,5,916040000,7,18,-115,-131,-7.75,0.000000,0.000000
07:01:51,581,-31.981426,115.818123,250000,5,916040000,7,18,-115,-113,-5.25,0.000000,0.000000
07:01:51,582,-31.981422,115.818115,250000,5,916040000,7,18,-113,-112,-1.00,0.000000,0.000000
07:01:57,585,-31.981411,115.818092,250000,5,916040000,7,18,-113,-130,-1.50,0.000000,0.000000
07:01:58,586,-31.981390,115.818069,250000,5,916040000,7,18,-109,-130,4.00,0.000000,0.000000
07:02:00,587,-31.981390,115.818069,250000,5,916040000,7,18,-110,-132,3.25,0.000000,0.000000
07:02:00,588,-31.981386,115.818054,250000,5,916040000,7,18,-109,-130,5.00,0.000000,0.000000
07:02:03,589,-31.981386,115.818054,250000,5,916040000,7,18,-108,-111,5.00,0.000000,0.000000
07:02:04,590,-31.981398,115.818031,250000,5,916040000,7,18,-113,-130,1.50,0.000000,0.000000
07:02:06,591,-31.981398,115.818024,250000,5,916040000,7,18,-110,-112,3.50,0.000000,0.000000
07:02:07,592,-31.981400,115.818016,250000,5,916040000,7,18,-113,-130,1.25,0.000000,0.000000
07:02:09,593,-31.981394,115.818001,250000,5,916040000,7,18,-114,-112,-4.25,0.000000,0.000000
07:02:11,iq5Z\â¸®â¸®#`8â¸®Ñ›QKhEâ¸®â¸®â¸®0,250000,5,916040000,7,18,-115,-111,-11.50,0.000000,0.000000
07:02:12,595,-31.981388,115.817970,250000,5,916040000,7,18,-108,-130,5.25,0.000000,0.000000
07:02:14,596,-31.981390,115.817993,250000,5,916040000,7,18,-112,-113,0.00,0.000000,0.000000
07:02:14,597,-31.981380,115.817993,250000,5,916040000,7,18,-109,-108,5.00,0.000000,0.000000
07:02:17,598,-31.981379,115.818016,250000,5,916040000,7,18,-107,-108,6.50,0.000000,0.000000
07:02:18,599,-31.981369,115.818031,250000,5,916040000,7,18,-109,-131,4.50,0.000000,0.000000
07:02:20,600,-31.981369,115.818031,250000,5,916040000,7,18,-110,-130,5.00,0.000000,0.000000
07:02:21,601,-31.981321,115.818115,250000,5,916040000,7,18,-111,-131,1.25,0.000000,0.000000
07:02:23,602,-31.981321,115.818115,250000,5,916040000,7,18,-114,-130,-1.75,0.000000,0.000000
07:02:24,603,-31.981319,155.818161,250000,5,916040000,7,18,-109,-116,2.25,0.000000,0.000000
07:02:26,604,-31.981319,115.818161,250000,5,916040000,7,18,-102,-114,7.75,0.000000,0.000000
07:02:27,605,-31.981319,115.818161,250000,5,916040000,7,18,-107,-130,6.25,0.000000,0.000000
07:02:29,606,-31.981319,115.818161,250000,5,916040000,7,18,-105,-130,6.75,0.000000,0.000000
07:02:30,607,-31.981283,115.818237,250000,5,916040000,7,18,-106,-130,6.50,0.000000,0.000000
07:02:32,608,-31.981283,115.818237,250000,5,916040000,7,18,-109,-131,3.00,0.000000,0.000000
07:02:34,609,-31.981283,115.818237,250000,5,916040000,7,18,-109,-112,4.50,0.000000,0.000000
07:02:35,610,-31.981283,115.818237,250000,5,916040000,7,18,-110,-131,4.00,0.000000,0.000000
07:02:37,611,-31.981283,115.818237,250000,5,916040000,7,18,-104,-111,7.75,0.000000,0.000000
07:02:37,612,-31.981283,115.818237,250000,5,916040000,7,18,-110,-131,4.00,0.000000,0.000000
07:02:40,613,-31.981256,115.818306,250000,5,916040000,7,18,-114,-130,-1.75,0.000000,0.000000
07:02:41,614,-31.981327,115.818306,250000,5,916040000,7,18,-101,-130,8.50,0.000000,0.000000
07:02:43,615,-31.981327,115.818306,250000,5,916040000,7,18,-104,-130,7.50,0.000000,0.000000
07:02:44,616,-31.981327,115.818306,250000,5,916040000,7,18,-108,-130,5.25,0.000000,0.000000
07:02:46,617,-31.981327,115.818306,250000,5,916040000,7,18,-104,-108,7.25,0.000000,0.000000
07:02:47,618,-31.981327,115.818306,250000,5,916040000,7,18,-98,-131,8.75,0.000000,0.000000
07:02:49,619,-31.981327,115.818306,250000,5,916040000,7,18,-113,-130,-0.75,0.000000,0.000000
07:02:50,620,-31.981476,115.818466,250000,5,916040000,7,18,-107,-111,5.75,0.000000,0.000000
07:02:52,621,-31.981476,115.818466,250000,5,916040000,7,18,-108,-111,5.25,0.000000,0.000000
07:02:53,622,-31.981638,115.818626,250000,5,916040000,7,18,-107,-123,6.00,0.000000,0.000000
07:02:55,623,-31.981676,115.818695,250000,5,916040000,7,18,-108,-130,4.75,0.000000,0.000000
07:02:56,624,-31.981712,115.818764,250000,5,916040000,7,18,-107,-117,6.25,0.000000,0.000000
07:02:58,625,-31.981724,115.818710,250000,5,916040000,7,18,-105,-116,7.00,0.000000,0.000000
07:02:59,626,-31.981731,115.818726,250000,5,916040000,7,18,-105,-130,7.00,0.000000,0.000000
07:03:01,627,-31.981756,115.818726,250000,5,916040000,7,18,-108,-111,4.75,0.000000,0.000000
07:03:03,628,-31.981792,115.818588,250000,5,916040000,7,18,-104,-111,7.50,0.000000,0.000000
07:03:03,629,-31.981819,115.818451,250000,5,916040000,7,18,-109,-130,4.75,0.000000,0.000000
07:03:05,630,-31.981852,115.818260,250000,5,916040000,7,18,-104,-109,6.75,0.000000,0.000000
07:03:06,631,-31.981888,115.818260,250000,5,916040000,7,18,-102,-110,7.25,0.000000,0.000000
07:03:09,632,-31.981903,115.818260,250000,5,916040000,7,18,-113,-111,-1.00,0.000000,0.000000
07:03:10,633,-31.981926,115.818230,250000,5,916040000,7,18,-114,-112,-2.75,0.000000,0.000000
07:03:12,634,-31.981943,115.818245,250000,5,916040000,7,18,-115,-130,-4.50,0.000000,0.000000
07:03:12,635,-31.981958,115.818237,250000,5,916040000,7,18,-108,-130,5.25,0.000000,0.000000
07:03:15,636,-31.981958,115.818237,250000,5,916040000,7,18,-105,-112,6.50,0.000000,0.000000
07:03:18,638,-31.981958,115.818237,250000,5,916040000,7,18,-110,-130,2.00,0.000000,0.000000
07:03:19,639,-31.981958,115.818237,250000,5,916040000,7,18,-110,-130,3.50,0.000000,0.000000
07:03:21,640,-31.981958,115.818237,250000,5,916040000,7,18,-108,-130,4.50,0.000000,0.000000
07:03:22,641,-31.982023,115.817947,250000,5,916040000,7,18,-111,-130,2.50,0.000000,0.000000
07:03:24,642,-31.982040,115.817955,250000,5,916040000,7,18,-110,-130,3.25,0.000000,0.000000
07:03:26,643,-31.982071,115.818054,250000,5,916040000,7,18,-107,-130,5.75,0.000000,0.000000
07:03:26,644,-31.982096,115.818115,250000,5,916040000,7,18,-116,-130,-7.75,0.000000,0.000000
07:03:29,645,-31.982117,115.818192,250000,5,916040000,7,18,-109,-116,4.75,0.000000,0.000000
07:03:30,646,-31.982128,115.818237,250000,5,916040000,7,18,-109,-116,4.50,0.000000,0.000000
07:03:32,647,-31.982157,115.818329,250000,5,916040000,7,18,-114,-131,-2.25,0.000000,0.000000
07:03:33,648,-31.982195,115.818413,250000,5,916040000,7,18,-115,-130,-5.50,0.000000,0.000000
07:03:34,650,-31.982220,115.818474,250000,5,916040000,7,18,-115,-112,-6.25,0.000000,0.000000
07:03:37,652,-31.982239,115.818451,250000,5,916040000,7,18,-113,-114,-1.75,0.000000,0.000000
07:03:41,653,-31.982239,115.818451,250000,5,916040000,7,18,-116,-130,-9.75,0.000000,0.000000
07:03:42,654,-31.982262,115.818428,250000,5,916040000,7,18,-115,-129,-8.75,0.000000,0.000000
07:03:49,658,-j?|fâ¸®â¸®l,115.81â¸®6,250000,5,916040000,7,18,-115,-129,-10.75,0.000000,0.000000
07:03:49,â¸®â¸®= -31.9X4273,115.8aâ¸®â¸®â¸®2,250000,5,916040000,7,18,-116,-111,-10.25,0.000000,0.000000
07:04:27,683,-31.982327,115.817970,250000,5,916040000,7,18,-115,-130,-6.75,0.000000,0.000000
07:04:28,684,-31.982277,115.817986,250000,5,916040000,7,18,-115,-130,-3.50,0.000000,0.000000
07:04:30,685,-31.982277,115.817986,250000,5,916040000,7,18,-114,-130,-3.25,0.000000,0.000000
07:04:31,686,-31.982239,115.8=7986,250000,5,916040000,7,18,-114,-130,-3.00,0.000000,0.000000
07:04:33,687,-31.982239,115.817986,250000,5,916040000,7,18,-113,-131,-0.50,0.000000,0.000000
07:04:36,689,-31.982182,115.817986,250000,5,916040000,7,18,-113,-112,0.50,0.000000,0.000000
07:04:38,690,-31.982159,115.817986,250000,5,916040000,7,18,-114,-130,-1.75,0.000000,0.000000
07:04:39,691,-31.982145,115.817978,250000,5,916040000,7,18,-113,-130,-0.75,0.000000,0.000000
07:04:41,692,-31.982113,115.818001,250000,5,916040000,7,18,-114,-131,-2.50,0.000000,0.000000
07:04:42,693,-31.982109,115.818008,250000,5,916040000,7,18,-115,-112,-6.50,0.000000,0.000000
07:04:44,694,-31BUâ¸®4092*7W5.818016,250000,5,916040000,7,18,-115,-116,-7.50,0.000000,0.000000
07:04:44,6â¸®5,o;09â¸®2:â¸®5I4u571â¸®16,250000,5,916040000,7,18,-115,-130,-7.50,0.000000,0.000000
07:04:47,696,-31.982056,115.818001,250000,5,916040000,7,18,-113,-117,-0.75,0.000000,0.000000
07:04:50,698,-31.982<12,115.817993,250000,5,916040000,7,18,-115,-130,-7.75,0.000000,0.000000
07:04:51,699,-31.982000,115.817986,250000,5,916040000,7,18,-113,-131,0.00,0.000000,0.000000
07:04:53,700,-31.982000,115.817986,250000,5,916040000,7,18,-114,-131,-2.00,0.000000,0.000000
07:04:54,701,-31.98â¸®â¸®â¸®0,15.818016,250000,5,916040000,7,18,-115,-130,-7.50,0.000000,0.000000
07:04:56,702,-31.981964,115.818016,250000,5,916040000,7,18,-114,-130,-6.50,0.000000,0.000000
07:04:59,704,-31.981909,115.818077,250000,5,916040000,7,18,-114,-130,-2.50,0.000000,0.000000
07:05:00,705,-31.981880,115.818092,250000,5,916040000,7,18,-115,-131,-8.25,0.000000,0.000000
07:05:02,706,-31.981865,115.818092,250000,5,916040000,7,18,-115,-130,-6.25,0.000000,0.000000
07:05:03,708,-31.981840,115.818108,250000,5,916040000,7,18,-113,-130,-1.75,0.000000,0.000000
07:05:07,709,-31.981823,115.818100,250000,5,916040000,7,18,-114,-129,-1.25,0.000000,0.000000
07:05:07,â¸®q\Uâ¸®â¸®/J8`â¸®â¸®â¸®,250000,5,916040000,7,18,-116,-130,-11.25,0.000000,0.000000
07:05:09,712,-31.981773,115.=q8108,250000,5,916040000,7,18,-116,-112,-10.75,0.000000,0.000000
07:05:13,713â¸®â¸®â¸®=.981773,115.818108,250000,5,916040000,7,18,-115,-130,-7.00,0.000000,0.000000
07:05:14,714,-31.981773,115.818100,250000,5,916040000,7,18,-113,-124,-0.25,0.000000,0.000000
07:05:16,715,-31.981773,115.818100,250000,5,916040000,7,18,-113,-130,-1.50,0.000000,0.000000
07:05:17,718,-31.981701,115.818123,250000,5,916040000,7,18,-114,-130,-3.50,0.000000,0.000000
07:05:22,7â¸®9,-â¸®9.981701â¸®11=b|â¸®812â¸®,250000,5,916040000,7,18,-116,-130,-10.50,0.000000,0.000000
07:05:23,720,-31.981661,115.818115,250000,5,916040000,7,18,-113,-132,-3.00,0.000000,0.000000
07:05:25,21<-39.9:1e<2,â¸®55-â¸®183,250000,5,916040000,7,18,-115,-129,-3.50,0.000000,0.000000
07:05:27,722,-31.981653,115.818138,250000,5,916040000,7,18,-110,-130,2.75,0.000000,0.000000
07:05:28,223,-3â¸®.981644,115*818146,250000,5,916040000,7,18,-116,-130,-9.25,0.000000,0.000000
07:05:29,724,-31.981653,115.818146,250000,5,916040000,7,18,-114,-129,-3.50,0.000000,0.000000
07:05:30,725,-31.981651,115.818161,250000,5,916040000,7,18,-113,-109,0.25,0.000000,0.000000
07:05:33,726,-31.981665,115.818214,250000,5,916040000,7,18,-113,-109,-4.25,0.000000,0.000000
07:05:33,727,-31.981661,115.818230,250000,5,916040000,7,18,-110,-116,3.50,0.000000,0.000000
07:05:36,728,-31.981661,115.818260,250000,5,916040000,7,18,-114,-130,-4.25,0.000000,0.000000
07:05:36,729,-31.981676,115.818314,250000,5,916040000,7,18,-114,-110,-6.75,0.000000,0.000000
07:05:39,730,-31.981676,115.818314,250000,5,916040000,7,18,-113,-129,-0.75,0.000000,0.000000
07:05:40,731,-31.981686,115.818359,250000,5,916040000,7,18,-111,-129,2.50,0.000000,0.000000
07:05:42,732,-31.981697,115.818390,250000,5,916040000,7,18,-111,-131,1.75,0.000000,0.000000
07:05:43,733,-31.981718,115.818420,250000,5,916040000,7,18,-111,-130,2.25,0.000000,0.000000
07:05:45,734,-31.981718,115.818420,250000,5,916040000,7,18,-112,-130,2.00,0.000000,0.000000
07:05:46,735,-31.981728,115.818420,250000,5,916040000,7,18,-107,-112,6.00,0.000000,0.000000
07:05:48,736,-31.981733,115.818443,250000,5,916040000,7,18,-111,-130,2.50,0.000000,0.000000
07:05:49,737,-31.981728,115.818428,250000,5,916040000,7,18,-115,-110,-3.25,0.000000,0.000000
07:05:51,738,-31.981733,115.818436,250000,5,916040000,7,18,-105,-129,6.75,0.000000,0.000000
07:05:53,739,-31.981737,115.818436,250000,5,916040000,7,18,-105,-130,7.00,0.000000,0.000000
07:05:54,740,-31.981731,115.818443,250000,5,916040000,7,18,-113,-128,-4.00,0.000000,0.000000
07:05:56,741,-31.981728,115.818420,250000,5,916040000,7,18,-108,-112,3.50,0.000000,0.000000
07:05:56,742,-31.981716,115.818398,250000,5,916040000,7,18,-107,-130,6.25,0.000000,0.000000
07:05:59,743,-31.981680,115.818344,250000,5,916040000,7,18,-103,-116,7.00,0.000000,0.000000
07:06:00,744,-31.981668,115.818298,250000,5,916040000,7,18,-104,-112,6.50,0.000000,0.000000
07:06:02,745,-31.981668,115.818298,250000,5,916040000,7,18,-102,-129,8.00,0.000000,0.000000
07:06:03,746,-31.981672,115.818237,250000,5,916040000,7,18,-100,-130,8.50,0.000000,0.000000
07:06:05,747,-31.981682,115.818230,250000,5,916040000,7,18,-97,-130,8.00,0.000000,0.000000
07:06:06,748,-31.981707,115.818260,250000,5,916040000,7,18,-103,-130,7.75,0.000000,0.000000
07:06:08,749,-31.981707,115.818260,250000,5,916040000,7,18,-103,-112,7.50,0.000000,0.000000
07:06:09,750,-31.981726,115.818260,250000,5,916040000,7,18,-104,-115,7.50,0.000000,0.000000
07:06:11,751,-31.981726,115.818260,250000,5,916040000,7,18,-105,-130,6.75,0.000000,0.000000
07:06:12,752,-31.981739,115.818291,250000,5,916040000,7,18,-102,-130,7.25,0.000000,0.000000
07:06:14,753,-31.981737,115.818321,250000,5,916040000,7,18,-105,-130,7.25,0.000000,0.000000
07:06:16,754,-31.981739,115.818382,250000,5,916040000,7,18,-101,-130,8.00,0.000000,0.000000
07:06:17,755,-31.981737,115.818390,250000,5,916040000,7,18,-109,-113,4.25,0.000000,0.000000
07:06:19,756,-31.981726,115.818413,250000,5,916040000,7,18,-109,-130,4.00,0.000000,0.000000
07:06:19,757,-31.981722,115.818451,250000,5,916040000,7,18,-115,-131,-5.25,0.000000,0.000000
07:06:22,758,-31.981724,115.818443,250000,5,916040000,7,18,-112,-116,2.00,0.000000,0.000000
07:06:22,759,-31.981716,115.818535,250000,5,916040000,7,18,-106,-130,7.00,0.000000,0.000000
07:06:25,760,-31.981699,115.818588,250000,5,916040000,7,18,-108,-130,4.50,0.000000,0.000000
07:06:26,761,-31.981647,115.818672,250000,5,916040000,7,18,-103,-130,7.25,0.000000,0.000000
07:06:28,762,-31.981647,115.818672,250000,5,916040000,7,18,-108,-130,4.25,0.000000,0.000000
07:06:29,763,-31.981617,115.818741,250000,5,916040000,7,18,-108,-130,5.00,0.000000,0.000000
07:06:31,764,-31.981613,115.818771,250000,5,916040000,7,18,-104,-130,7.25,0.000000,0.000000
07:06:32,765,-31.981651,115.818764,250000,5,916040000,7,18,-102,-116,7.50,0.000000,0.000000
07:06:34,766,-31.981651,115.818764,250000,5,916040000,7,18,-100,-130,8.25,0.000000,0.000000
07:06:35,767,-31.981676,115.818962,250000,5,916040000,7,18,-100,-130,8.50,0.000000,0.000000
07:06:37,768,-31.981676,115.818962,250000,5,916040000,7,18,-107,-130,5.75,0.000000,0.000000
07:06:38,769,-31.981707,115.819160,250000,5,916040000,7,18,-109,-130,4.25,0.000000,0.000000
07:06:40,770,-31.981718,115.819206,250000,5,916040000,7,18,-108,-130,4.75,0.000000,0.000000
07:06:41,771,-31.981752,115.819267,250000,5,916040000,7,18,-111,-114,1.50,0.000000,0.000000
07:06:43,772,-31.981766,115.819290,250000,5,916040000,7,18,-109,-107,5.00,0.000000,0.000000
07:06:45,773,-31.981804,115.819321,250000,5,916040000,7,18,-109,-107,4.00,0.000000,0.000000
07:06:45,774,-31.981831,115.819328,250000,5,916040000,7,18,-110,-130,3.50,0.000000,0.000000
07:06:47,775,-31.981874,115.819359,250000,5,916040000,7,18,-109,-130,4.25,0.000000,0.000000
07:06:48,776,-31.981895,115.819366,250000,5,916040000,7,18,-106,-131,6.25,0.000000,0.000000
07:06:51,777,-31.981920,115.819382,250000,5,916040000,7,18,-108,-116,5.50,0.000000,0.000000
07:06:52,778,-31.981932,115.819405,250000,5,916040000,7,18,-112,-116,1.25,0.000000,0.000000
07:06:54,779,-31.981932,115.819405,250000,5,916040000,7,18,-107,-116,6.50,0.000000,0.000000
07:06:54,780,-31.981960,115.819420,250000,5,916040000,7,18,-105,-129,7.25,0.000000,0.000000
07:06:57,781,-31.981960,115.819420,250000,5,916040000,7,18,-108,-130,5.00,0.000000,0.000000
07:06:58,782,-31.981997,115.819473,250000,5,916040000,7,18,-113,-131,0.25,0.000000,0.000000
07:07:00,783,-31.981997,115.819473,250000,5,916040000,7,18,-115,-116,-3.25,0.000000,0.000000
07:07:01,784,-31.981997,115.819473,250000,5,916040000,7,18,-115,-115,-5.75,0.000000,0.000000
07:07:03,785,-31.981997,115.819473,250000,5,916040000,7,18,-115,-129,-8.00,0.000000,0.000000
07:07:04,786,-31.981997,115.819473,250000,5,916040000,7,18,-116,-130,-8.75,0.000000,0.000000
07:07:06,787,-31.9815â¸®â¸®,115/â¸®â¸®9â¸®â¸®â¸®,250000,5,916040000,7,18,-116,-130,-10.25,0.000000,0.000000
07:07:08,788,-31.981997,115.819473,250000,5,916040000,7,18,-115,-130,-7.00,0.000000,0.000000
07:07:08,789,-31.981997,115.819473,250000,5,916040000,7,18,-115,-110,-7.00,0.000000,0.000000
07:07:11,790,-31.981997,115.81451,250000,5,916040000,7,18,-116,-130,-8.75,0.000000,0.000000
07:07:12,791,-31.981997,115.819473,250000,5,916040000,7,18,-115,-130,-5.75,0.000000,0.000000
07:07:14,792,-31.981?97,115.819473,250000,5,916040000,7,18,-115,-113,-8.50,0.000000,0.000000
07:07:15,793,-31.981997,115.819473,250000,5,916040000,7,18,-115,-130,-5.75,0.000000,0.000000
07:07:17,794'â¸®1-   <_bpâ¸®â¸®eâ¸®dâ¸®â¸®4+;,250000,5,916040000,7,18,-116,-111,-11.50,0.000000,0.000000
07:07:20,796,-31.982317,115.819374,250000,5,916040000,7,18,-114,-130,-2.25,0.000000,0.000000
07:07:21,799,-31.982424,115.819366,250000,5,916040000,7,18,-114,-114,-3.00,0.000000,0.000000
07:07:26,800,-31.982424,115.819366,250000,5,916040000,7,18,-115,-131,-4.75,0.000000,0.000000
07:07:27,801,-31.98245f,115.819336,250000,5,916040000,7,18,-116,-130,-8.50,0.000000,0.000000
07:07:29,802,-31.982471,115.819328,250000,5,916040000,7,18,-115,-130,-4.25,0.000000,0.000000
07:07:31,803,-31.982481,115.819305,250000,5,916040000,7,18,-110,-109,3.25,0.000000,0.000000
07:07:32,804,-31.982487,115.819305,250000,5,916040000,7,18,-114,-130,-0.50,0.000000,0.000000
07:07:33,806,-31.982496,115.819244,250000,5,916040000,7,18,-115,-130,-5.25,0.000000,0.000000
07:07:37,807,-31.982513,115.819214,250000,5,916040000,7,18,-116,-130,-6.25,0.000000,0.000000
07:07:38,808,-31.982525,115.819206,250000,5,916040000,7,18,-112,-130,0.75,0.000000,0.000000
07:07:40,809,-31.982555,115.819206,250000,5,916040000,7,18,-115,-130,-4.25,0.000000,0.000000
07:07:41,810,-31.982582,115.819221,250000,5,916040000,7,18,-115,-115,-5.50,0.000000,0.000000
07:07:43,811,-31.982582,115.819221,250000,5,916040000,7,18,-115,-117,-3.75,0.000000,0.000000
07:07:44,812,-31.982613,115.819244,250000,5,916040000,7,18,-113,-117,1.25,0.000000,0.000000
07:07:46,813,-31.982613,115.819244,250000,5,916040000,7,18,-112,-124,1.25,0.000000,0.000000
07:07:47,814,-31.982620,115.819290,250000,5,916040000,7,18,-114,-132,-1.75,0.000000,0.000000
07:07:49,815,-31.982620,115.819290,250000,5,916040000,7,18,-112,-124,0.75,0.000000,0.000000
07:07:50,816,-31.982641,115.819328,250000,5,916040000,7,18,-109,-130,-2.50,0.000000,0.000000
07:07:52,817,-31.982641,115.819328,250000,5,916040000,7,18,-115,-121,-4.50,0.000000,0.000000
07:07:53,818,-31.982655,115.819344,250000,5,916040000,7,18,-116,-124,-5.25,0.000000,0.000000
07:07:55,819,-31.982655,115.819344,250000,5,916040000,7,18,-115,-130,-3.50,0.000000,0.000000
07:07:57,820,-31.982677,115.819374,250000,5,916040000,7,18,-112,-130,0.75,0.000000,0.000000
07:07:57,821,-31.982685,115.819389,250000,5,916040000,7,18,-112,-131,-1.00,0.000000,0.000000
07:07:59,822,-31.982679,115.819412,250000,5,916040000,7,18,-116,-130,-9.00,0.000000,0.000000
07:08:00,823,-31.982677,115.819420,250000,5,916040000,7,18,-114,-130,-4.50,0.000000,0.000000
07:08:03,824,-31.982677,115.819458,250000,5,916040000,7,18,-112,-130,1.00,0.000000,0.000000
07:08:04,825,-31.982674,115.819496,250000,5,916040000,7,18,-111,-130,1.50,0.000000,0.000000
07:08:09,828,-31.982681,115.819557,250000,5,916040000,7,18,-116,-130,-9.00,0.000000,0.000000
07:08:12,830,-31.982677,115.819595,250000,5,916040000,7,18,-115,-130,-6.25,0.000000,0.000000
07:08:13,831,-31.982681,115.819656,250000,5,916040000,7,18,-116,-124,-6.25,0.000000,0.000000
07:08:15,832,-31.982681,115.819656,250000,5,916040000,7,18,-115,-123,-5.25,0.000000,0.000000
07:08:16,833,-31.982666,115.819717,250000,5,916040000,7,18,-114,-131,-2.75,0.000000,0.000000
07:08:18,834,-31.982660,115.819740,250000,5,916040000,7,18,-113,-130,0.00,0.000000,0.000000
07:08:20,835,-31.982649,115.819771,250000,5,916040000,7,18,-114,-130,-2.75,0.000000,0.000000
07:08:21,836,-31.982647,115.819786,250000,5,916040000,7,18,-114,-110,-4.00,0.000000,0.000000
07:08:23,,sâ¸®@5â¸®â¸®Sâ¸®â¸®â¸®â¸®â¸®!â¸®qâ¸®â¸®7â¸®,250000,5,916040000,7,18,-115,-130,-12.25,0.000000,0.000000
07:08:24,838,-31.982643,115.819809,250000,5,916040000,7,18,-115,-124,-7.50,0.000000,0.000000
07:08:25,840,-31.982641,115.819878,250000,5,916040000,7,18,-115,-130,-5.75,0.000000,0.000000
07:08:29,841,-31.982611,115.819862,250000,5,916040000,7,18,-114,-130,-2.25,0.000000,0.000000
07:08:30,842,-31.982613,115.819908,250000,5,916040000,7,18,-115,-130,-4.75,0.000000,0.000000
07:08:32,843,-31.982613,115.819908,250000,5,916040000,7,18,-114,-112,-6.50,0.000000,0.000000
07:08:33,844,-31.982618,115.819946,250000,5,916040000,7,18,-113,-131,-0.50,0.000000,0.000000
07:08:34,846,-31.982624,115.819969,250000,5,916040000,7,18,-114,-112,-6.50,0.000000,0.000000
07:08:38,847,-31.982624,115.819969,250000,5,916040000,7,18,-113,-130,0.50,0.000000,0.000000
07:08:41,849,-31.982611,115.820007,250000,5,916040000,7,18,-115,-130,-7.25,0.000000,0.000000
07:08:42,850,-31.982557,115.820023,250000,5,916040000,7,18,-115,-110,-6.25,0.000000,0.000000
07:08:44,851,-31.982544,115.820007,250000,5,916040000,7,18,-113,-130,-1.25,0.000000,0.000000
07:08:46,852,-31.982510,115.820015,250000,5,916040000,7,18,-111,-130,2.25,0.000000,0.000000
07:08:47,853,-31.982494,115.820023,250000,5,916040000,7,18,-113,-130,-2.25,0.000000,0.000000
07:08:49,854,-31.982456,115.820015,250000,5,916040000,7,18,-115,-130,-6.75,0.000000,0.000000
07:08:49,855,-31.982441,115.820023,250000,5,916040000,7,18,-112,-116,2.00,0.000000,0.000000
07:08:52,856,-31.982420,115.820045,250000,5,916040000,7,18,-113,-124,-0.50,0.000000,0.000000
07:08:53,857,-31.982391,115.820038,250000,5,916040000,7,18,-110,-130,2.50,0.000000,0.000000
07:08:55,858,-31.982380,115.820045,250000,5,916040000,7,18,-113,-130,1.00,0.000000,0.000000
07:08:56,859,-31.982346,115.820084,250000,5,916040000,7,18,-114,-130,-1.00,0.000000,0.000000
07:08:58,860,-31.982346,115.820084,250000,5,916040000,7,18,-112,-124,1.50,0.000000,0.000000
07:08:59,861,-31.982309,115.820091,250000,5,916040000,7,18,-113,-130,1.00,0.000000,0.000000
07:09:01,862,-31.982309,115.820091,250000,5,916040000,7,18,-113,-130,-0.75,0.000000,0.000000
07:09:04,864,-31.982256,115.820068,250000,5,916040000,7,18,-108,-130,4.50,0.000000,0.000000
07:09:05,865,-31.982206,115.819962,250000,5,916040000,7,18,-113,-106,0.00,0.000000,0.000000
07:09:07,866,-31.982206,115.819962,250000,5,916040000,7,18,-116,-130,-9.00,0.000000,0.000000
07:09:09,8$%â¸®)â¸®â¸®râ¸®8>dâ¸®sJQ1U.X79885,250000,5,916040000,7,18,-116,-117,-8.00,0.000000,0.000000
07:09:10,868,-31.982155,115.81â¸®1â¸®5,250000,5,916040000,7,18,-116,-130,-9.50,0.000000,0.000000
07:09:11,869,-31.982124,115.819870,250000,5,916040000,7,18,-110,-111,3.25,0.000000,0.000000
07:09:12,870,-31.982109,115.819878,250000,5,916040000,7,18,-112,-110,-0.25,0.000000,0.000000
07:09:15,871,-31.982105,115.819984,250000,5,916040000,7,18,-115,-116,-3.50,0.000000,0.000000
07:09:15,872,-31.982079,115.820076,250000,5,916040000,7,18,-113,-131,-0.50,0.000000,0.000000
07:09:18,873,-31.982029,115.820137,250000,5,916040000,7,18,-113,-130,-0.75,0.000000,0.000000
07:09:18,874,-31.981960,115.820229,250000,5,916040000,7,18,-114,-129,-4.00,0.000000,0.000000
07:09:21,875,-31.981943,115.820236,250000,5,916040000,7,18,-111,-112,2.25,0.000000,0.000000
07:09:22,876,-31.981905,115.820259,250000,5,916040000,7,18,-109,-130,4.75,0.000000,0.000000
07:09:24,877,-31.981890,115.820274,250000,5,916040000,7,18,-111,-116,1.50,0.000000,0.000000
07:09:24,878,-31.981857,115.820282,250000,5,916040000,7,18,-105,-116,6.50,0.000000,0.000000
07:09:27,879,-31.981857,115.820282,250000,5,916040000,7,18,-109,-130,3.75,0.000000,0.000000
07:09:28,880,-31.981810,115.820259,250000,5,916040000,7,18,-109,-130,4.25,0.000000,0.000000
07:09:30,881,-31.981810,115.820259,250000,5,916040000,7,18,-103,-124,8.25,0.000000,0.000000
07:09:31,882,-31.981762,115.820236,250000,5,916040000,7,18,-110,-130,2.25,0.000000,0.000000
07:09:33,883,-31.981743,115.820244,250000,5,916040000,7,18,-109,-116,4.50,0.000000,0.000000
07:09:35,884,-31.981701,115.820274,250000,5,916040000,7,18,-114,-116,-2.00,0.000000,0.000000
07:09:36,885,-31.981686,115.820282,250000,5,916040000,7,18,-111,-129,2.25,0.000000,0.000000
07:09:38,886,-31.981657,115.820282,250000,5,916040000,7,18,-104,-130,6.75,0.000000,0.000000
07:09:38,887,-31.981642,115.820282,250000,5,916040000,7,18,-107,-131,5.25,0.000000,0.000000
07:09:41,888,-31.981611,115.820312,250000,5,916040000,7,18,-105,-130,6.00,0.000000,0.000000
07:09:42,889,-31.981623,115.820312,250000,5,916040000,7,18,-109,-130,4.00,0.000000,0.000000
07:09:44,890,-31.981615,115.820290,250000,5,916040000,7,18,-103,-108,7.25,0.000000,0.000000
07:09:45,891,-31.981604â¸®1 â¸®â¸®â¸®â¸®6â¸®_â¸®,250000,5,916040000,7,18,-116,-116,-11.75,0.000000,0.000000
07:09:47,892,-31.981604,115.820259,250000,5,916040000,7,18,-105,-124,6.50,0.000000,0.000000
07:09:48,893,-31.981575,115.820251,250000,5,916040000,7,18,-101,-110,8.50,0.000000,0.000000
07:09:50,894,-31.981575,115.820251,250000,5,916040000,7,18,-109,-131,4.50,0.000000,0.000000
07:09:51,895,-31.981541,115.820175,250000,5,916040000,7,18,-104,-112,7.25,0.000000,0.000000
07:09:53,896,-31.981541,115.820175,250000,5,916040000,7,18,-103,-130,7.25,0.000000,0.000000
07:09:54,897,-31.981503,115.820137,250000,5,916040000,7,18,-104,-128,7.25,0.000000,0.000000
07:09:56,898,-31.981503,115.820137,250000,5,916040000,7,18,-98,-129,9.00,0.000000,0.000000
07:09:57,899,-31.981480,115.820114,250000,5,916040000,7,18,-100,-128,7.75,0.000000,0.000000
07:09:59,900,-31.981476,115.820114,250000,5,916040000,7,18,-98,-130,8.75,0.000000,0.000000
07:10:01,901,-31.981462,115.820091,250000,5,916040000,7,18,-100,-110,8.50,0.000000,0.000000
07:10:01,902,-31.981459,115.820091,250000,5,916040000,7,18,-98,-116,8.00,0.000000,0.000000
07:10:04,903,-31.981447,115.820099,250000,5,916040000,7,18,-98,-111,9.00,0.000000,0.000000
07:10:04,904,-31.981449,115.820099,250000,5,916040000,7,18,-93,-130,9.25,0.000000,0.000000
07:10:07,905,-31.981466,115.820045,250000,5,916040000,7,18,-95,-128,8.75,0.000000,0.000000
07:10:08,906,-31.981482,115.819992,250000,5,916040000,7,18,-98,-128,8.75,0.000000,0.000000
07:10:10,907,-31.981482,115.819992,250000,5,916040000,7,18,-95,-112,8.75,0.000000,0.000000
07:10:11,908,-31.981470,115.819885,250000,5,916040000,7,18,-101,-130,8.00,0.000000,0.000000
07:10:13,909,-31.981457,115.819855,250000,5,916040000,7,18,-87,-128,10.00,0.000000,0.000000
07:10:14,910,-31.981443,115.819794,250000,5,916040000,7,18,-96,-128,8.00,0.000000,0.000000
07:10:16,911,-31.981443,115.819794,250000,5,916040000,7,18,-87,-110,9.75,0.000000,0.000000
07:10:17,912,-31.981443,115.819733,250000,5,916040000,7,18,-84,-108,10.00,0.000000,0.000000
07:10:19,913,-31.981443,115.819733,250000,5,916040000,7,18,-101,-128,7.50,0.000000,0.000000
07:10:20,914,-31.981419,115.819664,250000,5,916040000,7,18,-92,-130,9.25,0.000000,0.000000
07:10:22,915,-31.981419,115.819664,250000,5,916040000,7,18,-93,-129,9.50,0.000000,0.000000
07:10:23,916,-31.981413,115.819603,250000,5,916040000,7,18,-94,-129,9.25,0.000000,0.000000
07:10:25,917,-31.981413,115.819588,250000,5,916040000,7,18,-92,-112,9.25,0.000000,0.000000
07:10:27,918,-31.981417,115.819542,250000,5,916040000,7,18,-87,-130,10.25,0.000000,0.000000
07:10:27,919,-31.981417,115.819534,250000,5,916040000,7,18,-86,-110,9.75,0.000000,0.000000
07:10:29,920,-31.981396,115.819534,250000,5,916040000,7,18,-87,-131,10.25,0.000000,0.000000
07:10:30,921,-31.981384,115.819542,250000,5,916040000,7,18,-87,-130,10.25,0.000000,0.000000
07:10:33,922,-31.981358,115.819557,250000,5,916040000,7,18,-76,-124,9.75,0.000000,0.000000
07:10:34,923,-31.981316,115.819550,250000,5,916040000,7,18,-84,-130,10.50,0.000000,0.000000
07:10:36,924,-31.981297,115.819557,250000,5,916040000,7,18,-76,-104,10.00,0.000000,0.000000