07:12:10,0,-31.977701,115.816216,250000,5,916040000,8,20,-54,-130,12.00,0.000000,0.000000
07:12:17,1,-31.977684,115.816216,250000,5,916040000,8,20,-44,-130,12.25,0.000000,0.000000
07:12:18,2,-31.977636,115.816223,250000,5,916040000,8,20,-47,-106,12.25,0.000000,0.000000
07:12:20,3,-31.977636,115.816223,250000,5,916040000,8,20,-53,-105,12.50,0.000000,0.000000
07:12:21,4,-31.977861,115.816185,250000,5,916040000,8,20,-53,-107,12.00,0.000000,0.000000
07:12:23,5,-31.977861,115.816185,250000,5,916040000,8,20,-56,-129,11.25,0.000000,0.000000
07:12:24,6,-31.978205,115.816086,250000,5,916040000,8,20,-41,-105,12.25,0.000000,0.000000
07:12:26,7,-31.978216,115.816055,250000,5,916040000,8,20,-40,-108,12.25,0.000000,0.000000
07:12:28,8,-31.978056,115.815933,250000,5,916040000,8,20,-38,-130,12.25,0.000000,0.000000
07:12:29,9,-31.977833,115.816025,250000,5,916040000,8,20,-44,-108,12.00,0.000000,0.000000
07:12:31,10,-31.977833,115.816025,250000,5,916040000,8,20,-38,-106,10.75,0.000000,0.000000
07:12:31,11,-31.977615,115.816162,250000,5,916040000,8,20,-41,-112,12.25,0.000000,0.000000
07:12:34,12,-31.977615,115.816162,250000,5,916040000,8,20,-38,-130,12.25,0.000000,0.000000
07:12:35,13,-31.977610,115.816139,250000,5,916040000,8,20,-39,-107,12.75,0.000000,0.000000
07:12:37,14,-31.977610,115.816139,250000,5,916040000,8,20,-38,-131,11.75,0.000000,0.000000
07:12:38,15,-31.977648,115.816132,250000,5,916040000,8,20,-43,-130,12.50,0.000000,0.000000
07:12:40,16,-31.977671,115.816132,250000,5,916040000,8,20,-43,-130,12.50,0.000000,0.000000
07:12:41,17,-31.977690,115.816124,250000,5,916040000,8,20,-40,-130,12.50,0.000000,0.000000
07:12:43,18,-31.977701,115.816132,250000,5,916040000,8,20,-44,-130,12.50,0.000000,0.000000
07:12:45,19,-31.977701,115.816132,250000,5,916040000,8,20,-43,-130,12.25,0.000000,0.000000
07:12:45,20,-31.977732,115.816116,250000,5,916040000,8,20,-46,-109,11.25,0.000000,0.000000
07:12:48,21,-31.977732,115.816116,250000,5,916040000,8,20,-40,-130,12.25,0.000000,0.000000
07:12:48,22,-31.977760,115.816116,250000,5,916040000,8,20,-54,-107,12.50,0.000000,0.000000
07:12:51,23,-31.977760,115.816116,250000,5,916040000,8,20,-46,-130,9.25,0.000000,0.000000
07:12:52,24,-31.977787,115.816124,250000,5,916040000,8,20,-46,-130,12.50,0.000000,0.000000
07:12:54,25,-31.977793,115.816132,250000,5,916040000,8,20,-44,-131,12.25,0.000000,0.000000
07:12:54,26,-31.977802,115.816147,250000,5,916040000,8,20,-54,-130,12.00,0.000000,0.000000
07:12:57,27,-31.977802,115.816154,250000,5,916040000,8,20,-45,-131,11.75,0.000000,0.000000
07:12:59,28,-31.977816,115.816170,250000,5,916040000,8,20,-44,-112,11.75,0.000000,0.000000
07:13:00,29,-31.977818,115.816185,250000,5,916040000,8,20,-30,-131,12.75,0.000000,0.000000
07:13:02,30,-31.977818,115.816185,250000,5,916040000,8,20,-34,-107,12.50,0.000000,0.000000
07:13:02,31,-31.977833,115.816185,250000,5,916040000,8,20,-55,-112,12.00,0.000000,0.000000
07:13:05,32,-31.977833,115.816185,250000,5,916040000,8,20,-47,-131,12.25,0.000000,0.000000
07:13:06,33,-31.977846,115.816200,250000,5,916040000,8,20,-46,-106,12.75,0.000000,0.000000
07:13:08,34,-31.977842,115.816208,250000,5,916040000,8,20,-64,-131,12.00,0.000000,0.000000
07:13:09,35,-31.977839,115.816208,250000,5,916040000,8,20,-55,-107,11.25,0.000000,0.000000
07:13:11,36,-31.977842,115.816200,250000,5,916040000,8,20,-56,-130,12.50,0.000000,0.000000
07:13:13,37,-31.977856,115.816200,250000,5,916040000,8,20,-69,-130,12.00,0.000000,0.000000
07:13:14,38,-31.977867,115.816185,250000,5,916040000,8,20,-71,-130,11.25,0.000000,0.000000
07:13:16,39,-31.977867,115.816185,250000,5,916040000,8,20,-75,-130,11.25,0.000000,0.000000
07:13:17,40,-31.977879,115.816177,250000,5,916040000,8,20,-78,-112,12.00,0.000000,0.000000
07:13:19,41,-31.977879,115.816177,250000,5,916040000,8,20,-62,-130,12.25,0.000000,0.000000
07:13:19,42,-31.977886,115.816162,250000,5,916040000,8,20,-62,-112,12.25,0.000000,0.000000
07:13:22,43,-31.977886,115.816162,250000,5,916040000,8,20,-65,-112,12.00,0.000000,0.000000
07:13:23,44,-31.977882,115.816154,250000,5,916040000,8,20,-63,-112,12.50,0.000000,0.000000
07:13:25,45,-31.977880,115-816154,250000,5,916040000,8,20,-70,-112,4.75,0.000000,0.000000
07:13:26,46,-31.977882,115.816147,250000,5,916040000,8,20,-73,-112,12.00,0.000000,0.000000
07:13:28,47,-31.977886,115.816132,250000,5,916040000,8,20,-81,-130,11.75,0.000000,0.000000
07:13:29,48,-31.977886,115.816132,250000,5,916040000,8,20,-71,-130,12.00,0.000000,0.000000
07:13:30,49,-31.977879,115.816109,250000,5,916040000,8,20,-83,-108,12.25,0.000000,0.000000
07:13:33,50,-31.977879,115.816109,250000,5,916040000,8,20,-73,-130,12.50,0.000000,0.000000
07:13:33,51,-31.977894,115.816109,250000,5,916040000,8,20,-75,-111,10.75,0.000000,0.000000
07:13:36,52,-31.977894,115.816109,250000,5,916040000,8,20,-79,-130,12.25,0.000000,0.000000
07:13:36,53,-31.977894,115.816124,250000,5,916040000,8,20,-87,-130,11.75,0.000000,0.000000
07:13:39,54,-31.977894,115.816139,250000,5,916040000,8,20,-87,-130,12.00,0.000000,0.000000
07:13:40,55,-31.977894,115.816177,250000,5,916040000,8,20,-88,-130,13.75,0.000000,0.000000
07:13:42,56,-31.977898,115.816185,250000,5,916040000,8,20,-83,-107,12.50,0.000000,0.000000
07:13:44,57,-31.977901,115.816193,250000,5,916040000,8,20,-84,-130,14.50,0.000000,0.000000
07:13:44,58,-31.977911,115.816177,250000,5,916040000,8,20,-87,-130,12.25,0.000000,0.000000
07:13:47,59,-31.977911,115.816177,250000,5,916040000,8,20,-75,-130,12.25,0.000000,0.000000
07:13:48,60,-31.977919,115.816170,250000,5,916040000,8,20,-76,-130,11.25,0.000000,0.000000
07:13:50,61,-31.977919,115.816170,250000,5,916040000,8,20,-81,-131,12.25,0.000000,0.000000
07:13:51,62,-31.977932,115.816162,250000,5,916040000,8,20,-82,-130,12.50,0.000000,0.000000
07:13:53,63,-31.977926,115.816162,250000,5,916040000,8,20,-93,-131,11.25,0.000000,0.000000
07:13:54,64,-31.977911,115.816200,250000,5,916040000,8,20,-88,-130,12.50,0.000000,0.000000
07:13:56,65,-31.977907,115.816231,250000,5,916040000,8,20,-92,-105,11.25,0.000000,0.000000
07:13:58,66,-31.977919,115.816269,250000,5,916040000,8,20,-85,-130,12.25,0.000000,0.000000
07:13:59,67,-31.977926,115.816315,250000,5,916040000,8,20,-86,-130,12.00,0.000000,0.000000
07:14:01,68,-31.977924,115.816322,250000,5,916040000,8,20,-87,-131,11.00,0.000000,0.000000
07:14:01,69,-31.977921,115.816307,250000,5,916040000,8,20,-73,-130,12.25,0.000000,0.000000
07:14:04,70,-31.977921,115.816307,250000,5,916040000,8,20,-80,-100,12.25,0.000000,0.000000
07:14:04,71,-31.977924,115.816277,250000,5,916040000,8,20,-70,-130,12.25,0.000000,0.000000
07:14:07,72,-31.977924,115.816277,250000,5,916040000,8,20,-71,-110,10.25,0.000000,0.000000
07:14:08,73,-31.977898,115.816147,250000,5,916040000,8,20,-73,-106,12.50,0.000000,0.000000
07:14:10,74,-31.977892,115.816132,250000,5,916040000,8,20,-69,-110,12.25,0.000000,0.000000
07:14:10,75,-31.977905,115.816101,250000,5,916040000,8,20,-76,-106,11.00,0.000000,0.000000
07:14:13,76,-31.977898,115.816086,250000,5,916040000,8,20,-71,-101,11.00,0.000000,0.000000
07:14:22,2,-31.977823,115.816170,250000,5,916040000,8,20,-67,-130,10.75,0.000000,0.000000
07:14:23,3,-31.977812,115.816185,250000,5,916040000,8,20,-79,-132,11.50,0.000000,0.000000
07:14:24,4,-31.977806,115.816216,250000,5,916040000,8,20,-66,-130,11.75,0.000000,0.000000
07:14:27,5,-31.977806,115.816216,250000,5,916040000,8,20,-68,-130,12.50,0.000000,0.000000
07:14:27,6,-31.977798,115.816269,250000,5,916040000,8,20,-80,-130,12.00,0.000000,0.000000
07:14:30,7,-31.977798,115.816269,250000,5,916040000,8,20,-72,-106,10.75,0.000000,0.000000
07:14:30,8,-31.977804,115.816315,250000,5,916040000,8,20,-73,-106,12.75,0.000000,0.000000
07:14:33,9,-31.977804,115.816315,250000,5,916040000,8,20,-78,-104,11.75,0.000000,0.000000
07:14:34,10,-31.977804,115.816368,250000,5,916040000,8,20,-76,-106,11.75,0.000000,0.000000
07:14:36,11,-31.977798,115.816376,250000,5,916040000,8,20,-74,-108,12.25,0.000000,0.000000
07:14:38,12,-31.977798,115.816399,250000,5,916040000,8,20,-72,-106,11.50,0.000000,0.000000
07:14:39,13,-31.977791,115.816414,250000,5,916040000,8,20,-77,-112,12.00,0.000000,0.000000
07:14:41,14,-31.977791,115.816414,250000,5,916040000,8,20,-77,-130,12.00,0.000000,0.000000
07:14:42,15,-31.977768,115.816444,250000,5,916040000,8,20,-79,-130,12.00,0.000000,0.000000
07:14:44,16,-31.977768,115.816444,250000,5,916040000,8,20,-82,-130,10.50,0.000000,0.000000
07:14:44,17,-31.977774,115.816444,250000,5,916040000,8,20,-92,-111,10.50,0.000000,0.000000
07:14:47,18,-31.977774,115.816444,250000,5,916040000,8,20,-84,-131,12.50,0.000000,0.000000
07:14:48,19,-31.977755,115.816460,250000,5,916040000,8,20,-95,-129,9.00,0.000000,0.000000
07:14:50,20,-31.977755,115.816460,250000,5,916040000,8,20,-89,-130,10.75,0.000000,0.000000
07:14:51,21,-31.977716,115.816483,250000,5,916040000,8,20,-93,-130,10.25,0.000000,0.000000
07:14:53,22,-31.977678,115.816505,250000,5,916040000,8,20,-94,-107,11.25,0.000000,0.000000
07:14:55,23,-31.977678,115.816505,250000,5,916040000,8,20,-91,-130,12.00,0.000000,0.000000
07:14:55,24,-31.977623,115.816513,250000,5,916040000,8,20,-91,-130,12.00,0.000000,0.000000
07:14:58,25,-31.977623,115.816513,250000,5,916040000,8,20,-96,-130,9.75,0.000000,0.000000
07:14:59,26,-31.977573,115.816505,250000,5,916040000,8,20,-109,-107,1.50,0.000000,0.000000
07:15:01,27,-31.977573,115.816505,250000,5,916040000,8,20,-94,-106,11.00,0.000000,0.000000
07:15:02,28,-31.977520,115.816513,250000,5,916040000,8,20,-98,-111,9.75,0.000000,0.000000
07:15:04,29,-31.977510,115.816513,250000,5,916040000,8,20,-95,-129,10.75,0.000000,0.000000
07:15:05,30,-31.977482,115.816505,250000,5,916040000,8,20,-95,-131,9.75,0.000000,0.000000
07:15:07,31,-31.977468,115.816505,250000,5,916040000,8,20,-99,-112,10.50,0.000000,0.000000
07:15:09,32,-31.977434,115.816513,250000,5,916040000,8,20,-102,-130,7.50,0.000000,0.000000
07:15:09,33,-31.977404,115.816513,250000,5,916040000,8,20,-92,-112,11.50,0.000000,0.000000
07:15:11,34,-31.977404,115.816513,250000,5,916040000,8,20,-96,-129,10.75,0.000000,0.000000
07:15:12,35,-31.977375,115.816513,250000,5,916040000,8,20,-99,-112,9.00,0.000000,0.000000
07:15:15,36,-31.977375,115.816513,250000,5,916040000,8,20,-96,-106,10.50,0.000000,0.000000
07:15:16,37,-31.977333,115.816528,250000,5,916040000,8,20,-97,-130,8.75,0.000000,0.000000
07:15:18,38,-31.977316,115.816528,250000,5,916040000,8,20,-105,-132,5.00,0.000000,0.000000
07:15:18,39,-31.977282,115.816528,250000,5,916040000,8,20,-100,-130,9.25,0.000000,0.000000
07:15:21,40,-31.977272,115.816528,250000,5,916040000,8,20,-105,-130,5.50,0.000000,0.000000
07:15:23,41,-31.977245,115.816513,250000,5,916040000,8,20,-101,-131,7.50,0.000000,0.000000
07:15:24,42,-31.977219,115.816521,250000,5,916040000,8,20,-110,-130,-1.25,0.000000,0.000000
07:15:26,43,-31.977219,115.816521,250000,5,916040000,8,20,-109,-105,-2.50,0.000000,0.000000
07:15:26,44,-31.977194,115.816513,250000,5,916040000,8,20,-108,-131,0.25,0.000000,0.000000
07:15:29,45,-31.977194,115.816513,250000,5,916040000,8,20,-109,-112,-0.25,0.000000,0.000000
07:15:29,46,-31.977177,115.816513,250000,5,916040000,8,20,-109,-130,-0.25,0.000000,0.000000
07:15:32,47,-31.977177,115.8165,250000,5,916040000,8,20,-113,-130,-11.25,0.000000,0.000000
07:15:33,48,-31.977171,115.816521,250000,5,916040000,8,20,-108,-129,0.75,0.000000,0.000000
07:15:35,49,-31+977167,115N816u28,250000,5,916040000,8,20,-107,-130,-0.50,0.000000,0.000000
07:15:36,50,-31.977161,115.816551,250000,5,916040000,8,20,-109,-105,1.50,0.000000,0.000000
07:15:38,51,-31.977139,115.816574,250000,5,916040000,8,20,-112,-129,-3.50,0.000000,0.000000
07:15:40,52,-31.977139,115.816574,250000,5,916040000,8,20,-111,-110,-0.50,0.000000,0.000000
07:15:40,53,-31.977118,115.816620,250000,5,916040000,8,20,-108,-131,3.25,0.000000,0.000000
07:15:43,54,-31.977118,115.816620,250000,5,916040000,8,20,-110,-130,-1.00,0.000000,0.000000
07:15:43,55,-31.977072,115.816681,250000,5,916040000,8,20,-112,-103,-4.75,0.000000,0.000000
07:15:46,56,-31.977072,115.816681,250000,5,916040000,8,20,-110,-130,0.50,0.000000,0.000000
07:15:47,57,-31.977039,115.816734,250000,5,916040000,8,20,-103,-130,7.00,0.000000,0.000000
07:15:49,58,-31.977041,115.816757,250000,5,916040000,8,20,-104,-130,-1.25,0.000000,0.000000
07:15:50,59,-31.977024,115.816795,250000,5,916040000,8,20,-111,-130,0.25,0.000000,0.000000
07:15:52,60,-31.977022,115.816811,250000,5,916040000,8,20,-108,-131,2.00,0.000000,0.000000
07:15:53,61,-31.977011,115.816849,250000,5,916040000,8,20,-113,-131,-7.50,0.000000,0.000000
07:15:54,62,-31.977016,115.81Vâ¸®â¸®6,250000,5,916040000,8,20,-112,-130,-10.25,0.000000,0.000000
07:15:57,63,-31.977016,115.816872,250000,5,916040000,8,20,-110,-112,2.25,0.000000,0.000000
07:15:57,64,-31.977001,115.816917,250000,5,916040000,8,20,-109,-131,3.00,0.000000,0.000000
07:16:00,65,-31.977001,115.816917,250000,5,916040000,8,20,-107,-111,3.75,0.000000,0.000000
07:16:00,66,-31.976984,115.816971,250000,5,916040000,8,20,-108,-103,1.50,0.000000,0.000000
07:16:03,67,-31.976974,115.816986,250000,5,916040000,8,20,-111,-114,-0.50,0.000000,0.000000
07:16:04,68,-31.976959,115.817017,250000,5,916040000,8,20,-111,-130,-2.25,0.000000,0.000000
07:16:06,69,-31.976955,115N817332,250000,5,916040000,8,20,-112,-109,-5.25,0.000000,0.000000
07:16:08,70,-31.976944,115.817062,250000,5,916040000,8,20,-108,-130,2.75,0.000000,0.000000
07:16:09,71,-31.976961,115.817093,250000,5,916040000,8,20,-111,-130,-3.25,0.000000,0.000000
07:16:11,72,-31.976961,115.817093,250000,5,916040000,8,20,-112,-131,-5.25,0.000000,0.000000
07:16:12,73,-31.977018,115.817108,250000,5,916040000,8,20,-106,-130,4.50,0.000000,0.000000
07:16:14,74,-31.977018,115.817108,250000,5,916040000,8,20,-105,-130,6.50,0.000000,0.000000
07:16:15,75,-31.977077,115.817116,250000,5,916040000,8,20,-104,-106,7.50,0.000000,0.000000
07:16:17,76,-31.977077,115.817116,250000,5,916040000,8,20,-112,-112,-4.00,0.000000,0.000000
07:16:18,â¸®7â¸®â¸®â¸®8â¸®97â¸®â¸®â¸®4,115.817116,250000,5,916040000,8,20,-113,-130,-10.75,0.000000,0.000000
07:16:20,78,-31.977119,115.817123,250000,5,916040000,8,20,-112,-111,-5.50,0.000000,0.000000
07:16:21,79,-31.977135,115.817131,250000,5,916040000,8,20,-107,-131,4.25,0.000000,0.000000
07:16:23,80,-31.977165,115.817139,250000,5,916040000,8,20,-108,-130,2.75,0.000000,0.000000
07:16:25,81,-31.977165,115.817139,250000,5,916040000,8,20,-110,-114,1.50,0.000000,0.000000
07:16:25,82,-31.977226,115.817154,250000,5,916040000,8,20,-107,-131,4.75,0.000000,0.000000
07:16:28,8c,-31.977226,115.817154,250000,5,916040000,8,20,-110,-130,-1.00,0.000000,0.000000
07:16:28,84,-31.977276,115.817169,250000,5,916040000,8,20,-113,-130,-7.50,0.000000,0.000000
07:16:31,85,-31.977276,115.817169,250000,5,916040000,8,20,-104,-130,7.75,0.000000,0.000000
07:16:32,86,-31.977333,115.817192,250000,5,916040000,8,20,-111,-131,-0.75,0.000000,0.000000
07:16:34,87,-31.977350,115.817192,250000,5,916040000,8,20,-107,-130,4.75,0.000000,0.000000
07:16:35,88,-31.977390,115.817200,250000,5,916040000,8,20,-108,-131,3.50,0.000000,0.000000
07:16:37,89,-31.977404,115.817207,250000,5,916040000,8,20,-108,-130,3.25,0.000000,0.000000
07:16:39,90,-31.977432,115.817207,250000,5,916040000,8,20,-103,-130,7.75,0.000000,0.000000
07:16:39,91,-31.977453,115.817207,250000,5,916040000,8,20,-109,-131,2.25,0.000000,0.000000
07:16:42,92,-31.977453,115.817207,250000,5,916040000,8,20,-112,-130,-2.75,0.000000,0.000000
07:16:42,93,-31.977488,115.817215,250000,5,916040000,8,20,-103,-106,7.75,0.000000,0.000000
07:16:45,94,-31.977488,115.817215,250000,5,916040000,8,20,-99,-116,10.00,0.000000,0.000000
07:16:46,95,-31.977528,115.817230,250000,5,916040000,8,20,-101,-106,9.00,0.000000,0.000000
07:16:48,96,-31.977541,115.817238,250000,5,916040000,8,20,-110,-114,3.00,0.000000,0.000000
07:16:48,97,-31.977573,115.817238,250000,5,916040000,8,20,-101,-111,9.25,0.000000,0.000000
07:16:51,98,-31.977591,115.817230,250000,5,916040000,8,20,-110,-105,0.50,0.000000,0.000000
07:16:53,99,-31.977621,115.817230,250000,5,916040000,8,20,-100,-130,9.50,0.000000,0.000000
07:16:54,100,-31.977646,115.817230,250000,5,916040000,8,20,-103,-130,7.25,0.000000,0.000000
07:16:56,101,-31.977646,115.817230,250000,5,916040000,8,20,-111,-111,-2.25,0.000000,0.000000
07:16:56,102,-31.977686,115.817245,250000,5,916040000,8,20,-100,-110,9.25,0.000000,0.000000
07:16:59,103,-31.977686,115.817245,250000,5,916040000,8,20,-111,-130,-2.25,0.000000,0.000000
07:17:00,104,-31.977732,115.817253,250000,5,916040000,8,20,-107,-130,5.00,0.000000,0.000000
07:17:02,105,-31.977745,115.817253,250000,5,916040000,8,20,-102,-112,7.50,0.000000,0.000000
07:17:03,106,-31.977781,115.817261,250000,5,916040000,8,20,-106,-114,5.25,0.000000,0.000000
07:17:05,107,â¸®31$)â¸®hâ¸®2â¸®â¸®<5.817268,250000,5,916040000,8,20,-113,-107,-11.25,0.000000,0.000000
07:17:07,108,-31.977814,115.817261,250000,5,916040000,8,20,-109,-129,2.00,0.000000,0.000000
07:17:07,109,-31.977827,115.817261,250000,5,916040000,8,20,-107,-107,4.25,0.000000,0.000000
07:17:10,110,-31.977827,115.817261,250000,5,916040000,8,20,-103,-130,7.00,0.000000,0.000000
07:17:10,111,-31.977842,115.817268,250000,5,916040000,8,20,-107,-107,3.50,0.000000,0.000000
07:17:13,112,-31.977842,115.817268,250000,5,916040000,8,20,-103,-130,7.75,0.000000,0.000000
07:17:14,113,-31.977825,115.817253,250000,5,916040000,8,20,-106,-128,6.25,0.000000,0.000000
07:17:16,114,-31.977844,115.817245,250000,5,916040000,8,20,-104,-128,7.00,0.000000,0.000000
07:17:16,115,-31.977871,115.817238,250000,5,916040000,8,20,-104,-107,7.50,0.000000,0.000000
07:17:19,116,-31.977890,115.817230,250000,5,916040000,8,20,-109,-130,2.75,0.000000,0.000000
07:17:21,117,-31.977932,115.817238,250000,5,916040000,8,20,-106,-111,4.75,0.000000,0.000000
07:17:21,118,-31.977968,115.817215,250000,5,916040000,8,20,-108,-112,3.00,0.000000,0.000000
07:17:24,119,-31.977968,115.817215,250000,5,916040000,8,20,-102,-112,7.50,0.000000,0.000000
07:17:24,120,-31.977987,115.817162,250000,5,916040000,8,20,-99,-129,9.75,0.000000,0.000000
07:17:27,121,-31.977987,115.817162,250000,5,916040000,8,20,-105,-128,6.75,0.000000,0.000000
07:17:28,122,-31.977997,115.817123,250000,5,916040000,8,20,-109,-117,2.00,0.000000,0.000000
07:17:30,123,-31.978003,115.817116,250000,5,916040000,8,20,-104,-128,6.75,0.000000,0.000000
07:17:30,124,-31.978020,115.817101,250000,5,916040000,8,20,-105,-108,6.50,0.000000,0.000000
07:17:33,125,-31.978031,115.817093,250000,5,916040000,8,20,-99,-107,9.25,0.000000,0.000000
07:17:35,126,-31.978045,115.817078,250000,5,916040000,8,20,-102,-128,4.75,0.000000,0.000000
07:17:36,127,-31.978058,115.817039,250000,5,916040000,8,20,-104,-106,6.00,0.000000,0.000000
07:17:38,128,-31.978058,115.817039,250000,5,916040000,8,20,-108,-129,-3.00,0.000000,0.000000
07:17:38,129,-31.978065,115.816994,250000,5,916040000,8,20,-107,-128,3.00,0.000000,0.000000
07:17:41,130,-31.978065,115.816994,250000,5,916040000,8,20,-108,-128,3.25,0.000000,0.000000
07:17:42,131,-31.978086,115.816940,250000,5,916040000,8,20,-100,-99,5.25,0.000000,0.000000
07:17:44,132,-31.978092,115.816925,250000,5,916040000,8,20,-103,-129,7.75,0.000000,0.000000
07:17:45,133,-31.978106,115.816887,250000,5,916040000,8,20,-98,-128,9.25,0.000000,0.000000
07:17:47,134,-31.978109,115.816872,250000,5,916040000,8,20,-98,-106,10.00,0.000000,0.000000
07:17:49,135,-31.978113,115.816856,250000,5,916040000,8,20,-103,-129,7.75,0.000000,0.000000
07:17:49,136,-31.978127,115.816833,250000,5,916040000,8,20,-95,-107,10.75,0.000000,0.000000
07:17:52,137,-31.978127,115.816833,250000,5,916040000,8,20,-103,-129,7.50,0.000000,0.000000
07:17:52,138,-31.978128,115.816795,250000,5,916040000,8,20,-106,-129,4.25,0.000000,0.000000
07:17:55,139,-31.978128,115.816795,250000,5,916040000,8,20,-98,-112,10.00,0.000000,0.000000
07:17:56,140,-31.978128,115.816742,250000,5,916040000,8,20,-93,-110,11.25,0.000000,0.000000
07:17:58,141,-31.978127,115.816727,250000,5,916040000,8,20,-92,-129,8.50,0.000000,0.000000
07:17:59,142,-31.978117,115.816704,250000,5,916040000,8,20,-93,-112,11.00,0.000000,0.000000
07:18:01,143,-31.978111,115.816673,250000,5,916040000,8,20,-90,-130,12.00,0.000000,0.000000
07:18:03,144,-31.978111,115.816658,250000,5,916040000,8,20,-97,-129,9.25,0.000000,0.000000
07:18:03,145,-31.978113,115.816620,250000,5,916040000,8,20,-90,-101,8.25,0.000000,0.000000
07:18:06,146,-31.978113,115.816620,250000,5,916040000,8,20,-86,-112,11.50,0.000000,0.000000
07:18:06,147,-31.978128,115.816â¸®89,250000,5,916040000,8,20,-110,-108,-3.00,0.000000,0.000000
07:18:09,148,-31.978128,115.816589,250000,5,916040000,8,20,-97,-129,10.00,0.000000,0.000000
07:18:10,149,-31.978157,115.816574,250000,5,916040000,8,20,-91,-129,11.00,0.000000,0.000000
07:18:12,150,-31.978170,115.816566,250000,5,916040000,8,20,-92,-107,11.00,0.000000,0.000000
07:18:12,151,-31.978184,115.816551,250000,5,916040000,8,20,-102,-109,8.00,0.000000,0.000000
07:18:15,152,-31.978189,115.816536,250000,5,916040000,8,20,-96,-106,10.25,0.000000,0.000000
07:18:17,153,-31.978189,115.816536,250000,5,916040000,8,20,-91,-129,12.25,0.000000,0.000000
07:18:18,154,-31.978205,115.816528,250000,5,916040000,8,20,-100,-128,7.75,0.000000,0.000000
07:18:20,155,-31.978205,115.816528,250000,5,916040000,8,20,-92,-128,9.75,0.000000,0.000000
07:18:20,156,-31.978249,115.816528,250000,5,916040000,8,20,-100,-106,9.75,0.000000,0.000000
07:18:23,157,-31.978249,115.816528,250000,5,916040000,8,20,-96,-130,10.75,0.000000,0.000000
07:18:24,158,-31.978292,115.816528,250000,5,916040000,8,20,-104,-105,7.25,0.000000,0.000000
07:18:26,159,-31.978310,115.816528,250000,5,916040000,8,20,-99,-106,9.75,0.000000,0.000000
07:18:28,160,-31.978333,115.816521,250000,5,916040000,8,20,-97,-129,9.50,0.000000,0.000000
07:18:29,161,-31.978363,115.816521,250000,5,916040000,8,20,-98,-106,10.00,0.000000,0.000000
07:18:31,162,-31.978376,115.816521,250000,5,916040000,8,20,-104,-128,7.75,0.000000,0.000000
07:18:31,163,-31.978405,115.816513,250000,5,916040000,8,20,-95,-108,10.50,0.000000,0.000000
07:18:34,164,-31.978405,115.816513,250000,5,916040000,8,20,-94,-130,11.25,0.000000,0.000000
07:18:35,165,-31.978449,115.816505,250000,5,916040000,8,20,-104,-108,7.50,0.000000,0.000000
07:18:37,166,-31.978449,115.816505,250000,5,916040000,8,20,-95,-129,11.00,0.000000,0.000000
07:18:38,167,-31.978498,115.816490,250000,5,916040000,8,20,-98,-112,9.50,0.000000,0.000000
07:18:40,168,-31.978512,115.816490,250000,5,916040000,8,20,-93,-109,11.75,0.000000,0.000000
07:18:41,169,-31.978550,115.816475,250000,5,916040000,8,20,-103,-130,8.00,0.000000,0.000000
07:18:43,170,-31.978580,115.816460,250000,5,916040000,8,20,-102,-130,8.00,0.000000,0.000000
07:18:45,171,-31.978580,115.816460,250000,5,916040000,8,20,-96,-129,10.50,0.000000,0.000000
07:18:45,172,-31.978596,115.816452,250000,5,916040000,8,20,-101,-107,8.75,0.000000,0.000000
07:18:48,173,-31.978596,115.816452,250000,5,916040000,8,20,-96,-131,9.25,0.000000,0.000000
07:18:48,174,-31.978638,115.816422,250000,5,916040000,8,20,-100,-108,9.00,0.000000,0.000000
07:18:51,175,-31.978638,115.816422,250000,5,916040000,8,20,-99,-131,9.75,0.000000,0.000000
07:18:52,176,-31.978662,115.816383,250000,5,916040000,8,20,-107,-106,5.00,0.000000,0.000000
07:18:54,177,-31.978682,115.816368,250000,5,916040000,8,20,-98,-107,10.00,0.000000,0.000000
07:18:56,178,-31.978685,115.816368,250000,5,916040000,8,20,-99,-107,9.75,0.000000,0.000000
07:18:57,179,-31.978697,115.816368,250000,5,916040000,8,20,-100,-108,9.50,0.000000,0.000000
07:18:59,180,-31.978697,115.816368,250000,5,916040000,8,20,-108,-130,4.25,0.000000,0.000000
07:19:00,181,-31.978729,115.816360,250000,5,916040000,8,20,-102,-108,7.75,0.000000,0.000000
07:19:02,182,-31.978729,115.816360,250000,5,916040000,8,20,-102,-130,7.75,0.000000,0.000000
07:19:02,183,-31.978779,115.816338,250000,5,916040000,8,20,-107,-106,5.00,0.000000,0.000000
07:19:05,184,-31.978779,115.816338,250000,5,916040000,8,20,-106,-112,5.75,0.000000,0.000000
07:19:06,185,-31.978806,115.816307,250000,5,916040000,8,20,-104,-130,7.50,0.000000,0.000000
07:19:08,186,-31.978819,115.816299,250000,5,916040000,8,20,-105,-108,6.75,0.000000,0.000000
07:19:10,187,-31.978834,115.816292,250000,5,916040000,8,20,-101,-130,8.50,0.000000,0.000000
07:19:10,188,-31.978840,115.816277,250000,5,916040000,8,20,-106,-106,5.75,0.000000,0.000000
07:19:13,189,-31.978840,115.816277,250000,5,916040000,8,20,-105,-112,6.75,0.000000,0.000000
07:19:13,190,-31.978827,115.816277,250000,5,916040000,8,20,-106,-106,5.25,0.000000,0.000000
07:19:16,191,-31.978827,115.816277,250000,5,916040000,8,20,-106,-114,6.25,0.000000,0.000000
07:19:17,192,-31.978834,115.816254,250000,5,916040000,8,20,-106,-108,6.25,0.000000,0.000000
07:19:19,193,-31.978838,115.816246,250000,5,916040000,8,20,-111,-130,1.75,0.000000,0.000000
07:19:20,194,-31.978853,115.816238,250000,5,916040000,8,20,-107,-106,4.75,0.000000,0.000000
07:19:22,195,-31.978865,115.816231,250000,5,916040000,8,20,-108,-109,3.75,0.000000,0.000000
07:19:23,196,-31.978868,115.816208,250000,5,916040000,8,20,-101,-130,9.00,0.000000,0.000000
07:19:24,197,-31.978868,115.816193,250000,5,916040000,8,20,-112,-114,-7.25,0.000000,0.000000
07:19:27,198,-31.978868,115.816193,250000,5,916040000,8,20,-104,-130,7.00,0.000000,0.000000
07:19:28,199,-31.978874,115.816147,250000,5,916040000,8,20,-102,-130,7.75,0.000000,0.000000
07:19:30,200,-31.978874,115.816147,250000,5,916040000,8,20,-105,-130,6.50,0.000000,0.000000
07:19:30,201,-31.978872,115.816071,250000,5,916040000,8,20,-98,-106,10.50,0.000000,0.000000
07:19:33,202,-31.978870,115.81605â¸®,250000,5,916040000,8,20,-97,-107,-2.25,0.000000,0.000000
07:19:35,203,-31.978861,115.816010,250000,5,916040000,8,20,-112,-131,-5.00,0.000000,0.000000
07:19:36,204,-31.978865,115.815994,250000,5,916040000,8,20,-104,-112,8.00,0.000000,0.000000
07:19:38,205,-31.978861,115.815956,250000,5,916040000,8,20,-105,-112,6.75,0.000000,0.000000
07:19:38,206,-31.978853,115.815926,250000,5,916040000,8,20,-103,-107,8.00,0.000000,0.000000
07:19:41,207,-31.978853,115.815910,250000,5,916040000,8,20,-109,-131,3.00,0.000000,0.000000
07:19:42,208,-31.978872,115.815880,250000,5,916040000,8,20,-113,-114,-4.00,0.000000,0.000000
07:19:44,209,-31.978872,115.815880,250000,5,916040000,8,20,-112,-112,-3.50,0.000000,0.000000
07:19:45,210,-31.978918,115.815826,250000,5,916040000,8,20,-114,-131,-11.00,0.000000,0.000000
07:19:47,211,-31.978943,115.815811,250000,5,916040000,8,20,-111,-130,-1.00,0.000000,0.000000
07:19:48,213,-31.978998,115.815796,250000,5,916040000,8,20,-111,-130,-1.25,0.000000,0.000000
07:19:52,214,-31.978998,115.815796,250000,5,916040000,8,20,-113,-130,-0.75,0.000000,0.000000
07:19:52,215,-31.979038,115.815804,250000,5,916040000,8,20,-113,-131,-3.25,0.000000,0.000000
07:19:55,216,-31.979038,115.815804,250000,5,916040000,8,20,-113,-112,-7.00,0.000000,0.000000
07:19:56,217,-31.979078,115.815826,250000,5,916040000,8,20,-113,-106,-6.75,0.000000,0.000000
07:19:58,218,-31.979078,115.815826,250000,5,916040000,8,20,-110,-130,2.50,0.000000,0.000000
07:19:59,219,-31.979109,115.815887,250000,5,916040000,8,20,-114,-130,-9.50,0.000000,0.000000
07:20:01,220,-31.979107,115.815895,250000,5,916040000,8,20,-113,-130,-6.50,0.000000,0.000000
07:20:03,221,-31.979113,1â¸®â¸®â¸®0â¸®,250000,5,916040000,8,20,-113,-132,-13.50,0.000000,0.000000
07:20:03,â¸®2;)â¸®lâ¸®'|QA0<â¸®â¸®â¸®.8;Wp>,250000,5,916040000,8,20,-112,-106,-14.50,0.000000,0.000000
07:20:09,225,-31.979095,11â¸®.185964,250000,5,916040000,8,20,-113,-130,-12.25,0.000000,0.000000
07:20:12,227,-31.979105,115.815979,250000,5,916040000,8,20,-113,-131,-7.25,0.000000,0.000000
07:20:17,â¸®câ¸®%â¸®4â¸®â¸®â¸®â¸®OTâ¸®a@Tâ¸®â¸®5%â¸®â¸®,250000,5,916040000,8,20,-114,-130,-14.75,0.000000,0.000000
07:20:17,233,-31.979340,115.816109,250000,5,916040000,8,20,-113,-130,-6.25,0.000000,0.000000
07:20:23,234,-31.979340,115.816109,250000,5,916040000,8,20,-113,-130,-8.25,0.000000,0.000000
07:20:24,235,-31.979361,115.816147,250000,5,916040000,8,20,-113,-130,-11.75,0.000000,0.000000
07:20:26,236,-31.979361,1a5+h46147,250000,5,916040000,8,20,-113,-106,-11.50,0.000000,0.000000
07:20:27,237,-31.979382,115.816185,250000,5,916040000,8,20,-113,-107,-4.50,0.000000,0.000000
07:20:28,24<,-31.979353â¸®115.816254,250000,5,916040000,8,20,-112,-106,-7.00,0.000000,0.000000
07:20:34,241,-31.979353,115.816254,250000,5,916040000,8,20,-112,-130,-4.00,0.000000,0.000000
07:20:34,242,-31.979389,115.816284,250000,5,916040000,8,20,-109,-107,2.50,0.000000,0.000000
07:20:37,243,-31.979389,115.816284,250000,5,916040000,8,20,-106,-130,5.50,0.000000,0.000000
07:20:38,244,-31.979410,115.816299,250000,5,916040000,8,20,-104,-107,7.00,0.000000,0.000000
07:20:40,245,-31.979410,115.816299,250000,5,916040000,8,20,-110,-108,1.75,0.000000,0.000000
07:20:41,246,-31.979389,115.816322,250000,5,916040000,8,20,-110,-130,1.00,0.000000,0.000000
07:20:43,247,-31.979395,115.816322,250000,5,916040000,8,20,-113,-130,-8.75,0.000000,0.000000
07:20:45,248,-31.979404,115.816338,250000,5,916040000,8,20,-113,-112,-8.25,0.000000,0.000000
07:20:45,249,-â¸®2â¸®0794Râ¸®â¸®â¸®7:dâ¸®\0<,250000,5,916040000,8,20,-114,-109,-14.00,0.000000,0.000000
07:20:47,251,-31.979515,115.816383,250000,5,916040000,8,20,-112,-131,-8.50,0.000000,0.000000
07:20:51,252,-31.979515,115.817")2,250000,5,916040000,8,20,-113,-130,-13.75,0.000000,0.000000
07:20:52,253,-31.979567,115.816452,250000,5,916040000,8,20,-112,-105,-3.25,0.000000,0.000000
07:20:54,254,-31.979567,115.816452,250000,5,916040000,8,20,-113,-106,-10.25,0.000000,0.000000
07:20:54,V.2.â¸®:d`7â¸®#1t(:3â¸®â¸®-R,250000,5,916040000,8,20,-113,-130,-14.75,0.000000,0.000000
07:21:50,290,-31.977812,115.816231,250000,5,916040000,8,20,-112,-130,-12.00,0.000000,0.000000
07:21:55,293,-31.978836,115.816490,250000,5,916040000,8,20,-112,-130,-9.25,0.000000,0.000000
07:21:55,294,-31.979095,115.816505,250000,5,916040000,8,20,-110,-130,-9.25,0.000000,0.000000
07:21:58,295,-31.979095,115.816505,250000,5,916040000,8,20,-113,-132,-8.50,0.000000,0.000000
07:21:59,296,-31.979273,115.816483,250000,5,916040000,8,20,-113,-112,-9.00,0.000000,0.000000
07:22:01,2Yâ¸®$â¸®â¸®yd1g92â¸®câ¸®11â¸®.81V48#,250000,5,916040000,8,20,-113,-130,-12.00,0.000000,0.000000
07:22:02,300,-31.979443,115.816460,250000,5,916040000,8,20,-112,-111,-11.75,0.000000,0.000000
07:22:09,302,-31.979465,115.816452,250000,5,916040000,8,20,-112,-110,-7.25,0.000000,0.000000
07:22:15,306,-31.979507,115.816429,250000,5,916040000,8,20,-113,-130,-10.50,0.000000,0.000000
07:22:16,314,-31.979553,115.816376,250000,5,916040000,8,20,-113,-130,-12.00,0.000000,0.000000
07:22:29,315,-31.979553,115.816376,250000,5,916040000,8,20,-113,-130,-9.50,0.000000,0.000000
07:22:30,316,-31.979549,115.816376,250000,5,916040000,8,20,-112,-130,-8.00,0.000000,0.000000
07:22:34,318,-31.979557,115.816376,250000,5,916040000,8,20,-113,-112,-7.75,0.000000,0.000000
07:22:37,320,-31.979546,115.816360,250000,5,916040000,8,20,-112,-130,-8.75,0.000000,0.000000
07:22:37,321,-31.9=9523,1â¸®=â¸®â¸®16368,250000,5,916040000,8,20,-113,-103,-13.75,0.000000,0.000000
07:22:40,322,mQ7
;â¸®0â¸®[3,Qâ¸®-7â¸®16368,250000,5,916040000,8,20,-113,-130,-13.25,0.000000,0.000000
07:22:43,324,-31.979494,115.816338,250000,5,916040000,8,20,-112,-111,-8.00,0.000000,0.000000
07:22:45,325,-31.979456,115.816330,250000,5,916040000,8,20,-112,-130,-10.75,0.000000,0.000000
07:22:45,327,-31.979412,115.816322,250000,5,916040000,8,20,-112,-106,-8.25,0.000000,0.000000
07:22:54,â¸®â¸®â¸®â¸®8â¸®9794â¸®â¸®â¸®â¸®2â¸®:â¸®â¸®,250000,5,916040000,8,20,-111,-130,-14.00,0.000000,0.000000
07:22:57,333,-31.979431,115.816406,250000,5,916040000,8,20,-112,-130,-9.75,0.000000,0.000000
07:22:59,334,-31.979414,115.816399,250000,5,916040000,8,20,-112,-107,-6.75,0.000000,0.000000
07:23:00,335,-31.979395,115.816391,250000,5,916040000,8,20,-112,-106,-7.75,0.000000,0.000000
07:23:08,340,-31.9792bâ¸®pm15.8â¸®â¸®â¸®â¸®2,250000,5,916040000,8,20,-113,-131,-13.50,0.000000,0.000000
07:23:22,349,-31.979197,115.816154,250000,5,916040000,8,20,-111,-130,-6.75,0.000000,0.000000
07:23:23,350,â¸®â¸®1.12:77)7â¸®â¸®"62 3,250000,5,916040000,8,20,-113,-131,-13.25,0.000000,0.000000
07:23:24,353,-31.979284,115.81r74),250000,5,916040000,8,20,-112,-110,-13.50,0.000000,0.000000
07:23:29,354,-31.979313,115.816093,250000,5,916040000,8,20,-112,-130,-11.00,0.000000,0.000000
07:23:33,356,-31.â¸®â¸®5â¸®30,115.816071,250000,5,916040000,8,20,-113,-130,-7.25,0.000000,0.000000
07:23:36,358,-31.979353,115.816055,250000,5,916040000,8,20,-112,-130,-11.75,0.000000,0.000000
07:23:39,360,-31.979378,115.816010,250000,5,916040000,8,20,-112,-107,-8.00,0.000000,0.000000
07:23:42,362,-31.979410,115.815979,250000,5,916040000,8,20,-112,-130,-9.25,0.000000,0.000000
07:23:44,363,-31.979416,115.815964,250000,5,916040000,8,20,-112,-130,-7.50,0.000000,0.000000
07:23:44,364,-31.979464,115.815933,250000,5,916040000,8,20,-112,-108,-9.50,0.000000,0.000000
07:23:46,3â¸®â¸®,M31N979515,115-815903,250000,5,916040000,8,20,-112,-110,-13.50,0.000000,0.000000
07:23:50,367,-sq.â¸®79â¸®==â¸®0tâ¸®â¸®Gâ¸®,250000,5,916040000,8,20,-112,-130,-14.75,0.000000,0.000000
07:23:51,368,-s1.	â¸®â¸®â¸®â¸®â¸®â¸®ZUâ¸®â¸®;â¸® ,250000,5,916040000,8,20,-112,-106,-15.00,0.000000,0.000000
07:23:52,371,-31.)&87pqh155.81582f,250000,5,916040000,8,20,-111,-109,-13.50,0.000000,0.000000
07:24:57,t5pl)31.979807,115.815613,250000,5,916040000,8,20,-112,-112,-12.00,0.000000,0.000000
07:25:48,443,-31.i7ib69,115.816116,250000,5,916040000,8,20,-112,-108,-13.00,0.000000,0.000000
07:26:01,451,-31.979769,115.816116,250000,5,916040000,8,20,-111,-131,-12.75,0.000000,0.000000
07:26:07,4%=:(wYâ¸®
Yâ¸®â¸®iâ¸®aTp.>aâ¸®â¸®â¸®â¸®,250000,5,916040000,8,20,-112,-130,-14.25,0.000000,0.000000
07:26:08,456,-31.979769,115.81611,250000,5,916040000,8,20,-112,-130,-12.25,0.000000,0.000000
07:26:15,trp(-â¸®1.07931â¸®â¸®â¸®1aâ¸®91336â¸®,250000,5,916040000,8,20,-111,-130,-14.25,0.000000,0.000000
07:26:16,463,-31.979248,115.816376,250000,5,916040000,8,20,-112,-130,-8.50,0.000000,0.000000
07:26:21,464,-31.979248,115.816376,250000,5,916040000,8,20,-112,-111,-9.00,0.000000,0.000000
07:26:22,465,-31.979280,115.816399,250000,5,916040000,8,20,-113,-112,-10.25,0.000000,0.000000
07:26:26,467,-31.979292,115.816414,250000,5,916040000,8,20,-106,-106,4.00,0.000000,0.000000
07:26:26,468,-31.979290,115.816437,250000,5,916040000,8,20,-110,-108,-3.00,0.000000,0.000000
07:26:29,469,-31.979290,115.816437,250000,5,916040000,8,20,-108,-110,0.00,0.000000,0.000000
07:26:29,470,-31.979296,115.816452,250000,5,916040000,8,20,-109,-109,-2.75,0.000000,0.000000
07:26:32,471,-31.979296,115.816452,250000,5,916040000,8,20,-107,-130,3.75,0.000000,0.000000
07:26:33,472,-31.979294,115.816475,250000,5,916040000,8,20,-111,-107,-6.00,0.000000,0.000000
07:26:35,473,-31.979305,115.816475,250000,5,916040000,8,20,-111,-108,-2.25,0.000000,0.000000
07:26:37,474,-31.979315,115.816467,250000,5,916040000,8,20,-112,-130,-10.50,0.000000,0.000000
07:26:38,â¸®
<Oâ¸®â¸®â¸®â¸®â¸®jâ¸®4â¸®â¸®â¸®â¸®*â¸®R*â¸®,250000,5,916040000,8,20,-109,-111,-14.25,0.000000,0.000000
07:26:40,$67?-31.979328,115.81V4P6,250000,5,916040000,8,20,-112,-130,-12.75,0.000000,0.000000
07:26:40,479,-31.979256,115.816#,250000,5,916040000,8,20,-110,-106,-13.00,0.000000,0.000000
07:26:46,480,-31.979256,115.81622#,250000,5,916040000,8,20,-111,-130,-11.50,0.000000,0.000000
07:26:49,482,-31.979195,115.8034â¸®,250000,5,916040000,8,20,-112,-130,-13.25,0.000000,0.000000
07:26:51,483,-31.979214,115.816498,250000,5,916040000,8,20,-111,-130,-9.50,0.000000,0.000000
07:26:52,484,-31.979261,115.816559,250000,5,916040000,8,20,-111,-106,-6.75,0.000000,0.000000
07:26:57,487,-31.979303,115.816597,250000,5,916040000,8,20,-110,-130,-6.50,0.000000,0.000000
07:26:58,488,-31.979294,115.816620,250000,5,916040000,8,20,-111,-111,-7.25,0.000000,0.000000
07:26:59,490,-31.979311,115.816620,250000,5,916040000,8,20,-112,-130,-11.75,0.000000,0.000000
07:27:05,492,-31.979301,115.816620,250000,5,916040000,8,20,-110,-105,-8.00,0.000000,0.000000
07:27:05,495,-31.979292,115.816620,250000,5,916040000,8,20,-112,-130,-10.75,0.000000,0.000000
07:27:17,500,-31.979431,115.816765,250000,5,916040000,8,20,-111,-106,-11.25,0.000000,0.000000
07:27:18,502,0aK_câ¸®nâ¸®â¸®â¸®[,/Õ®â¸®â¸®,250000,5,916040000,8,20,-112,-131,-14.75,0.000000,0.000000
07:27:25,505,-31.979223,115.817024,250000,5,916040000,8,20,-111,-106,-9.50,0.000000,0.000000
07:27:26,506,-31.979172,115.817070,250000,5,916040000,8,20,-109,-130,-4.00,0.000000,0.000000
07:27:28,507,-31.979172,115.817070,250000,5,916040000,8,20,-112,-130,-9.25,0.000000,0.000000
07:27:29,508,-31.979116,115.817108,250000,5,916040000,8,20,-109,-130,-8.75,0.000000,0.000000
07:27:31,509,-31.979103,115.817116,250000,5,916040000,8,20,-111,-130,-8.75,0.000000,0.000000
07:27:33,510,-31.979088,115.817131,250000,5,916040000,8,20,-110,-130,-6.75,0.000000,0.000000
07:27:33,511,-31.979074,115.817139,250000,5,916040000,8,20,-110,-106,-3.00,0.000000,0.000000
07:27:36,512,-31.979057,115.817154,250000,5,916040000,8,20,-111,-130,-5.00,0.000000,0.000000
07:27:36,513,-31.979025,115.817169,250000,5,916040000,8,20,-110,-106,-7.25,0.000000,0.000000
07:27:39,514,-31.979004,115.817177,250000,5,916040000,8,20,-111,-130,-10.50,0.000000,0.000000
07:27:40,515,-31.â¸®â¸®8581,=â¸®5â¸®8=7192,250000,5,916040000,8,20,-110,-130,-13.25,0.000000,0.000000
07:27:42,516,3.250000,115.817192,250000,5,916040000,8,20,-110,-111,-10.00,0.000000,0.000000
07:27:42,517,-31.978930,115.817207,250000,5,916040000,8,20,-111,-130,-11.50,0.000000,0.000000
07:27:45,518,-31.978926,115.817215,250000,5,916040000,8,20,-110,-106,-6.50,0.000000,0.000000
07:27:47,519,-31.978914,115.817238,250000,5,916040000,8,20,-111,-130,-8.25,0.000000,0.000000
07:27:48,520,-31.978907,115.817253,250000,5,916040000,8,20,-112,-102,-8.75,0.000000,0.000000
07:27:50,521,-31.978901,115.817268,250000,5,916040000,8,20,-111,-130,-8.25,0.000000,0.000000
07:27:53,523,-31.978891,115.817291,250000,5,916040000,8,20,-112,-112,-8.50,0.000000,0.000000
07:27:54,524,-31.978861,115.817299,250000,5,916040000,8,20,-111,-110,-10.00,0.000000,0.000000
07:27:56,525,-31.978861,115.817299,250000,5,916040000,8,20,-109,-130,-11.25,0.000000,0.000000
07:27:57,526,-31.978834,115.817322,250000,5,916040000,8,20,-111,-112,-4.75,0.000000,0.000000
07:27:59,527,-31.978828,115.817329,250000,5,916040000,8,20,-110,-113,-9.25,0.000000,0.000000
07:28:04,530,-31.978773,115.817383,250000,5,916040000,8,20,-110,-130,-5.00,0.000000,0.000000
07:28:07,532,-31.978794,115.817451,250000,5,916040000,8,20,-110,-130,-7.50,0.000000,0.000000
07:28:10,534,-31.â¸®7dn?>,115+8q5535,250000,5,916040000,8,20,-111,-130,-13.00,0.000000,0.000000
07:28:11,535,-31.978745,115.817589,250000,5,916040000,8,20,-110,-130,-1.75,0.000000,0.000000
07:28:13,536,-31.Izâ¸®â¸®j1ya15.817612,250000,5,916040000,8,20,-110,-130,-11.00,0.000000,0.000000
07:28:15,537,-31.978724,115.817642,250000,5,916040000,8,20,-111,-131,-9.25,0.000000,0.000000
07:28:18,539,-31.978712,115.817673,250000,5,916040000,8,20,-110,-111,-6.00,0.000000,0.000000
07:28:18,540,-31.978609,15.8!$=%,250000,5,916040000,8,20,-111,-105,-13.50,0.000000,0.000000
07:28:21,541,-31.978609,115.817757,250000,5,916040000,8,20,-108,-108,-2.75,0.000000,0.000000
07:28:24,543,-31.978504,115.817841,250000,5,916040000,8,20,-107,-132,-1.00,0.000000,0.000000
07:28:27,545,-31.978428,115.817940,250000,5,916040000,8,20,-110,-130,-7.00,0.000000,0.000000
07:28:30,547,-31.978399,115.818016,250000,5,916040000,8,20,-110,-130,-6.00,0.000000,0.000000
07:28:32,548,-31.978399,115.818016,250000,5,916040000,8,20,-111,-130,-6.50,0.000000,0.000000
07:28:33,551,-31.978426,115.818092,250000,5,916040000,8,20,-111,-130,-4.25,0.000000,0.000000
07:28:38,552,â¸®â¸®â¸®&78434,115.818100,250000,5,916040000,8,20,-112,-106,-10.75,0.000000,0.000000
07:28:39,553,-31.978441,115.818130,250000,5,916040000,8,20,-111,-130,-8.75,0.000000,0.000000
07:28:40,560,-31.978533,115.81819),250000,5,916040000,8,20,-110,-108,-13.25,0.000000,0.000000
07:30:24,620 
71j950ceâ¸®â¸®â¸®â¸®!,â¸®,250000,5,916040000,8,20,-112,-130,-14.25,0.000000,0.000000
07:30:24,621,-31.979088,115.817413,250000,5,916040000,8,20,-112,-106,-10.25,0.000000,0.000000
07:30:27,622,-31.979088,115.817406,250000,5,916040000,8,20,-110,-107,-5.75,0.000000,0.000000
07:30:32,625,-31.979071,115.817360,250000,5,916040000,8,20,-109,-108,-5.00,0.000000,0.000000
07:30:32,626,-31.979057,115.817352,250000,5,916040000,8,20,-110,-106,-3.25,0.000000,0.000000
07:30:35,627,-31.979057,115.817352,250000,5,916040000,8,20,-110,-130,-7.25,0.000000,0.000000
07:30:35,628,-31.979004,115.817352,250000,5,916040000,8,20,-111,-108,-1.75,0.000000,0.000000
07:30:38,629,-31.979004,115.817352,250000,5,916040000,8,20,-111,-131,-6.75,0.000000,0.000000
07:30:39,630,-31.978947,115.817352,250000,5,916040000,8,20,-110,-106,-12.00,0.000000,0.000000
07:30:41,631,-31.978930,115.817352,250000,5,916040000,8,20,-112,-105,-6.00,0.000000,0.000000
07:30:43,632,-31.978914,115.817345,250000,5,916040000,8,20,-109,-131,-6.25,0.000000,0.000000
07:30:43,635,-31.978876,115.817322,250000,5,916040000,8,20,-111,-131,-10.25,0.000000,0.000000
07:30:49,636,-31.978876,115.817322,250000,5,916040000,8,20,-111,-130,-4.50,0.000000,0.000000
07:30:50,637,-31.978867,115.817314,250000,5,916040000,8,20,-111,-130,-6.50,0.000000,0.000000
07:30:52,638,-31.978867,115.817314,250000,5,916040000,8,20,-110,-130,-3.50,0.000000,0.000000
07:30:53,639,-31.978832,115.817307,250000,5,916040000,8,20,-109,-130,-0.75,0.000000,0.000000
07:30:55,640,-31.978807,115.817307,250000,5,916040000,8,20,-111,-130,-9.75,0.000000,0.000000
07:30:57,641,-31.978802,115.817307,250000,5,916040000,8,20,-111,-130,-3.75,0.000000,0.000000
07:30:58,642,-31.978794,115.817307,250000,5,916040000,8,20,-108,-107,0.25,0.000000,0.000000
07:30:59,643,-31.978771,115.817314,250000,5,916040000,8,20,-110,-107,-3.50,0.000000,0.000000
07:31:00,644,-31.978743,115.817329,250000,5,916040000,8,20,-111,-106,-5.00,0.000000,0.000000
07:31:03,645,-31.978743,115.817329,250000,5,916040000,8,20,-110,-130,-4.50,0.000000,0.000000
07:31:04,646,-31.978704,115.817352,250000,5,916040000,8,20,-110,-104,-2.00,0.000000,0.000000
07:31:06,647,-31.978704,115.817352,250000,5,916040000,8,20,-111,-112,-7.75,0.000000,0.000000
07:31:09,649,-31.978657,115.817390,250000,5,916040000,8,20,-112,-111,-7.50,0.000000,0.000000
07:31:11,650,-31.978643,115.817406,250000,5,916040000,8,20,-111,-130,-8.00,0.000000,0.000000
07:31:12,651,-31.978638,115.81741,250000,5,916040000,8,20,-112,-107,-12.25,0.000000,0.000000
07:31:14,652,-31.978609,115.817429,250000,5,916040000,8,20,-112,-130,-8.50,0.000000,0.000000
07:31:14,653,-31.978582,115.817444,250000,5,916040000,8,20,-112,-113,-10.00,0.000000,0.000000
07:31:17,654,-31.978582,115.817444,250000,5,916040000,8,20,-111,-130,-5.50,0.000000,0.000000
07:31:18,655,-31.978571,115.817474,250000,5,916040000,8,20,-110,-130,-2.75,0.000000,0.000000
07:31:20,656,-S1.93|571,115.8aga21,250000,5,916040000,8,20,-111,-130,-13.25,0.000000,0.000000
07:31:21,657,-31.978535,115.817513,250000,5,916040000,8,20,-112,-130,-9.00,0.000000,0.000000
07:31:23,658,-31.978539,115.817528,250000,5,916040000,8,20,-112,-113,-6.25,0.000000,0.000000
07:31:24,660,-31.978518,115.817574,250000,5,916040000,8,20,-110,-130,-2.25,0.000000,0.000000
07:31:28,661,-31.978510,115.817604,250000,5,916040000,8,20,-110,-130,-7.25,0.000000,0.000000
07:31:31,663,-31.978516,115.817642,250000,5,916040000,8,20,-111,-130,-10.25,0.000000,0.000000
07:31:32,664,-31.978523,115.817696,250000,5,916040000,8,20,-110,-107,-4.75,0.000000,0.000000
07:31:34,665,MYâ¸®â¸®378523,115.817696,250000,5,916040000,8,20,-112,-130,-9.50,0.000000,0.000000
07:31:35,V00,+31.9785â¸®â¸®â¸®â¸®â¸®<Mâ¸®â¸®6$,250000,5,916040000,8,20,-111,-130,-14.50,0.000000,0.000000
07:31:37,667,-31.978521,115.81778',250000,5,916040000,8,20,-111,-130,-12.25,0.000000,0.000000
07:31:38,671,-31.978502,115.817955,250000,5,916040000,8,20,-111,-110,-11.50,0.000000,0.000000
07:31:45,672,-31.978502,115.817955,250000,5,916040000,8,20,-109,-130,-3.00,0.000000,0.000000
07:31:46,673,-31.978468,115.818031,250000,5,916040000,8,20,-110,-106,-10.25,0.000000,0.000000
07:31:48,674,-31.978468,115.818031,250000,5,916040000,8,20,-109,-130,-1.50,0.000000,0.000000
07:31:48,675,-31.978418,115.818108,250000,5,916040000,8,20,-110,-103,-2.50,0.000000,0.000000
07:31:51,676,-31.978407,115.818123,250000,5,916040000,8,20,-110,-107,-5.25,0.000000,0.000000
07:31:53,677,-31.978394,115.818169,250000,5,916040000,8,20,-108,-130,-0.75,0.000000,0.000000
07:31:54,678,-31.978401,115.818184,250000,5,916040000,8,20,-110,-108,-1.00,0.000000,0.000000
07:31:56,679,-31.978403,115.818199,250000,5,916040000,8,20,-111,-131,-11.00,0.000000,0.000000
07:31:56,680,-31.978395,115.818253,250000,5,916040000,8,20,-111,-106,-4.50,0.000000,0.000000
07:31:59,681,-31.978395,115.818253,250000,5,916040000,8,20,-112,-130,-7.00,0.000000,0.000000
07:32:00,682,-31.978367,1!-/85829x,250000,5,916040000,8,20,-111,-106,-13.50,0.000000,0.000000
07:32:02,683,-31.978367,115.818298,250000,5,916040000,8,20,-110,-130,-9.25,0.000000,0.000000
07:32:05,685,-31.9783â¸®â¸®Ä¿55.818336,250000,5,916040000,8,20,-110,-130,-7.25,0.000000,0.000000
07:32:06,689,-31.â¸®6 â¸®â¸®jâ¸®pirRN7È—,250000,5,916040000,8,20,-111,-111,-14.25,0.000000,0.000000
07:32:16,692,-31.Y18â¸®84,115.818390,250000,5,916040000,8,20,-111,-130,-10.75,0.000000,0.000000
07:32:17,725,â¸®â¸®m~9')1â¸®xâ¸®â¸®}hâ¸®â¸®Tâ¸®â¸®â¸®,250000,5,916040000,8,20,-113,-109,-14.00,0.000000,0.000000
07:33:09,726,-31.978029,115.818497,250000,5,916040000,8,20,-111,-130,-7.50,0.000000,0.000000
07:33:10,727,-31.978107,115.818466,250000,5,916040000,8,20,-112,-108,-3.50,0.000000,0.000000
07:33:12,728,-31.978163,115.818466,250000,5,916040000,8,20,-110,-106,-5.25,0.000000,0.000000
07:33:14,729,-31.978233,115.818459,250000,5,916040000,8,20,-111,-112,-11.75,0.000000,0.000000
07:33:15,730,-31.978258,115.818443,250000,5,916040000,8,20,-109,-130,-2.00,0.000000,0.000000
07:33:17,731,-31.978271,115.818436,250000,5,916040000,8,20,-112,-130,-6.25,0.000000,0.000000
07:33:18,732,-31.978262,115.818405,250000,5,916040000,8,20,-111,-107,-4.25,0.000000,0.000000
07:33:20,733,-31.978262,115.818405,250000,5,916040000,8,20,-113,-130,-9.75,0.000000,0.000000
07:33:21,734,-31.978258,115.818352,250000,5,916040000,8,20,-112,-130,-6.00,0.000000,0.000000
07:33:23,735,-31.978258,115.818352,250000,5,916040000,8,20,-111,-130,-6.50,0.000000,0.000000
07:33:24,736,-31.978224,115.818321,250000,5,916040000,8,20,-112,-130,-6.50,0.000000,0.000000
07:33:26,04/.31.978214,115.818321,250000,5,916040000,8,20,-110,-108,-8.75,0.000000,0.000000
07:33:28,738,-31.978199,115.818314,250000,5,916040000,8,20,-110,-130,-2.50,0.000000,0.000000
07:33:28,739,-31.978182,115.818306,250000,5,916040000,8,20,-112,-109,-10.25,0.000000,0.000000
07:33:31,740,-31.978157,115.818306,250000,5,916040000,8,20,-110,-110,-3.75,0.000000,0.000000
07:33:31,741,-31.978136,115.818306,250000,5,916040000,8,20,-111,-107,-3.50,0.000000,0.000000
07:33:34,g42,}â¸®yâ¸®=2 \225.;28306,250000,5,916040000,8,20,-112,-130,-11.75,0.000000,0.000000
07:33:34,743,-31.978085,115.818306,250000,5,916040000,8,20,-112,-106,-7.50,0.000000,0.000000
07:33:37,744,-31.978085,115.818306,250000,5,916040000,8,20,-112,-111,-5.50,0.000000,0.000000
07:33:38,745,-t>5*â¸®39,1â¸®;y1ISâ¸®,250000,5,916040000,8,20,-112,-131,-14.25,0.000000,0.000000
07:33:40,746,-31.978010,115.818306,250000,5,916040000,8,20,-111,-107,-2.25,0.000000,0.000000
07:33:41,748,-31.978004,115.818298,250000,5,916040000,8,20,-112,-130,-9.50,0.000000,0.000000
07:33:45,749,-31.977982,115.818306,250000,5,916040000,8,20,-112,-130,-8.75,0.000000,0.000000
07:33:45,750,-31.977968,115.818306,250000,5,916040000,8,20,-112,-130,-5.25,0.000000,0.000000
07:33:47,752,-31.977926,115.818314,250000,5,916040000,8,20,-110,-130,-9.50,0.000000,0.000000
07:33:51,753,-31.977926,115.818314,250000,5,916040000,8,20,-111,-130,-5.75,0.000000,0.000000
07:33:52,754,-31.977890,115.818298,250000,5,916040000,8,20,-112,-130,-12.00,0.000000,0.000000
07:33:54,755,-31.977882,115.818291,250000,5,916040000,8,20,-111,-105,-7.50,0.000000,0.000000
07:33:56,756,-31.977873,115.818275,250000,5,916040000,8,20,-111,-130,-7.50,0.000000,0.000000
07:33:56,757,-31.977871,115.818268,250000,5,916040000,8,20,-111,-112,-5.50,0.000000,0.000000
07:33:59,758,-31.977863,115.818268,250000,5,916040000,8,20,-112,-130,-6.25,0.000000,0.000000
07:34:00,759,-31.977856,115.818237,250000,5,916040000,8,20,-112,-108,-10.00,0.000000,0.000000
07:34:02,760,-31.977856,115.818237,250000,5,916040000,8,20,-110,-130,-6.75,0.000000,0.000000
07:34:03,761,-31.977865,115.818207,250000,5,916040000,8,20,-112,-107,-8.00,0.000000,0.000000
07:34:05,762,-31.977865,115.818207,250000,5,916040000,8,20,-112,-130,-5.75,0.000000,0.000000
07:34:06,763,-31.977867,115.818184,250000,5,916040000,8,20,-111,-130,-4.25,0.000000,0.000000
07:34:08,764,-31.977863,115.818184,250000,5,916040000,8,20,-110,-106,-1.75,0.000000,0.000000
07:34:10,765,-31.977859,115.818161,250000,5,916040000,8,20,-111,-131,-6.00,0.000000,0.000000
07:34:10,766,-31.977846,115.818146,250000,5,916040000,8,20,-108,-106,-0.50,0.000000,0.000000
07:34:13,767,-31.977846,115.818146,250000,5,916040000,8,20,-108,-130,2.25,0.000000,0.000000
07:34:13,768,-31.977840,115.818100,250000,5,916040000,8,20,-109,-111,-0.50,0.000000,0.000000
07:34:16,769,-31.977840,115.818100,250000,5,916040000,8,20,-110,-130,-4.50,0.000000,0.000000
07:34:17,770,-31.977831,115.818069,250000,5,916040000,8,20,-111,-112,-5.00,0.000000,0.000000
07:34:19,771,-31.977831,115.818069,250000,5,916040000,8,20,-112,-112,-4.25,0.000000,0.000000
07:34:20,772,-31.977808,115.818024,250000,5,916040000,8,20,-111,-111,-5.00,0.000000,0.000000
07:34:22,773,-31.977798,115.818008,250000,5,916040000,8,20,-109,-103,-0.75,0.000000,0.000000
07:34:23,774,-31.977787,115.817978,250000,5,916040000,8,20,-109,-111,0.75,0.000000,0.000000
07:34:24,775,-31.977777,115.817955,250000,5,916040000,8,20,-106,-108,2.75,0.000000,0.000000
07:34:27,776,-31.977777,115.817955,250000,5,916040000,8,20,-110,-130,-2.50,0.000000,0.000000
07:34:27,777,-31.977753,115.817932,250000,5,916040000,8,20,-110,-112,-2.75,0.000000,0.000000
07:34:30,778,-31.977753,115.817932,250000,5,916040000,8,20,-107,-130,2.25,0.000000,0.000000
07:34:30,779,-31.977724,115.817917,250000,5,916040000,8,20,-108,-106,0.00,0.000000,0.000000
07:34:33,780,-31.977713,115.817917,250000,5,916040000,8,20,-106,-106,3.50,0.000000,0.000000
07:34:34,781,-31.977690,115.817932,250000,5,916040000,8,20,-109,-128,-0.75,0.000000,0.000000
07:34:36,782,-31.977694,115.817932,250000,5,916040000,8,20,-110,-106,-9.75,0.000000,0.000000
07:34:38,783,-31.YWQV84,1dâ¸®â¸®â¸®0,250000,5,916040000,8,20,-111,-130,-13.75,0.000000,0.000000
07:34:38,784,-31.977665,115.817932,250000,5,916040000,8,20,-109,-107,-3.25,0.000000,0.000000
07:34:41,785,-31.9776â¸®5â¸®e0<â¸®â¸®17932,250000,5,916040000,8,20,-111,-130,-12.00,0.000000,0.000000
07:34:41,786,-31.977627,115.817924,250000,5,916040000,8,20,-112,-106,-10.75,0.000000,0.000000
07:34:44,787,-31.977627,115.817924,250000,5,916040000,8,20,-109,-128,-7.75,0.000000,0.000000
07:34:47,789,-31.977573,115.817955,250000,5,916040000,8,20,-104,-130,6.50,0.000000,0.000000
07:34:49,790,-31.977518,115.818001,250000,5,916040000,8,20,-108,-128,0.00,0.000000,0.000000
07:34:50,791,-31.977501,115.818008,250000,5,916040000,8,20,-110,-110,-3.50,0.000000,0.000000
07:34:52,792,-31.977474,115.818031,250000,5,916040000,8,20,-108,-111,0.25,0.000000,0.000000
07:34:52,793,-31.977461,115.818039,250000,5,916040000,8,20,-109,-100,-0.25,0.000000,0.000000
07:34:55,794,-31.977461,115.818039,250000,5,916040000,8,20,-110,-129,-7.00,0.000000,0.000000
07:34:56,795,-31.977430,115.818069,250000,5,916040000,8,20,-104,-128,2.00,0.000000,0.000000
07:34:58,796,-31.977430,115.818069,250000,5,916040000,8,20,-109,-111,-0.75,0.000000,0.000000
07:34:59,797,-31.977434,115.818092,250000,5,916040000,8,20,-110,-128,-2.00,0.000000,0.000000
07:35:01,798,-31.977417,115.818100,250000,5,916040000,8,20,-103,-128,2.50,0.000000,0.000000
07:35:03,799,-31.977406,115.818115,250000,5,916040000,8,20,-104,-128,6.75,0.000000,0.000000
07:35:04,800,-31.977386,115.818130,250000,5,916040000,8,20,-109,-109,0.50,0.000000,0.000000
07:35:05,801,-31.977367,115.818138,250000,5,916040000,8,20,-107,-130,3.00,0.000000,0.000000
07:35:06,802,-31.977339,115.818146,250000,5,916040000,8,20,-100,-128,9.25,0.000000,0.000000
07:35:09,803,-31.977339,115.818146,250000,5,916040000,8,20,-104,-128,6.25,0.000000,0.000000
07:35:10,804,-31.977308,115.818169,250000,5,916040000,8,20,-108,-128,1.00,0.000000,0.000000
07:35:12,805,-31.977308,115.818169,250000,5,916040000,8,20,-105,-129,0.25,0.000000,0.000000
07:35:12,806,-31.977304,115.818184,250000,5,916040000,8,20,-104,-106,7.25,0.000000,0.000000
07:35:15,807,-31.977295,115.818192,250000,5,916040000,8,20,-108,-106,2.00,0.000000,0.000000
07:35:17,808,-31.977272,115.818207,250000,5,916040000,8,20,-101,-111,7.75,0.000000,0.000000
07:35:20,810,-31.977205,115.818230,250000,5,916040000,8,20,-107,-112,2.00,0.000000,0.000000
07:35:20,811,-31.977165,115.818214,250000,5,916040000,8,20,-108,-101,2.25,0.000000,0.000000
07:35:23,812,-31.977142,115.818214,250000,5,916040000,8,20,-106,-112,4.00,0.000000,0.000000
07:35:24,81#,-3!>96' 08,!05.81820g,250000,5,916040000,8,20,-111,-106,-13.00,0.000000,0.000000
07:35:48,828,-31.9768â¸®?$â¸®,8#(167,250000,5,916040000,8,20,-113,-128,-14.00,0.000000,0.000000
07:35:48,829,-s1nâ¸®7â¸®â¸®â¸®7,ac(]â¸®â¸®â¸®,250000,5,916040000,8,20,-113,-105,-14.50,0.000000,0.000000
07:35:51,830,-31.976835,115.818039,250000,5,916040000,8,20,-112,-111,-11.00,0.000000,0.000000
07:35:52,8s7,	9â¸®.â¸®â¸®â¸®=8,1â¸®â¸®$â¸®{Zâ¸®,250000,5,916040000,8,20,-113,-128,-14.50,0.000000,0.000000
07:36:02,837,-31.976721,115.817810,250000,5,916040000,8,20,-111,-130,-10.25,0.000000,0.000000
07:36:02,842,-31.7465,115.8_â¸®p7,250000,5,916040000,8,20,-112,-130,-12.50,0.000000,0.000000
07:36:16,846,-31.976648,115.817627,250000,5,916040000,8,20,-113,-130,-11.50,0.000000,0.000000
07:36:17,44.-31.â¸®7<<ucâ¸®â¸®uu*8uTSl,250000,5,916040000,8,20,-113,-105,-14.50,0.000000,0.000000
07:36:19,848,-31.976652,115.817612,250000,5,916040000,8,20,-112,-130,-7.50,0.000000,0.000000
07:36:20,849,-31.976665,115.817604,250000,5,916040000,8,20,-112,-130,-12.00,0.000000,0.000000
07:36:22,850,-31.976665,115.817604,250000,5,916040000,8,20,-113,-130,-10.75,0.000000,0.000000
07:36:23,851,-31.976669,115.817581,250000,5,916040000,8,20,-112,-130,-6.75,0.000000,0.000000
07:36:25,852,-31.976667,115.817566,250000,5,916040000,8,20,-113,-110,-12.00,0.000000,0.000000
07:36:27,853,-31.976665,115.817543,250000,5,916040000,8,20,-113,-130,-10.25,0.000000,0.000000
07:36:27,854,-31.976665,1â¸®â¸®bâ¸®â¸®,250000,5,916040000,8,20,-112,-111,-13.50,0.000000,0.000000
07:36:30,855,-31.976665,115.817513,250000,5,916040000,8,20,-112,-130,-5.25,0.000000,0.000000
07:36:30,856,-31.976637,115.817505,250000,5,916040000,8,20,-112,-106,-8.25,0.000000,0.000000
07:36:33,857,-31.976637,115.817505,250000,5,916040000,8,20,-112,-130,-4.75,0.000000,0.000000
07:36:34,858,-31.976604,115.817513,250000,5,916040000,8,20,-111,-108,-5.00,0.000000,0.000000
07:36:36,859,-31.976604,115.817513,250000,5,916040000,8,20,-112,-108,-11.25,0.000000,0.000000
07:36:38,860,-31.976572,115.817505,250000,5,916040000,8,20,-112,-109,-11.50,0.000000,0.000000
07:36:39,861,-31.976561,115.817497,250000,5,916040000,8,20,-112,-113,-10.00,0.000000,0.000000
07:36:41,862,-31.976536,115.817497,250000,5,916040000,8,20,-111,-130,-6.00,0.000000,0.000000
07:36:42,863,-31.976513,115.817490,250000,5,916040000,8,20,-110,-106,-5.00,0.000000,0.000000
07:36:44,864,-31.976500,115.817490,250000,5,916040000,8,20,-110,-131,-0.25,0.000000,0.000000
07:36:45,865,-31.976482,115.817482,250000,5,916040000,8,20,-110,-106,-3.75,0.000000,0.000000
07:36:46,867,-31.976448,115.817467,250000,5,916040000,8,20,-112,-106,-10.25,0.000000,0.000000
07:36:53,870,-31.976389,115.817459,250000,5,916040000,8,20,-111,-106,-7.25,0.000000,0.000000
07:36:55,(â¸®â¸®â¸®â¸®â¸®â¸®9â¸®~:kl41â¸®.8!â¸®â¸®â¸®4,250000,5,916040000,8,20,-111,-130,-13.25,0.000000,0.000000
07:36:55,874,-31.976307,115.817421,250000,5,916040000,8,20,-113,-130,-10.75,0.000000,0.000000
07:37:01,82ey-31.976307,11â¸®&045 1,250000,5,916040000,8,20,-109,-130,-11.75,0.000000,0.000000
07:37:02,876,â¸®â¸®â¸®.976269,115.817429,250000,5,916040000,8,20,-112,-105,-8.00,0.000000,0.000000
07:37:04,877,-31.976269,115.8a2dgâ¸®,250000,5,916040000,8,20,-112,-108,-13.75,0.000000,0.000000
07:37:07,879,-31.976265,115.817383,250000,5,916040000,8,20,-113,-108,-10.75,0.000000,0.000000
07:37:34,hlbKâ¸®â¸®_
Iâ¸®%â¸®xF
â¸®}7Gâ¸®â¸®â¸®,250000,5,916040000,8,20,-113,-130,-15.25,0.000000,0.000000
07:37:37,898,-31.976316,115.816933,250000,5,916040000,8,20,-112,-131,-9.50,0.000000,0.000000
07:37:37,899,-31.976313,115.815	1,250000,5,916040000,8,20,-112,-104,-13.00,0.000000,0.000000
07:37:40,900,-31.976315,115.816887,250000,5,916040000,8,20,-110,-130,0.00,0.000000,0.000000
07:37:41,901,-31.976316,115.816856,250000,5,916040000,8,20,-112,-106,-9.00,0.000000,0.000000
07:37:43,902,-31.976316,115.816856,250000,5,916040000,8,20,-112,-130,-9.25,0.000000,0.000000
07:37:44,903,-31.976326,115.816818,250000,5,916040000,8,20,-112,-130,-4.25,0.000000,0.000000
07:37:46,904,-31.976330,115.816795,250000,5,916040000,8,20,-112,-106,-6.25,0.000000,0.000000
07:37:47,905,-31.976336,115.816772,250000,5,916040000,8,20,-111,-130,-2.50,0.000000,0.000000
07:37:48,906,â¸®3â¸®â¸®17634â¸®â¸®=â¸®â¸®â¸®%â¸®/#/â¸®,250000,5,916040000,8,20,-113,-106,-14.50,0.000000,0.000000
07:37:51,9:â¸®â¸®Mâ¸®Qb?4â¸®Q3Wâ¸®11%}â¸®1e>51,250000,5,916040000,8,20,-112,-130,-10.25,0.000000,0.000000
07:37:51,908,-31.976347,115.816734,250000,5,916040000,8,20,-110,-106,-4.25,0.000000,0.000000
07:37:54,909,-31.976347,115.816734,250000,5,916040000,8,20,-110,-131,-1.75,0.000000,0.000000
07:37:54,910,-31.976355,115.816711,250000,5,916040000,8,20,-111,-106,-6.00,0.000000,0.000000
07:37:57,911,-31.976355,115.816711,250000,5,916040000,8,20,-110,-130,-1.25,0.000000,0.000000
07:37:58,912,-31.976376,115.816666,250000,5,916040000,8,20,-112,-130,-9.00,0.000000,0.000000
07:38:00,913,-31.976383,115.816650,250000,5,916040000,8,20,-111,-106,-4.25,0.000000,0.000000
07:38:02,914,-31.976397,115.816643,250000,5,916040000,8,20,-111,-108,-7.75,0.000000,0.000000
07:38:02,915,-31.976398,115.816635,250000,5,916040000,8,20,-111,-106,-10.50,0.000000,0.000000
07:38:05,916,-31.976410,115.816620,250000,5,916040000,8,20,-112,-131,-6.00,0.000000,0.000000
07:38:06,917,-31.976416,115.816589,250000,5,916040000,8,20,-113,-107,-9.75,0.000000,0.000000
07:38:07,919,-31.976437,115.8qr55A,250000,5,916040000,8,20,-112,-106,-13.50,0.000000,0.000000
07:38:11,920,-31.976437,115.816551,250000,5,916040000,8,20,-108,-130,2.25,0.000000,0.000000
07:38:12,921,-31.976465,115.816521,250000,5,916040000,8,20,-111,-130,-6.75,0.000000,0.000000
07:38:14,922,-31.976469,115.816505,250000,5,916040000,8,20,-110,-106,-0.25,0.000000,0.000000
07:38:16,923,-31.976484,115.816490,250000,5,916040000,8,20,-109,-130,-3.00,0.000000,0.000000
07:38:16,924,-31.976498,115.816475,250000,5,916040000,8,20,-106,-107,4.25,0.000000,0.000000
07:38:19,â¸®2â¸®,-31.97649â¸® â¸®=5â¸®â¸®16â¸®>5,250000,5,916040000,8,20,-109,-130,-8.25,0.000000,0.000000
07:38:20,926,-31.976503,115.816452,250000,5,916040000,8,20,-107,-112,3.25,0.000000,0.000000
07:38:22,927,-31.976503,115.816452,250000,5,916040000,8,20,-105,-112,6.25,0.000000,0.000000
07:38:23,928,-31.976532,115.816437,250000,5,916040000,8,20,-108,-112,1.75,0.000000,0.000000
07:38:25,929,-31.976532,115.816437,250000,5,916040000,8,20,-111,-130,-5.25,0.000000,0.000000
07:38:26,930,-31.976559,115.816444,250000,5,916040000,8,20,-105,-130,5.75,0.000000,0.000000
07:38:28,931,-31.976568,115.816452,250000,5,916040000,8,20,-108,-106,2.25,0.000000,0.000000
07:38:29,932,-31.976589,115.816452,250000,5,916040000,8,20,-104,-130,6.00,0.000000,0.000000
07:38:30,933,-31.976608,115.816452,250000,5,916040000,8,20,-106,-104,4.50,0.000000,0.000000
07:38:33,934,-31.976608,115.816452,250000,5,916040000,8,20,-102,-130,7.50,0.000000,0.000000
07:38:34,935,-31.976622,115.816460,250000,5,916040000,8,20,-104,-106,6.50,0.000000,0.000000
07:38:36,936,-31.976622,115.816460,250000,5,916040000,8,20,-102,-130,6.25,0.000000,0.000000
07:38:36,937,-31.976633,115.816467,250000,5,916040000,8,20,-95,-104,10.25,0.000000,0.000000
07:38:39,938,-31.976637,115.816467,250000,5,916040000,8,20,-96,-114,10.50,0.000000,0.000000
07:38:41,939,-31.976639,115.816483,250000,5,916040000,8,20,-92,-130,11.00,0.000000,0.000000
07:38:42,940,-31.976639,115.816490,250000,5,916040000,8,20,-93,-108,11.25,0.000000,0.000000
07:38:44,941,-31.976669,115.816498,250000,5,916040000,8,20,-101,-130,9.00,0.000000,0.000000
07:38:44,942,-31.976702,115.816498,250000,5,916040000,8,20,-96,-107,9.75,0.000000,0.000000
07:38:47,943,-31.976719,115.816498,250000,5,916040000,8,20,-103,-111,7.25,0.000000,0.000000
07:38:47,944,-31.976748,115.816505,250000,5,916040000,8,20,-103,-107,7.00,0.000000,0.000000
07:38:50,945,-31.976748,115.816505,250000,5,916040000,8,20,-101,-130,8.25,0.000000,0.000000
07:38:51,946,-31.976784,115.816505,250000,5,916040000,8,20,-107,-130,2.25,0.000000,0.000000
07:38:53,947,-31.976801,115.816505,250000,5,916040000,8,20,-109,-108,2.00,0.000000,0.000000
07:38:55,948,-31.976820,115.816490,250000,5,916040000,8,20,-105,-108,6.75,0.000000,0.000000
07:38:56,949,-31.976839,115.816490,250000,5,916040000,8,20,-104,-106,7.00,0.000000,0.000000
07:38:58,950,-31.976883,115.816490,250000,5,916040000,8,20,-103,-130,7.50,0.000000,0.000000
07:38:58,951,-31.976906,115.816490,250000,5,916040000,8,20,-103,-108,6.75,0.000000,0.000000
07:39:01,952,-31.976906,115.816490,250000,5,916040000,8,20,-95,-130,11.00,0.000000,0.000000
07:39:02,953,-31.976950,115.816498,250000,5,916040000,8,20,-101,-104,8.00,0.000000,0.000000
07:39:04,954,-31.976950,115.816498,250000,5,916040000,8,20,-98,-130,8.75,0.000000,0.000000
07:39:05,955,-31.976995,115.816498,250000,5,916040000,8,20,-96,-100,10.00,0.000000,0.000000
07:39:07,956,-31.977009,115.816505,250000,5,916040000,8,20,-97,-130,9.25,0.000000,0.000000
07:39:09,957,-31.977045,115.816505,250000,5,916040000,8,20,-101,-130,8.00,0.000000,0.000000
07:39:10,958,-31.977057,115.816505,250000,5,916040000,8,20,-94,-106,10.75,0.000000,0.000000
07:39:11,959,-31.977083,115.816513,250000,5,916040000,8,20,-102,-130,7.00,0.000000,0.000000
07:39:12,960,-31.977106,115.816513,250000,5,916040000,8,20,-101,-105,8.00,0.000000,0.000000
07:39:15,961,-31.977106,115.816513,250000,5,916040000,8,20,-92,-131,11.25,0.000000,0.000000
07:39:16,962,-31.977131,115.816521,250000,5,916040000,8,20,-102,-107,7.00,0.000000,0.000000
07:39:18,963,-31.977131,115.816521,250000,5,916040000,8,20,-97,-130,8.50,0.000000,0.000000
07:39:18,964,-31.977173,115.816528,250000,5,916040000,8,20,-90,-106,12.25,0.000000,0.000000
07:39:21,965,-31.977186,115.816521,250000,5,916040000,8,20,-87,-106,11.75,0.000000,0.000000
07:39:23,966,-31.977217,115.816521,250000,5,916040000,8,20,-105,-130,5.50,0.000000,0.000000
07:39:24,967,-31.977232,115.816528,250000,5,916040000,8,20,-98,-107,9.75,0.000000,0.000000
07:39:26,968,-31.977261,115.816528,250000,5,916040000,8,20,-89,-131,12.25,0.000000,0.000000
07:39:26,969,-31.977285,115.816528,250000,5,916040000,8,20,-92,-116,10.75,0.000000,0.000000
07:39:29,970,-31.977285,115.816528,250000,5,916040000,8,20,-89,-110,12.25,0.000000,0.000000
07:39:30,971,-31.977325,115.816513,250000,5,916040000,8,20,-85,-111,11.75,0.000000,0.000000
07:39:32,972,-31.977325,115.816513,250000,5,916040000,8,20,-86,-130,12.25,0.000000,0.000000
07:39:33,973,-31.977358,115.816460,250000,5,916040000,8,20,-97,-130,9.00,0.000000,0.000000
07:39:35,974,-31.977367,115.816444,250000,5,916040000,8,20,-86,-130,10.75,0.000000,0.000000
07:39:37,975,-31.977381,115.816406,250000,5,916040000,8,20,-94,-109,10.50,0.000000,0.000000
07:39:37,976,-31.977383,115.816391,250000,5,916040000,8,20,-91,-107,11.75,0.000000,0.000000
07:39:40,977,-31.977388,115.816360,250000,5,916040000,8,20,-92,-130,10.25,0.000000,0.000000
07:39:41,978,-31.977396,115.816330,250000,5,916040000,8,20,-100,-104,8.25,0.000000,0.000000
07:39:42,979,-31.977402,115.816307,250000,5,916040000,8,20,-100,-112,8.25,0.000000,0.000000
07:39:43,980,-31.977407,115.816269,250000,5,916040000,8,20,-94,-106,10.50,0.000000,0.000000
07:39:46,981,-31.977407,115.816269,250000,5,916040000,8,20,-98,-130,9.00,0.000000,0.000000
07:39:47,982,-31.977409,115.816269,250000,5,916040000,8,20,-96,-130,10.00,0.000000,0.000000
07:39:49,983,-31.977417,115.816277,250000,5,916040000,8,20,-91,-109,2.75,0.000000,0.000000
07:39:49,984,-31.977430,115.816292,250000,5,916040000,8,20,-92,-108,10.50,0.000000,0.000000
07:39:52,985,-31.977436,115.816299,250000,5,916040000,8,20,-97,-130,9.50,0.000000,0.000000
07:39:54,986,-31.977457,115.816315,250000,5,916040000,8,20,-97,-130,9.00,0.000000,0.000000
07:39:54,987,-31.977468,115.816330,250000,5,916040000,8,20,-94,-112,11.25,0.000000,0.000000
07:39:57,988,-31.977480,115.816345,250000,5,916040000,8,20,-92,-130,11.25,0.000000,0.000000
07:39:58,989,-31.977491,115.816353,250000,5,916040000,8,20,-90,-130,12.25,0.000000,0.000000
07:40:00,990,-31.977491,115.816353,250000,5,916040000,8,20,-93,-130,11.25,0.000000,0.000000
07:40:00,991,-31.977495,115.816368,250000,5,916040000,8,20,-90,-106,12.00,0.000000,0.000000
07:40:03,992,-31.977497,115.816376,250000,5,916040000,8,20,-98,-106,9.75,0.000000,0.000000
07:40:05,993,-31.977501,115.816383,250000,5,916040000,8,20,-92,-108,11.25,0.000000,0.000000
07:40:06,994,-31.977499,115.816383,250000,5,916040000,8,20,-100,-105,9.00,0.000000,0.000000
07:40:08,995,-31.977499,115.816383,250000,5,916040000,8,20,-92,-130,11.00,0.000000,0.000000
07:40:08,996,-31.977501,115.816391,250000,5,916040000,8,20,-92,-108,10.50,0.000000,0.000000
07:40:11,997,-31.977501,115.816391,250000,5,916040000,8,20,-94,-130,11.00,0.000000,0.000000
07:40:12,998,-31.977503,115.816399,250000,5,916040000,8,20,-93,-130,10.75,0.000000,0.000000
07:40:14,999,-31.977503,115.816399,250000,5,916040000,8,20,-92,-130,10.00,0.000000,0.000000
07:40:15,1000,-31.977499,115.816414,250000,5,916040000,8,20,-89,-131,12.00,0.000000,0.000000
07:40:17,1001,-31.977499,115.816414,250000,5,916040000,8,20,-90,-130,12.00,0.000000,0.000000
07:40:19,1002,-31.977499,115.816422,250000,5,916040000,8,20,-91,-112,12.00,0.000000,0.000000
07:40:19,1003,-31.977499,115.816422,250000,5,916040000,8,20,-98,-105,9.25,0.000000,0.000000
